Date,Open,High,Low,Close,Volume
2019-03-07 09:35:00,1237.0,1246.0,1237.0,1244.0,31266600.0
2019-03-07 09:40:00,1246.0,1251.0,1244.5,1245.0,33383500.0
2019-03-07 09:45:00,1244.0,1244.0,1240.0,1241.0,13249500.0
2019-03-07 09:50:00,1241.0,1244.99,1238.5,1242.0,61200600.0
2019-03-07 09:55:00,1242.0,1247.0,1241.0,1247.0,24353700.0
2019-03-07 10:00:00,1246.0,1247.0,1244.0,1246.0,16212800.0
2019-03-07 10:05:00,1244.0,1247.0,1241.0,1247.0,9257000.0
2019-03-07 10:10:00,1247.0,1247.01,1244.5,1245.0,13578900.0
2019-03-07 10:15:00,1245.99,1245.99,1242.0,1243.0,18270600.0
2019-03-07 10:20:00,1244.0,1246.0,1243.0,1246.0,13162900.0
2019-03-07 10:25:00,1246.0,1247.5,1245.24,1247.5,13252400.0
2019-03-07 10:30:00,1248.0,1248.0,1246.5,1246.5,21710600.0
2019-03-07 10:35:00,1246.0,1249.0,1244.0,1249.0,19868200.0
2019-03-07 10:40:00,1250.0,1254.0,1250.0,1254.0,18804900.0
2019-03-07 10:45:00,1254.0,1258.0,1254.0,1258.0,16682300.0
2019-03-07 10:50:00,1257.12,1259.5,1255.0,1255.0,26874400.0
2019-03-07 10:55:00,1255.0,1258.0,1255.0,1258.0,51365400.0
2019-03-07 11:00:00,1259.0,1259.0,1255.0,1257.0,23894100.0
2019-03-07 11:05:00,1258.0,1259.0,1256.5,1258.0,11529300.0
2019-03-07 11:10:00,1258.0,1259.5,1258.0,1258.0,9532900.0
2019-03-07 11:15:00,1257.0,1259.5,1256.38,1257.0,23572200.0
2019-03-07 11:20:00,1258.0,1259.0,1256.5,1256.5,7411300.0
2019-03-07 11:25:00,1257.0,1258.0,1256.0,1257.0,7102300.0
2019-03-07 11:30:00,1257.0,1257.5,1253.0,1253.0,12746500.0
2019-03-07 11:35:00,1253.5,1256.7,1253.5,1254.0,12974600.0
2019-03-07 11:40:00,1254.0,1254.0,1253.0,1253.0,11756200.0
2019-03-07 11:45:00,1253.0,1254.5,1253.0,1254.0,12699800.0
2019-03-07 11:50:00,1255.0,1255.0,1254.0,1254.5,3182100.0
2019-03-07 11:55:00,1255.0,1256.5,1255.0,1256.5,17352700.0
2019-03-07 12:00:00,1257.0,1258.0,1256.0,1257.0,9848800.0
2019-03-07 12:05:00,1257.99,1258.0,1256.0,1256.0,6998000.0
2019-03-07 12:10:00,1256.0,1257.0,1256.0,1257.0,4977700.0
2019-03-07 12:15:00,1257.32,1260.0,1257.0,1260.0,27796600.0
2019-03-07 12:20:00,1260.0,1261.0,1260.0,1260.0,67740300.0
2019-03-07 12:25:00,1260.2,1263.0,1260.2,1262.5,19977400.0
2019-03-07 12:30:00,1262.0,1262.0,1261.0,1261.5,21795500.0
2019-03-07 12:35:00,1261.5,1263.0,1261.0,1263.0,6978000.0
2019-03-07 12:40:00,1263.5,1264.5,1262.3100000000002,1264.5,7276200.0
2019-03-07 12:45:00,1264.5,1266.0,1263.0,1263.0,5200300.0
2019-03-07 12:50:00,1263.0,1263.5,1262.0,1263.0,4180700.0
2019-03-07 12:55:00,1263.0,1265.0,1263.0,1264.1,3031700.0
2019-03-07 13:00:00,1264.0,1264.0,1260.0,1260.0,5423100.0
2019-03-07 13:05:00,1259.0,1259.0,1258.29,1259.0,2722000.0
2019-03-07 13:10:00,1259.01,1259.01,1258.0,1259.0,2083300.0
2019-03-07 13:15:00,1258.5,1260.0,1258.0,1260.0,10240300.0
2019-03-07 13:20:00,1259.0,1260.0,1259.0,1259.3600000000001,1894200.0
2019-03-07 13:25:00,1259.5,1259.5,1257.5,1258.0,11293700.0
2019-03-07 13:30:00,1258.0,1259.0,1258.0,1259.0,5651500.0
2019-03-07 13:35:00,1260.0,1260.0,1257.0,1257.5,6830100.0
2019-03-07 13:40:00,1257.5,1258.5,1257.5,1258.5,17703500.0
2019-03-07 13:45:00,1258.5,1258.5,1257.5,1257.5,5642400.0
2019-03-07 13:50:00,1258.0,1261.0,1258.0,1261.0,13962100.0
2019-03-07 13:55:00,1261.0,1261.5,1260.0,1261.0,14857300.0
2019-03-07 14:00:00,1261.0,1262.5,1261.0,1262.5,5257900.0
2019-03-07 14:05:00,1262.5,1262.5,1260.5,1261.0,5512000.0
2019-03-07 14:10:00,1262.0,1263.0800000000002,1262.0,1263.0,6703200.0
2019-03-07 14:15:00,1263.0,1263.0,1261.5,1262.94,10842200.0
2019-03-07 14:20:00,1263.0,1263.0,1261.5,1261.5,4120900.0
2019-03-07 14:25:00,1261.0,1262.0,1260.5,1261.0,44016200.0
2019-03-07 14:30:00,1261.0,1262.0,1258.5,1258.5,22033900.0
2019-03-07 14:35:00,1258.0,1258.0,1255.0,1255.0,14950700.0
2019-03-07 14:40:00,1256.0,1257.0,1255.0,1255.0,9155800.0
2019-03-07 14:45:00,1255.0,1255.0,1254.0,1254.5,3571900.0
2019-03-07 14:50:00,1254.5,1255.0,1254.0,1254.0,1471800.0
2019-03-07 14:55:00,1254.0,1255.0,1252.5,1255.0,7690700.0
2019-03-07 15:00:00,1254.44,1255.0,1254.0,1254.0,3052100.0
2019-03-07 15:05:00,1254.0,1254.5,1253.0,1253.5,4471900.0
2019-03-07 15:10:00,1253.0,1256.0,1253.0,1255.5,5850600.0
2019-03-07 15:15:00,1255.5,1256.5,1255.0,1256.5,3765200.0
2019-03-07 15:20:00,1256.5,1257.0,1256.0,1256.75,7805700.0
2019-03-07 15:25:00,1257.0,1259.0,1257.0,1258.0,8827100.0
2019-03-07 15:30:00,1259.0,1260.0,1258.0,1258.5,13150400.0
2019-03-07 15:35:00,1258.0,1260.0,1257.0,1259.5,18705200.0
2019-03-07 15:40:00,1259.0,1259.0,1256.5,1256.5,5561000.0
2019-03-07 15:45:00,1256.0,1258.5,1256.0,1258.0,42779800.0
2019-03-07 15:50:00,1258.0,1261.0,1258.0,1259.5,21582700.0
2019-03-07 15:55:00,1259.5,1259.5,1258.0,1258.5,17542500.0
2019-03-07 16:00:00,1259.0,1262.0,1259.0,1262.0,79929900.0
2019-03-08 09:35:00,1288.0,1299.0,1287.01,1296.0,89180200.0
2019-03-08 09:40:00,1297.0,1300.0,1287.99,1288.0,54016700.0
2019-03-08 09:45:00,1286.0,1288.0,1281.0,1282.0,37935200.0
2019-03-08 09:50:00,1281.0,1283.0,1273.0,1274.0,48623800.0
2019-03-08 09:55:00,1272.0,1275.5,1269.0,1275.5,55219800.0
2019-03-08 10:00:00,1275.0,1276.0,1273.5,1274.5,91240900.0
2019-03-08 10:05:00,1274.5,1280.0,1273.0,1279.5,33903200.0
2019-03-08 10:10:00,1280.0,1280.0,1277.5,1278.0,14065100.0
2019-03-08 10:15:00,1278.0,1278.0,1275.0,1276.0,16641600.0
2019-03-08 10:20:00,1277.0,1278.0,1273.5,1274.0,12554500.0
2019-03-08 10:25:00,1274.0,1276.5,1271.0,1276.0,32761900.0
2019-03-08 10:30:00,1276.0,1279.0,1274.0,1279.0,22029800.0
2019-03-08 10:35:00,1278.0,1283.0,1277.0,1282.0,19230600.0
2019-03-08 10:40:00,1281.0,1281.0,1278.0,1280.0,31131400.0
2019-03-08 10:45:00,1279.5,1279.5,1275.0,1275.0,10763900.0
2019-03-08 10:50:00,1275.5,1276.0,1273.0,1274.0,17505900.0
2019-03-08 10:55:00,1274.0,1277.0,1274.0,1276.5,22488400.0
2019-03-08 11:00:00,1276.0,1277.0,1275.0,1276.0,5546600.0
2019-03-08 11:05:00,1277.0,1277.0,1275.0,1275.0,40528900.0
2019-03-08 11:10:00,1276.0,1279.0,1276.0,1278.5,14449300.0
2019-03-08 11:15:00,1278.0,1279.5,1276.5,1279.0,35468500.0
2019-03-08 11:20:00,1279.0,1280.0,1279.0,1280.0,6134800.0
2019-03-08 11:25:00,1279.0,1283.0,1279.0,1282.5,18409000.0
2019-03-08 11:30:00,1282.0,1282.5,1279.5,1279.5,14673200.0
2019-03-08 11:35:00,1279.0,1279.5,1276.0,1276.0,16568800.0
2019-03-08 11:40:00,1275.5,1277.5,1274.91,1276.0,20158200.0
2019-03-08 11:45:00,1275.5,1279.0,1275.5,1279.0,11759400.0
2019-03-08 11:50:00,1279.0,1280.0,1278.5,1279.5,3815500.0
2019-03-08 11:55:00,1280.0,1280.0,1279.0,1280.0,13575900.0
2019-03-08 12:00:00,1280.0,1283.0,1280.0,1282.0,6652100.0
2019-03-08 12:05:00,1280.5,1286.5,1280.5,1283.0,32762600.0
2019-03-08 12:10:00,1283.0,1283.0,1281.0,1281.73,17067700.0
2019-03-08 12:15:00,1282.0,1283.96,1282.0,1283.96,10253800.0
2019-03-08 12:20:00,1283.5,1283.5,1282.0,1283.0,7823000.0
2019-03-08 12:25:00,1283.0,1283.0,1282.0,1282.0,7341800.0
2019-03-08 12:30:00,1282.0,1282.0,1280.0,1280.5,4652100.0
2019-03-08 12:35:00,1280.0,1281.5,1280.0,1281.5,3261200.0
2019-03-08 12:40:00,1281.0,1283.0,1280.36,1283.0,20436400.0
2019-03-08 12:45:00,1283.0,1283.5,1282.0,1282.0,3903600.0
2019-03-08 12:50:00,1283.0,1283.0,1281.0,1282.0,15070800.0
2019-03-08 12:55:00,1282.5,1282.5,1282.0,1282.0,1199700.0
2019-03-08 13:00:00,1282.0,1283.0,1281.0,1283.0,4525600.0
2019-03-08 13:05:00,1283.0,1283.5,1282.0,1283.5,7536800.0
2019-03-08 13:10:00,1283.0,1283.0,1282.0,1282.5,2472300.0
2019-03-08 13:15:00,1282.0,1284.0,1282.0,1284.0,9897300.0
2019-03-08 13:20:00,1284.0,1285.0,1283.0,1284.99,7230600.0
2019-03-08 13:25:00,1284.0,1286.0,1284.0,1286.0,8627500.0
2019-03-08 13:30:00,1286.5,1286.5,1284.5,1285.0,9655900.0
2019-03-08 13:35:00,1285.5,1288.0,1285.5,1288.0,8788600.0
2019-03-08 13:40:00,1288.0,1289.0,1288.0,1289.0,5872100.0
2019-03-08 13:45:00,1289.0,1289.5,1288.0,1288.0,12859300.0
2019-03-08 13:50:00,1288.0,1289.0,1288.0,1288.5,12024000.0
2019-03-08 13:55:00,1288.0,1290.0,1288.0,1289.5,11416400.0
2019-03-08 14:00:00,1289.0,1289.5,1287.0,1287.0,82100900.0
2019-03-08 14:05:00,1287.0,1287.5,1286.0,1286.5,13274900.0
2019-03-08 14:10:00,1286.0,1286.5,1283.0,1283.0,13364800.0
2019-03-08 14:15:00,1283.0,1285.5,1282.0,1284.5,21106100.0
2019-03-08 14:20:00,1284.0,1284.0,1283.0,1283.0,4254800.0
2019-03-08 14:25:00,1284.0,1286.0,1283.0,1285.0,21590200.0
2019-03-08 14:30:00,1285.0,1286.0,1285.0,1286.0,6713200.0
2019-03-08 14:35:00,1285.5,1286.0,1285.0,1285.5,8078900.0
2019-03-08 14:40:00,1285.5,1287.0,1285.0,1287.0,16654300.0
2019-03-08 14:45:00,1287.0,1290.0,1287.0,1289.5,15965400.0
2019-03-08 14:50:00,1289.5,1290.0,1288.5,1288.5,17391000.0
2019-03-08 14:55:00,1289.0,1291.0,1286.99,1286.99,30276600.0
2019-03-08 15:00:00,1287.0,1288.0,1287.0,1287.5,8015500.0
2019-03-08 15:05:00,1288.0,1290.0,1287.5,1290.0,11937600.0
2019-03-08 15:10:00,1289.5,1290.0,1288.0,1288.0,13555200.0
2019-03-08 15:15:00,1288.5,1289.0,1287.0,1287.5,10702300.0
2019-03-08 15:20:00,1287.0,1288.0,1287.0,1287.0,18723800.0
2019-03-08 15:25:00,1287.5,1290.0,1287.5,1289.5,23004300.0
2019-03-08 15:30:00,1289.5,1289.5,1288.0,1288.0,29599400.0
2019-03-08 15:35:00,1288.0,1289.0,1287.0,1289.0,19858400.0
2019-03-08 15:40:00,1288.5,1290.0,1288.0,1288.5,29040000.0
2019-03-08 15:45:00,1288.99,1290.0,1288.01,1289.0,23552200.0
2019-03-08 15:50:00,1289.0,1289.0,1288.0,1288.0,35144100.0
2019-03-08 15:55:00,1289.0,1291.0,1288.0,1291.0,47148900.0
2019-03-08 16:00:00,1291.0,1294.0,1290.0,1294.0,161676100.0
2019-03-11 09:35:00,1326.0,1348.0,1325.0,1325.0,230183900.0
2019-03-11 09:40:00,1324.0,1338.5,1321.0,1335.0,109942200.0
2019-03-11 09:45:00,1334.0,1340.0,1333.0,1340.0,126167300.0
2019-03-11 09:50:00,1339.0,1341.0,1326.0,1328.0,189976300.0
2019-03-11 09:55:00,1328.0,1333.0,1325.0,1330.0,69139400.0
2019-03-11 10:00:00,1329.0,1329.0,1324.0,1326.5,59503200.0
2019-03-11 10:05:00,1327.0,1335.0,1327.0,1335.0,50232800.0
2019-03-11 10:10:00,1335.0,1337.1499999999999,1329.1000000000001,1329.1000000000001,63909200.0
2019-03-11 10:15:00,1329.0,1331.0,1327.0,1328.0,42877200.0
2019-03-11 10:20:00,1328.0,1331.0,1328.0,1330.0,36585000.0
2019-03-11 10:25:00,1330.0,1332.0,1327.0,1327.0,28419700.0
2019-03-11 10:30:00,1328.0,1330.5,1321.0,1321.0,39147400.0
2019-03-11 10:35:00,1321.0,1322.0,1316.0,1317.0,40692300.0
2019-03-11 10:40:00,1316.0,1320.0,1312.5,1312.5,44586000.0
2019-03-11 10:45:00,1314.0,1314.0,1308.0,1308.0,37799900.0
2019-03-11 10:50:00,1309.0,1309.0,1302.0,1306.0,48750300.0
2019-03-11 10:55:00,1306.0,1312.0,1305.0,1310.0,44429500.0
2019-03-11 11:00:00,1311.1000000000001,1315.5,1311.1000000000001,1315.0,28055500.0
2019-03-11 11:05:00,1314.5,1320.0,1314.0,1317.0,44290000.0
2019-03-11 11:10:00,1317.0,1319.5,1314.5,1318.0,22133800.0
2019-03-11 11:15:00,1317.0,1317.0,1313.0,1314.0,20478300.0
2019-03-11 11:20:00,1313.0,1313.0,1310.0,1311.0,13517400.0
2019-03-11 11:25:00,1312.0,1313.5,1311.0,1311.5,21024100.0
2019-03-11 11:30:00,1312.5,1312.5,1309.0,1310.5,16496100.0
2019-03-11 11:35:00,1311.0,1313.5,1310.5,1313.0,24662200.0
2019-03-11 11:40:00,1312.78,1314.0,1311.0,1311.74,20656200.0
2019-03-11 11:45:00,1312.0,1313.0,1311.0,1312.0,16524900.0
2019-03-11 11:50:00,1311.5,1313.0,1311.0,1311.0,16590000.0
2019-03-11 11:55:00,1312.0,1313.0,1311.5,1311.99,18211200.0
2019-03-11 12:00:00,1311.5,1312.0,1310.0,1310.0,34690900.0
2019-03-11 12:05:00,1310.5,1312.0,1310.5,1311.0,17115600.0
2019-03-11 12:10:00,1312.0,1312.0,1310.5,1310.58,7186700.0
2019-03-11 12:15:00,1311.0,1311.0,1307.5,1310.5,13715700.0
2019-03-11 12:20:00,1310.5,1312.0,1309.0,1312.0,11184500.0
2019-03-11 12:25:00,1312.0,1312.0,1307.5,1307.5,12818600.0
2019-03-11 12:30:00,1308.0,1308.0,1303.0,1303.0,20466100.0
2019-03-11 12:35:00,1303.0,1308.0,1303.0,1308.0,19612700.0
2019-03-11 12:40:00,1308.5,1310.0,1307.5,1307.5,36007800.0
2019-03-11 12:45:00,1308.0,1308.0,1305.0,1306.5,18482900.0
2019-03-11 12:50:00,1306.5,1308.0,1305.0,1307.5,16504400.0
2019-03-11 12:55:00,1307.5,1308.0,1307.3,1308.0,3882000.0
2019-03-11 13:00:00,1307.5,1309.0,1306.0,1306.5,18894400.0
2019-03-11 13:05:00,1306.5,1307.0,1305.0,1307.0,14255200.0
2019-03-11 13:10:00,1307.0,1307.0,1304.5,1306.0,20504800.0
2019-03-11 13:15:00,1306.0,1309.0,1304.5,1305.0,18506400.0
2019-03-11 13:20:00,1305.5,1309.0,1305.0,1306.0,11023800.0
2019-03-11 13:25:00,1306.0,1308.0,1305.5,1308.0,8345100.0
2019-03-11 13:30:00,1308.0,1308.0,1305.0,1306.5,11820600.0
2019-03-11 13:35:00,1306.5,1309.0,1306.5,1307.0,12456100.0
2019-03-11 13:40:00,1307.0,1310.0,1307.0,1310.0,7097700.0
2019-03-11 13:45:00,1309.5,1311.0,1309.0,1310.5,15584500.0
2019-03-11 13:50:00,1311.0,1312.0,1310.0,1310.0,6225200.0
2019-03-11 13:55:00,1309.0,1312.0,1309.0,1311.5,10724400.0
2019-03-11 14:00:00,1312.0,1313.5,1311.5,1311.5,14875100.0
2019-03-11 14:05:00,1312.0,1314.0,1310.5,1314.0,17058300.0
2019-03-11 14:10:00,1313.5,1317.0,1313.5,1316.0,21133200.0
2019-03-11 14:15:00,1317.0,1317.0,1315.0,1315.0,5304300.0
2019-03-11 14:20:00,1316.0,1317.0,1315.5,1316.5,12772700.0
2019-03-11 14:25:00,1316.5,1318.0,1316.0,1317.0,20478700.0
2019-03-11 14:30:00,1317.0,1317.5,1316.0,1316.5,6318400.0
2019-03-11 14:35:00,1316.0,1318.5,1315.5,1318.0,14863900.0
2019-03-11 14:40:00,1318.0,1318.0,1316.0,1316.0,11332200.0
2019-03-11 14:45:00,1316.5,1318.0,1315.0,1318.0,9854400.0
2019-03-11 14:50:00,1317.5,1318.0,1314.0,1314.0,9752600.0
2019-03-11 14:55:00,1314.5,1314.5,1312.5,1312.5,11160300.0
2019-03-11 15:00:00,1312.5,1314.0,1312.0,1313.5,11829000.0
2019-03-11 15:05:00,1313.5,1317.0,1312.5,1317.0,34978600.0
2019-03-11 15:10:00,1316.5,1317.0,1315.0,1315.0,9067600.0
2019-03-11 15:15:00,1315.0,1316.5,1314.0,1316.0,16239400.0
2019-03-11 15:20:00,1316.0,1316.0,1315.0,1315.5,7965200.0
2019-03-11 15:25:00,1315.0,1316.0,1315.0,1315.0,13437900.0
2019-03-11 15:30:00,1315.0,1316.0,1315.0,1315.5,8920000.0
2019-03-11 15:35:00,1316.0,1316.0,1313.0,1313.0,31298200.0
2019-03-11 15:40:00,1313.5,1314.0,1311.0,1311.0,13175900.0
2019-03-11 15:45:00,1311.5,1315.0,1311.5,1314.5,39779000.0
2019-03-11 15:50:00,1315.0,1316.0,1314.0,1316.0,28501500.0
2019-03-11 15:55:00,1316.0,1316.0,1314.0,1314.5,30871000.0
2019-03-11 16:00:00,1315.0,1321.0,1315.0,1319.0,115280700.0
2019-03-12 09:35:00,1318.0,1324.0,1316.0,1318.0,40749800.0
2019-03-12 09:40:00,1316.5,1323.0,1316.5,1321.0,26273700.0
2019-03-12 09:45:00,1321.0,1321.0,1319.0,1320.0,12353000.0
2019-03-12 09:50:00,1319.5,1324.0,1319.5,1324.0,34818000.0
2019-03-12 09:55:00,1324.0,1324.0,1317.0,1322.0,31897200.0
2019-03-12 10:00:00,1321.0,1322.0,1316.0,1316.5,14419200.0
2019-03-12 10:05:00,1317.0,1318.5,1312.5,1314.0,27783200.0
2019-03-12 10:10:00,1314.0,1317.0,1311.5,1315.0,25285800.0
2019-03-12 10:15:00,1315.0,1319.0,1314.0,1319.0,24220100.0
2019-03-12 10:20:00,1319.5,1321.5,1319.5,1320.0,39576700.0
2019-03-12 10:25:00,1320.0,1320.0,1314.5,1315.0,16090000.0
2019-03-12 10:30:00,1315.5,1318.0,1313.5,1318.0,17921800.0
2019-03-12 10:35:00,1318.5,1321.0,1316.0,1317.5,25497900.0
2019-03-12 10:40:00,1318.0,1319.0,1317.0,1319.0,9655400.0
2019-03-12 10:45:00,1319.5,1321.0,1317.0,1317.0,12974200.0
2019-03-12 10:50:00,1316.0,1318.46,1316.0,1318.0,8533200.0
2019-03-12 10:55:00,1317.5,1317.5,1314.0,1314.0,9714700.0
2019-03-12 11:00:00,1314.5,1316.9,1313.5,1315.0,12320800.0
2019-03-12 11:05:00,1315.5,1317.0,1313.5,1313.5,11930000.0
2019-03-12 11:10:00,1313.5,1317.0,1313.5,1315.5,17219100.0
2019-03-12 11:15:00,1316.0,1317.0,1316.0,1317.0,11836000.0
2019-03-12 11:20:00,1316.5,1317.0,1315.5,1315.5,6685800.0
2019-03-12 11:25:00,1315.5,1319.5,1314.5,1319.5,18119700.0
2019-03-12 11:30:00,1319.5,1322.5,1319.0,1321.5,14826600.0
2019-03-12 11:35:00,1321.6200000000001,1322.0,1320.0,1320.5,17932000.0
2019-03-12 11:40:00,1321.0,1324.0,1320.0,1322.58,14262400.0
2019-03-12 11:45:00,1322.16,1324.5,1321.0,1321.0,17685000.0
2019-03-12 11:50:00,1320.0,1321.5,1320.0,1321.0,12497300.0
2019-03-12 11:55:00,1320.0,1320.0,1316.5,1316.5,17273000.0
2019-03-12 12:00:00,1317.0,1317.5,1315.0,1315.5,13973500.0
2019-03-12 12:05:00,1315.5,1316.0,1314.0,1315.0,13596600.0
2019-03-12 12:10:00,1314.0,1317.0,1314.0,1316.0,12825400.0
2019-03-12 12:15:00,1315.5,1317.0,1314.5,1315.5,10994200.0
2019-03-12 12:20:00,1315.0,1315.0,1313.5,1315.0,9582200.0
2019-03-12 12:25:00,1315.0,1315.0,1310.0,1310.0,23312400.0
2019-03-12 12:30:00,1311.0,1311.5,1310.0,1311.0,16611400.0
2019-03-12 12:35:00,1311.0,1311.0,1308.5,1309.0,16589300.0
2019-03-12 12:40:00,1309.0,1311.0,1309.0,1310.5,11422800.0
2019-03-12 12:45:00,1310.5,1312.0,1310.5,1311.0,5628700.0
2019-03-12 12:50:00,1310.0,1311.0,1310.0,1310.0,6245000.0
2019-03-12 12:55:00,1310.0,1311.5,1307.5,1311.0,12599800.0
2019-03-12 13:00:00,1311.0,1311.0,1309.0,1310.0,7805900.0
2019-03-12 13:05:00,1310.0,1310.0,1308.0,1309.0,8809000.0
2019-03-12 13:10:00,1310.0,1311.0,1309.0,1310.0,8391500.0
2019-03-12 13:15:00,1309.99,1311.5,1309.99,1311.0,6438800.0
2019-03-12 13:20:00,1311.01,1312.0,1310.5,1312.0,4797800.0
2019-03-12 13:25:00,1311.5,1311.5,1310.5,1311.0,4393500.0
2019-03-12 13:30:00,1310.5,1310.5,1309.0,1309.5,8119300.0
2019-03-12 13:35:00,1309.5,1310.0,1309.0,1309.0,4528300.0
2019-03-12 13:40:00,1309.0,1311.0,1309.0,1310.5,8005200.0
2019-03-12 13:45:00,1310.5,1312.0,1310.5,1311.5,5568800.0
2019-03-12 13:50:00,1311.0,1311.0,1309.0,1309.53,19043800.0
2019-03-12 13:55:00,1308.0,1308.46,1307.0,1308.46,9367100.0
2019-03-12 14:00:00,1308.5,1309.0,1308.0,1308.5,3541300.0
2019-03-12 14:05:00,1308.0,1309.0,1308.0,1308.0,7939100.0
2019-03-12 14:10:00,1308.5,1314.0,1308.5,1314.0,41521100.0
2019-03-12 14:15:00,1313.0,1314.0,1311.5,1314.0,18636300.0
2019-03-12 14:20:00,1314.0,1314.5,1312.5,1314.0,10220900.0
2019-03-12 14:25:00,1313.5,1314.56,1313.0,1313.0,6794800.0
2019-03-12 14:30:00,1314.0,1315.5,1313.0,1314.5,22989700.0
2019-03-12 14:35:00,1314.16,1317.0,1314.16,1316.0,10636600.0
2019-03-12 14:40:00,1316.3600000000001,1318.0,1315.5,1316.0,10791300.0
2019-03-12 14:45:00,1316.0,1316.5,1314.5,1316.0,6801100.0
2019-03-12 14:50:00,1316.0,1318.0,1316.0,1317.5,23809400.0
2019-03-12 14:55:00,1317.5,1319.0,1317.0,1319.0,9080200.0
2019-03-12 15:00:00,1318.99,1320.0,1317.0,1317.0,14865700.0
2019-03-12 15:05:00,1317.0,1318.0,1316.0,1316.0,10299200.0
2019-03-12 15:10:00,1316.0,1317.0,1315.5,1316.0,22356700.0
2019-03-12 15:15:00,1316.0,1319.5,1316.0,1319.5,19802700.0
2019-03-12 15:20:00,1320.0,1321.0,1318.5,1318.5,25104700.0
2019-03-12 15:25:00,1318.0,1319.0,1316.0,1316.5,8748000.0
2019-03-12 15:30:00,1317.0,1318.3,1316.0,1318.3,8428000.0
2019-03-12 15:35:00,1319.0,1319.0,1318.0,1318.5,8030600.0
2019-03-12 15:40:00,1318.0,1319.5,1318.0,1319.0,11777200.0
2019-03-12 15:45:00,1320.0,1322.0,1319.5,1322.0,25070500.0
2019-03-12 15:50:00,1322.5,1323.0,1322.0,1322.0,16396000.0
2019-03-12 15:55:00,1322.5,1323.0,1321.0,1321.5,37188400.0
2019-03-12 16:00:00,1321.01,1323.0,1319.0,1322.0,91499500.0
2019-03-13 09:35:00,1330.0,1334.0,1327.8700000000001,1327.8700000000001,46704100.0
2019-03-13 09:40:00,1328.0,1337.0,1328.0,1336.0,34507900.0
2019-03-13 09:45:00,1337.0,1340.0,1334.9,1335.0,37951600.0
2019-03-13 09:50:00,1334.0,1334.0,1330.5,1332.5,33474600.0
2019-03-13 09:55:00,1334.0,1336.0,1332.0,1334.0,26956300.0
2019-03-13 10:00:00,1333.5,1334.0,1330.0,1331.5,30644700.0
2019-03-13 10:05:00,1331.0,1331.0,1327.0,1327.0,43204600.0
2019-03-13 10:10:00,1327.0,1327.5,1326.0,1327.0,15862600.0
2019-03-13 10:15:00,1327.5,1328.0,1325.3,1327.5,24396200.0
2019-03-13 10:20:00,1327.0,1329.5,1325.5,1329.0,12294800.0
2019-03-13 10:25:00,1329.0,1330.5,1329.0,1330.5,12313400.0
2019-03-13 10:30:00,1330.5,1334.0,1329.5,1329.5,40267000.0
2019-03-13 10:35:00,1330.0,1330.5,1328.0,1328.0,34436700.0
2019-03-13 10:40:00,1328.0,1328.0,1325.0,1325.0,12857600.0
2019-03-13 10:45:00,1325.0,1325.0,1323.0,1325.0,22442100.0
2019-03-13 10:50:00,1324.0,1328.0,1323.0,1327.0,20905400.0
2019-03-13 10:55:00,1327.0,1328.0,1326.0,1327.0,9202500.0
2019-03-13 11:00:00,1327.0,1328.0,1325.0,1327.0,14097600.0
2019-03-13 11:05:00,1327.0,1327.0,1323.15,1323.15,7170500.0
2019-03-13 11:10:00,1323.0,1325.0,1322.5,1323.0,16538400.0
2019-03-13 11:15:00,1324.0,1328.8700000000001,1323.0,1328.8700000000001,8723000.0
2019-03-13 11:20:00,1329.0,1329.0,1326.0,1326.0,15691200.0
2019-03-13 11:25:00,1327.46,1328.0,1326.0,1327.0,3699800.0
2019-03-13 11:30:00,1327.0,1327.0,1326.0,1326.0,7566900.0
2019-03-13 11:35:00,1326.5,1327.0,1326.0,1326.0,8074600.0
2019-03-13 11:40:00,1326.0,1326.0,1321.5,1321.5,15872600.0
2019-03-13 11:45:00,1321.5,1323.0,1320.5,1322.0,15425600.0
2019-03-13 11:50:00,1323.0,1324.5,1323.0,1324.0,6571300.0
2019-03-13 11:55:00,1324.4099999999999,1324.4099999999999,1322.01,1323.0,4995700.0
2019-03-13 12:00:00,1322.0,1324.0,1322.0,1324.0,11170200.0
2019-03-13 12:05:00,1323.0,1327.0,1323.0,1327.0,14849300.0
2019-03-13 12:10:00,1327.0,1329.0,1325.0,1326.5,26557800.0
2019-03-13 12:15:00,1327.0,1327.0,1322.5,1323.0,13074100.0
2019-03-13 12:20:00,1323.0,1326.0,1323.0,1324.5,13350800.0
2019-03-13 12:25:00,1326.0,1326.0,1323.5,1324.0,10591300.0
2019-03-13 12:30:00,1324.0,1325.0,1322.0,1325.0,7447100.0
2019-03-13 12:35:00,1325.0,1325.0,1322.0,1322.0,20212900.0
2019-03-13 12:40:00,1322.5,1324.0,1322.5,1324.0,14608500.0
2019-03-13 12:45:00,1324.0,1326.0,1322.5,1326.0,6072300.0
2019-03-13 12:50:00,1326.5,1327.0,1325.5,1326.0,4685300.0
2019-03-13 12:55:00,1326.0,1328.0,1325.5,1328.0,12324400.0
2019-03-13 13:00:00,1328.0,1329.0,1326.5,1329.0,4703000.0
2019-03-13 13:05:00,1328.0,1328.0,1327.0,1327.5,18586300.0
2019-03-13 13:10:00,1327.0,1327.0,1325.0,1325.99,26161900.0
2019-03-13 13:15:00,1326.0,1326.5,1326.0,1326.0,13731500.0
2019-03-13 13:20:00,1326.5,1327.0,1326.0,1326.5,4717600.0
2019-03-13 13:25:00,1326.5,1328.0,1326.5,1327.0,5228900.0
2019-03-13 13:30:00,1327.0,1328.0,1326.5,1328.0,3504000.0
2019-03-13 13:35:00,1328.0,1329.0,1327.5,1328.0,5535900.0
2019-03-13 13:40:00,1328.0,1329.0,1327.5,1328.0,7127500.0
2019-03-13 13:45:00,1328.5,1328.5,1327.5,1327.5,7749300.0
2019-03-13 13:50:00,1327.99,1330.0,1327.99,1328.0,12319500.0
2019-03-13 13:55:00,1328.0,1329.8500000000001,1328.0,1329.0,8001400.0
2019-03-13 14:00:00,1329.0,1329.5,1326.0,1328.0,9496900.0
2019-03-13 14:05:00,1328.0,1328.0,1327.01,1327.5,3788800.0
2019-03-13 14:10:00,1327.5,1331.0,1327.5,1331.0,9854100.0
2019-03-13 14:15:00,1330.0,1332.0,1330.0,1332.0,18517900.0
2019-03-13 14:20:00,1332.0,1334.5,1332.0,1334.5,23985200.0
2019-03-13 14:25:00,1334.7,1336.0,1334.0,1334.0,15231000.0
2019-03-13 14:30:00,1334.0,1334.0,1333.0,1333.5,4585000.0
2019-03-13 14:35:00,1333.5,1335.0,1333.5,1335.0,7052600.0
2019-03-13 14:40:00,1334.0,1337.0,1334.0,1335.5,16371100.0
2019-03-13 14:45:00,1335.0,1335.0,1332.5,1333.0,13945400.0
2019-03-13 14:50:00,1333.0,1333.0,1330.0,1330.0,13542800.0
2019-03-13 14:55:00,1331.0,1331.5,1329.0,1331.01,21131400.0
2019-03-13 15:00:00,1332.0,1336.0,1332.0,1336.0,22070600.0
2019-03-13 15:05:00,1336.0,1337.0,1334.0,1335.0,12552300.0
2019-03-13 15:10:00,1335.0,1336.0,1335.0,1336.0,12841200.0
2019-03-13 15:15:00,1336.0,1336.0,1334.0,1335.5,7025900.0
2019-03-13 15:20:00,1335.5,1337.0,1335.0,1336.0,13366700.0
2019-03-13 15:25:00,1335.0,1336.0,1335.0,1335.0,4783400.0
2019-03-13 15:30:00,1335.0,1336.0,1335.0,1336.0,11735600.0
2019-03-13 15:35:00,1336.0,1337.0,1335.5,1336.5,10668400.0
2019-03-13 15:40:00,1336.5,1338.0,1336.5,1338.0,19699000.0
2019-03-13 15:45:00,1337.0,1337.0,1334.0,1335.0,25143600.0
2019-03-13 15:50:00,1335.0,1335.0,1333.5,1333.5,17939700.0
2019-03-13 15:55:00,1333.5,1335.5,1333.5,1334.0,28108600.0
2019-03-13 16:00:00,1334.5,1336.0,1333.0,1335.5,68472800.0
2019-03-14 09:35:00,1305.0,1308.0,1303.0,1303.0,53093400.0
2019-03-14 09:40:00,1303.0,1305.0,1300.5,1301.25,37491900.0
2019-03-14 09:45:00,1300.0,1304.5,1300.0,1303.0,19853600.0
2019-03-14 09:50:00,1303.5,1309.25,1303.0,1309.0,21651600.0
2019-03-14 09:55:00,1308.56,1310.0,1307.5,1309.0,11291200.0
2019-03-14 10:00:00,1310.0,1313.0,1309.0,1311.5,15811300.0
2019-03-14 10:05:00,1312.0,1314.0,1311.0,1311.0,20678600.0
2019-03-14 10:10:00,1312.0,1312.0,1307.0,1307.0,12522700.0
2019-03-14 10:15:00,1306.0,1306.0,1304.56,1305.0,13689000.0
2019-03-14 10:20:00,1305.0,1305.8400000000001,1305.0,1305.5,4613900.0
2019-03-14 10:25:00,1305.5,1306.0,1304.0,1304.5,12546100.0
2019-03-14 10:30:00,1304.0,1306.0,1303.0,1304.5,15550400.0
2019-03-14 10:35:00,1304.0,1305.0,1302.5,1305.0,21518000.0
2019-03-14 10:40:00,1305.5,1305.5,1303.5,1303.5,11010600.0
2019-03-14 10:45:00,1303.99,1304.0,1303.0,1303.5,2453900.0
2019-03-14 10:50:00,1303.5,1303.5,1302.5,1303.5,8307700.0
2019-03-14 10:55:00,1303.77,1304.0,1302.5,1303.99,7160700.0
2019-03-14 11:00:00,1304.0,1305.0,1303.0,1304.5,12598300.0
2019-03-14 11:05:00,1304.16,1304.16,1302.0,1302.5,10709700.0
2019-03-14 11:10:00,1303.0,1303.0,1299.0,1299.5,32555500.0
2019-03-14 11:15:00,1299.18,1300.0,1298.0,1298.5,24705700.0
2019-03-14 11:20:00,1298.0,1301.0,1297.0,1301.0,9946800.0
2019-03-14 11:25:00,1301.0,1301.0,1298.0,1298.0,8561900.0
2019-03-14 11:30:00,1297.0,1297.0,1296.0,1296.0,7754100.0
2019-03-14 11:35:00,1296.0,1297.0,1294.0,1296.5,16056600.0
2019-03-14 11:40:00,1297.0,1297.0,1295.5,1296.0,4695800.0
2019-03-14 11:45:00,1296.0,1297.0,1295.0,1296.0,16373000.0
2019-03-14 11:50:00,1296.0,1298.5,1296.0,1298.0,12918100.0
2019-03-14 11:55:00,1298.0,1299.0,1297.5,1297.5,5883200.0
2019-03-14 12:00:00,1297.5,1297.5,1295.0,1295.0,12383100.0
2019-03-14 12:05:00,1296.0,1296.0,1294.0,1294.0,9272800.0
2019-03-14 12:10:00,1294.0,1295.0,1292.0,1294.0,12299400.0
2019-03-14 12:15:00,1294.5,1297.0,1294.5,1295.0,11752400.0
2019-03-14 12:20:00,1295.01,1297.0,1295.01,1297.0,7121800.0
2019-03-14 12:25:00,1297.0,1300.0,1297.0,1300.0,19631400.0
2019-03-14 12:30:00,1300.0,1302.5,1300.0,1302.0,23775200.0
2019-03-14 12:35:00,1301.0,1303.0,1300.0,1303.0,20500800.0
2019-03-14 12:40:00,1303.0,1303.0,1302.0,1303.0,13191600.0
2019-03-14 12:45:00,1303.0,1303.0,1302.5,1302.5,4150100.0
2019-03-14 12:50:00,1302.99,1303.75,1301.5,1302.5700000000002,6116000.0
2019-03-14 12:55:00,1302.0,1305.0,1302.0,1304.5,10851800.0
2019-03-14 13:00:00,1305.0,1308.0,1304.0,1307.5,10056000.0
2019-03-14 13:05:00,1307.0,1307.5,1306.0,1307.5,12126700.0
2019-03-14 13:10:00,1308.0,1308.0,1305.5,1305.5,11328200.0
2019-03-14 13:15:00,1306.0,1307.0,1305.0,1306.0,14756400.0
2019-03-14 13:20:00,1305.0,1306.0,1304.0,1305.0,1765900.0
2019-03-14 13:25:00,1304.5,1304.5,1303.5,1303.5,4216500.0
2019-03-14 13:30:00,1304.0,1304.0,1302.0,1302.5,4726800.0
2019-03-14 13:35:00,1303.0,1305.0,1302.5,1305.0,3504000.0
2019-03-14 13:40:00,1305.0,1305.0,1304.0,1304.0,3875800.0
2019-03-14 13:45:00,1303.0,1304.0,1303.0,1304.0,5666600.0
2019-03-14 13:50:00,1304.0,1306.0,1304.0,1306.0,5937700.0
2019-03-14 13:55:00,1306.5,1306.5,1304.0,1304.98,3564000.0
2019-03-14 14:00:00,1304.5,1305.0,1304.0,1304.5,10021300.0
2019-03-14 14:05:00,1304.05,1305.0,1303.5,1304.0,9813100.0
2019-03-14 14:10:00,1304.0,1306.0,1303.5,1305.0,6856100.0
2019-03-14 14:15:00,1306.0,1306.0,1305.0,1305.5,2128200.0
2019-03-14 14:20:00,1306.0,1308.0,1306.0,1307.0,7466300.0
2019-03-14 14:25:00,1307.5,1308.0,1306.0,1306.0,8393200.0
2019-03-14 14:30:00,1307.0,1307.0,1306.0,1306.0,3398600.0
2019-03-14 14:35:00,1305.0,1306.0,1304.0,1304.5,4095400.0
2019-03-14 14:40:00,1304.5,1307.0,1304.5,1307.0,13269100.0
2019-03-14 14:45:00,1306.5,1307.0,1305.0,1305.0,5184700.0
2019-03-14 14:50:00,1306.0,1307.0,1305.5,1307.0,9258800.0
2019-03-14 14:55:00,1307.0,1309.0,1307.0,1309.0,4045700.0
2019-03-14 15:00:00,1309.0,1309.0,1308.0,1308.0,14671800.0
2019-03-14 15:05:00,1308.01,1309.0,1307.5,1308.0,10059800.0
2019-03-14 15:10:00,1307.5,1308.0,1307.0,1307.99,2525200.0
2019-03-14 15:15:00,1307.5,1308.0,1307.08,1307.08,2943500.0
2019-03-14 15:20:00,1307.5,1307.99,1307.0,1307.5,10265300.0
2019-03-14 15:25:00,1307.0,1308.0,1307.0,1308.0,4356800.0
2019-03-14 15:30:00,1307.0,1308.5,1307.0,1308.5,11511900.0
2019-03-14 15:35:00,1308.0,1308.5,1306.0,1306.5,12011000.0
2019-03-14 15:40:00,1306.0,1308.0,1306.0,1308.0,11496500.0
2019-03-14 15:45:00,1308.0,1311.0,1308.0,1311.0,20245200.0
2019-03-14 15:50:00,1310.5,1312.0,1310.0,1310.0,18317400.0
2019-03-14 15:55:00,1310.0,1312.0,1309.0,1312.0,34391200.0
2019-03-14 16:00:00,1311.5,1313.5,1310.0,1310.0,90218500.0
2019-03-15 09:35:00,1319.0,1319.0,1314.8999999999999,1318.5,31650800.0
2019-03-15 09:40:00,1320.0,1323.0,1318.0,1321.0,23643100.0
2019-03-15 09:45:00,1322.0,1324.0,1319.0,1321.5,12046400.0
2019-03-15 09:50:00,1323.0,1323.0,1319.0,1320.5,12092100.0
2019-03-15 09:55:00,1322.0,1323.0,1319.0,1319.0,7164200.0
2019-03-15 10:00:00,1319.0,1320.5,1318.0,1318.0,12014700.0
2019-03-15 10:05:00,1317.6299999999999,1319.0,1314.6200000000001,1319.0,9663800.0
2019-03-15 10:10:00,1318.5,1318.5,1314.0,1316.0,12373300.0
2019-03-15 10:15:00,1315.0,1318.0,1314.5,1317.5,8138800.0
2019-03-15 10:20:00,1318.0,1324.0,1318.0,1323.0,9646900.0
2019-03-15 10:25:00,1323.0,1325.0,1323.0,1324.87,21728100.0
2019-03-15 10:30:00,1324.5,1324.5,1323.0,1323.5900000000001,9826800.0
2019-03-15 10:35:00,1323.5,1324.0,1323.0,1323.5,9526400.0
2019-03-15 10:40:00,1324.0,1324.0,1321.0,1322.0,12218600.0
2019-03-15 10:45:00,1321.0,1321.0,1317.0,1317.0,7868800.0
2019-03-15 10:50:00,1316.0,1317.5,1316.0,1317.0,7444700.0
2019-03-15 10:55:00,1317.66,1318.0,1315.0,1315.0,4868400.0
2019-03-15 11:00:00,1314.3700000000001,1314.5,1313.0,1313.0,15149900.0
2019-03-15 11:05:00,1314.0,1314.0,1312.0,1314.0,6035100.0
2019-03-15 11:10:00,1314.0,1314.0,1312.0,1312.3,8286200.0
2019-03-15 11:15:00,1313.0,1313.0,1308.0,1309.0,11425600.0
2019-03-15 11:20:00,1308.99,1310.0,1307.0,1309.0,5446700.0
2019-03-15 11:25:00,1308.0,1308.0,1305.0,1308.0,18489200.0
2019-03-15 11:30:00,1308.0,1308.0,1307.0,1308.0,2181200.0
2019-03-15 11:35:00,1307.5,1310.0,1307.5,1310.0,4256500.0
2019-03-15 11:40:00,1310.0,1310.19,1307.0,1307.0,10198800.0
2019-03-15 11:45:00,1308.0,1310.0,1308.0,1310.0,3928200.0
2019-03-15 11:50:00,1309.0,1311.5,1309.0,1311.0,15665800.0
2019-03-15 11:55:00,1310.5,1311.0,1307.0,1307.0,8672600.0
2019-03-15 12:00:00,1307.0,1307.45,1304.0,1306.5,13238000.0
2019-03-15 12:05:00,1306.0,1307.0,1306.0,1306.0,3255400.0
2019-03-15 12:10:00,1306.1299999999999,1307.5,1306.0,1307.5,5803800.0
2019-03-15 12:15:00,1307.49,1307.49,1305.5,1306.0,10458200.0
2019-03-15 12:20:00,1305.5,1308.0,1305.0,1308.0,4872900.0
2019-03-15 12:25:00,1308.5,1308.5,1306.0,1306.0,10691700.0
2019-03-15 12:30:00,1306.0,1306.5,1303.0,1303.0,18958800.0
2019-03-15 12:35:00,1302.5,1304.0,1302.0,1302.0,10805500.0
2019-03-15 12:40:00,1302.0,1305.0,1302.0,1303.5,4886100.0
2019-03-15 12:45:00,1304.5,1306.0,1304.5,1306.0,5065500.0
2019-03-15 12:50:00,1307.0,1307.74,1305.5,1305.5,2897600.0
2019-03-15 12:55:00,1305.0,1306.5,1305.0,1305.5,3133700.0
2019-03-15 13:00:00,1305.0,1306.0,1304.0,1305.5,9572100.0
2019-03-15 13:05:00,1306.0,1306.0,1305.0,1305.0,4989600.0
2019-03-15 13:10:00,1306.0,1307.0,1305.5,1305.5,6121800.0
2019-03-15 13:15:00,1305.0,1305.0,1302.5,1303.0,14843200.0
2019-03-15 13:20:00,1303.0,1306.0,1303.0,1305.8400000000001,5482700.0
2019-03-15 13:25:00,1305.0,1305.5,1303.37,1303.37,3022800.0
2019-03-15 13:30:00,1303.5,1304.0,1303.0,1303.5,1868400.0
2019-03-15 13:35:00,1304.0,1304.0,1302.5,1303.48,7420400.0
2019-03-15 13:40:00,1303.0,1304.0,1301.0,1303.0,9463300.0
2019-03-15 13:45:00,1302.0,1302.0,1301.0,1302.0,6494400.0
2019-03-15 13:50:00,1301.5,1302.0,1300.5,1301.0,4399100.0
2019-03-15 13:55:00,1301.0,1301.5,1300.0,1300.0,3370500.0
2019-03-15 14:00:00,1300.76,1302.0,1300.0,1300.5,7612800.0
2019-03-15 14:05:00,1300.5,1302.0,1300.5,1300.5,8208400.0
2019-03-15 14:10:00,1300.0,1300.0,1297.5,1298.0,13457700.0
2019-03-15 14:15:00,1298.0,1300.0,1297.5,1299.0,16231700.0
2019-03-15 14:20:00,1299.0,1300.0,1298.0,1299.0,6183100.0
2019-03-15 14:25:00,1299.5900000000001,1300.0,1298.0,1300.0,6340800.0
2019-03-15 14:30:00,1300.7,1301.0,1300.0,1300.0,5901700.0
2019-03-15 14:35:00,1300.5,1301.0,1300.0,1301.0,7447000.0
2019-03-15 14:40:00,1300.0,1300.0,1298.5,1300.0,9134500.0
2019-03-15 14:45:00,1300.0,1300.5,1298.0,1300.5,7437300.0
2019-03-15 14:50:00,1300.0,1301.0,1300.0,1300.0,4939300.0
2019-03-15 14:55:00,1300.5,1300.5,1299.5,1300.5,6443400.0
2019-03-15 15:00:00,1301.0,1303.0,1300.5,1303.0,5724000.0
2019-03-15 15:05:00,1303.0,1305.0,1302.5,1303.0,15708200.0
2019-03-15 15:10:00,1303.3300000000002,1303.3300000000002,1301.0,1301.0,10310800.0
2019-03-15 15:15:00,1301.0,1302.0,1300.5,1302.0,6367000.0
2019-03-15 15:20:00,1302.0,1302.0,1300.5,1301.0,7473200.0
2019-03-15 15:25:00,1301.0,1304.0,1300.5,1304.0,8210900.0
2019-03-15 15:30:00,1304.5,1304.5,1303.0,1303.3,14239900.0
2019-03-15 15:35:00,1304.0,1305.5,1303.0,1305.0,33220700.0
2019-03-15 15:40:00,1305.5,1307.0,1305.0,1306.0,37044200.0
2019-03-15 15:45:00,1307.0,1311.5,1306.0,1310.0,93469000.0
2019-03-15 15:50:00,1309.0,1310.0,1307.0,1310.0,54122900.0
2019-03-15 15:55:00,1309.5,1310.5,1306.5,1308.0,64697600.0
2019-03-15 16:00:00,1307.0,1309.0,1299.0,1299.0,235032700.0
2019-03-18 09:35:00,1302.0,1308.0,1302.0,1305.0,46309300.0
2019-03-18 09:40:00,1306.0,1306.0,1303.0,1305.5,51416900.0
2019-03-18 09:45:00,1307.0,1309.0,1305.0,1309.0,30205600.0
2019-03-18 09:50:00,1309.0,1317.0,1308.5,1317.0,48769100.0
2019-03-18 09:55:00,1316.5,1321.0,1316.5,1319.0,47255900.0
2019-03-18 10:00:00,1318.0,1319.5,1317.0,1317.5,20402500.0
2019-03-18 10:05:00,1317.0,1318.5,1316.0,1316.0,23242700.0
2019-03-18 10:10:00,1316.5,1316.5,1314.0,1315.5,9131500.0
2019-03-18 10:15:00,1316.0,1316.0,1314.0,1314.5,2836200.0
2019-03-18 10:20:00,1314.46,1316.0,1314.0,1314.0,11147800.0
2019-03-18 10:25:00,1315.0,1315.0,1312.0,1313.5,15805600.0
2019-03-18 10:30:00,1313.5,1315.0,1313.0,1315.0,20555600.0
2019-03-18 10:35:00,1315.08,1316.0,1315.0,1315.0,8479900.0
2019-03-18 10:40:00,1315.0,1316.0,1311.0,1311.0,17659400.0
2019-03-18 10:45:00,1310.0,1311.5,1310.0,1311.5,11616900.0
2019-03-18 10:50:00,1312.0,1314.0,1312.0,1312.5,8992800.0
2019-03-18 10:55:00,1312.0,1313.0,1312.0,1313.0,3798100.0
2019-03-18 11:00:00,1313.0,1313.0,1312.0,1312.05,8194500.0
2019-03-18 11:05:00,1312.0,1313.0,1312.0,1313.0,6679000.0
2019-03-18 11:10:00,1313.5,1313.5,1311.0,1311.0,5944100.0
2019-03-18 11:15:00,1311.0,1312.0,1310.0,1312.0,15993100.0
2019-03-18 11:20:00,1311.25,1312.0,1310.5,1310.5,5757100.0
2019-03-18 11:25:00,1310.5,1310.5,1308.5,1308.5,7118300.0
2019-03-18 11:30:00,1308.0,1308.5,1307.0,1307.0,16247100.0
2019-03-18 11:35:00,1307.5,1308.0,1306.95,1308.0,10160300.0
2019-03-18 11:40:00,1307.5,1307.5,1303.5,1305.0,24884500.0
2019-03-18 11:45:00,1304.8400000000001,1305.0,1304.0,1305.0,8235900.0
2019-03-18 11:50:00,1305.0,1305.0,1302.0,1302.5,8878900.0
2019-03-18 11:55:00,1302.5,1304.5,1302.5,1303.5,18475600.0
2019-03-18 12:00:00,1303.5,1303.5,1302.5,1302.5,5750600.0
2019-03-18 12:05:00,1302.0,1305.0,1302.0,1304.5,11554500.0
2019-03-18 12:10:00,1304.0,1305.1399999999999,1304.0,1305.0,4734500.0
2019-03-18 12:15:00,1305.0,1305.0,1304.0,1304.0,4872600.0
2019-03-18 12:20:00,1304.5,1304.6200000000001,1303.5,1303.5,4069600.0
2019-03-18 12:25:00,1304.0,1305.0,1302.5,1305.0,15740000.0
2019-03-18 12:30:00,1305.0,1305.5,1304.0,1305.5,6323700.0
2019-03-18 12:35:00,1305.0,1306.0,1304.0,1305.0,7731300.0
2019-03-18 12:40:00,1305.0,1305.0,1304.0,1304.0,6095700.0
2019-03-18 12:45:00,1304.0,1305.0,1303.5,1304.5,3206900.0
2019-03-18 12:50:00,1304.52,1306.0,1303.0,1303.0,7084700.0
2019-03-18 12:55:00,1303.0,1303.78,1303.0,1303.0,2287000.0
2019-03-18 13:00:00,1303.5,1303.5,1302.08,1302.5,5384500.0
2019-03-18 13:05:00,1302.5,1303.0,1301.0,1301.0,6182300.0
2019-03-18 13:10:00,1301.5,1302.0,1301.0,1301.99,1879800.0
2019-03-18 13:15:00,1302.0,1302.5,1300.5,1302.0,11157100.0
2019-03-18 13:20:00,1301.5,1302.0,1301.0,1302.0,2935200.0
2019-03-18 13:25:00,1301.0,1302.0,1301.0,1301.0,3011800.0
2019-03-18 13:30:00,1301.5,1301.5,1300.5,1300.5,4525100.0
2019-03-18 13:35:00,1301.0,1301.0,1299.0,1299.5,16032400.0
2019-03-18 13:40:00,1299.5,1299.5,1298.0,1298.5,2630300.0
2019-03-18 13:45:00,1298.0,1300.5,1298.0,1300.5,11365900.0
2019-03-18 13:50:00,1300.93,1301.0,1300.5,1301.0,2561900.0
2019-03-18 13:55:00,1300.5,1300.5,1299.0,1299.0,5569800.0
2019-03-18 14:00:00,1299.0,1300.0,1298.0,1298.5,5361200.0
2019-03-18 14:05:00,1298.5,1299.0,1298.0,1299.0,2335600.0
2019-03-18 14:10:00,1298.5,1300.0,1298.0,1298.0,8126100.0
2019-03-18 14:15:00,1298.5,1300.5,1298.0,1299.5,9055100.0
2019-03-18 14:20:00,1299.5,1300.0,1299.0,1299.5,2487700.0
2019-03-18 14:25:00,1300.0,1300.0,1298.0,1298.5,11805200.0
2019-03-18 14:30:00,1298.31,1298.99,1298.0,1298.0,2036100.0
2019-03-18 14:35:00,1298.5,1298.5,1297.0,1298.0,9607700.0
2019-03-18 14:40:00,1298.0,1298.0,1296.5,1298.0,12979200.0
2019-03-18 14:45:00,1298.0,1298.0,1297.0,1297.0,5610000.0
2019-03-18 14:50:00,1297.0,1297.0,1295.0,1295.5,8730200.0
2019-03-18 14:55:00,1295.0,1296.0,1295.0,1296.0,14228700.0
2019-03-18 15:00:00,1295.5,1296.0,1295.0,1295.0,1959900.0
2019-03-18 15:05:00,1296.0,1296.0,1295.5,1295.5,10416000.0
2019-03-18 15:10:00,1296.0,1296.0,1295.0,1296.0,3789500.0
2019-03-18 15:15:00,1295.5,1296.0,1293.0,1293.5,17315000.0
2019-03-18 15:20:00,1293.5,1295.5,1293.0,1295.5,12053200.0
2019-03-18 15:25:00,1296.0,1296.0,1295.0,1295.5,5313300.0
2019-03-18 15:30:00,1295.5,1295.5,1295.0,1295.5,4609700.0
2019-03-18 15:35:00,1295.0,1295.6799999999998,1294.1499999999999,1294.1499999999999,17053300.0
2019-03-18 15:40:00,1295.0,1295.5,1294.0,1294.0,11000800.0
2019-03-18 15:45:00,1295.0,1296.0,1294.0,1296.0,17796200.0
2019-03-18 15:50:00,1296.0,1296.0,1294.5,1295.0,28541800.0
2019-03-18 15:55:00,1295.99,1295.99,1293.0,1294.0,42339200.0
2019-03-18 16:00:00,1294.0,1296.0,1293.0,1293.0,84525500.0
2019-03-19 09:35:00,1308.0,1308.0,1300.0,1302.0,45731100.0
2019-03-19 09:40:00,1302.0,1304.0,1300.0,1301.0,15299700.0
2019-03-19 09:45:00,1302.0,1302.0,1296.0,1300.0,30133500.0
2019-03-19 09:50:00,1300.0,1300.0,1298.0,1299.0,7756600.0
2019-03-19 09:55:00,1298.0,1298.0,1295.0,1297.0,11980400.0
2019-03-19 10:00:00,1297.5,1298.5,1295.0,1295.0,12402200.0
2019-03-19 10:05:00,1296.0,1298.0,1296.0,1298.0,10073100.0
2019-03-19 10:10:00,1298.0,1298.5,1296.0,1297.0,17048300.0
2019-03-19 10:15:00,1296.5,1296.5,1294.5,1296.19,7369300.0
2019-03-19 10:20:00,1296.5,1297.0,1296.0,1296.0,4417100.0
2019-03-19 10:25:00,1295.5,1295.5,1290.0,1290.0,14024800.0
2019-03-19 10:30:00,1290.5,1291.5,1288.5,1290.99,22678400.0
2019-03-19 10:35:00,1290.0,1291.0,1288.0,1288.0,13720200.0
2019-03-19 10:40:00,1287.0,1287.0,1285.0,1287.0,9991200.0
2019-03-19 10:45:00,1287.5,1289.0,1287.0,1288.5,10761700.0
2019-03-19 10:50:00,1289.0,1289.5,1287.0,1287.0,10586700.0
2019-03-19 10:55:00,1288.0,1288.0,1286.5,1286.5,7232400.0
2019-03-19 11:00:00,1286.5,1288.5,1286.0,1288.5,7827100.0
2019-03-19 11:05:00,1288.8500000000001,1289.5,1288.0,1289.5,4915500.0
2019-03-19 11:10:00,1289.0,1292.0,1289.0,1292.0,11904400.0
2019-03-19 11:15:00,1292.23,1292.23,1289.5,1289.5,8297400.0
2019-03-19 11:20:00,1289.0,1291.0,1288.0,1289.0,11188500.0
2019-03-19 11:25:00,1289.5,1291.0,1289.5,1291.0,4206300.0
2019-03-19 11:30:00,1291.0,1293.0,1290.8,1293.0,6902600.0
2019-03-19 11:35:00,1293.0,1296.0,1292.0,1296.0,7938100.0
2019-03-19 11:40:00,1295.0,1296.5,1294.5,1295.5,7461000.0
2019-03-19 11:45:00,1295.0,1298.5,1295.0,1298.0,19448400.0
2019-03-19 11:50:00,1298.0,1298.0,1296.0,1297.0,15219800.0
2019-03-19 11:55:00,1297.5,1297.5,1295.0,1295.5,10804500.0
2019-03-19 12:00:00,1295.0,1295.0,1292.0,1292.0,15918000.0
2019-03-19 12:05:00,1292.01,1293.0,1292.01,1292.5,6683600.0
2019-03-19 12:10:00,1293.0,1293.0,1292.0,1293.0,10456700.0
2019-03-19 12:15:00,1292.5,1292.65,1292.0,1292.65,3318700.0
2019-03-19 12:20:00,1292.0,1292.5,1291.0,1292.0,12565800.0
2019-03-19 12:25:00,1292.5,1296.5,1291.0,1296.5,15739300.0
2019-03-19 12:30:00,1297.0,1299.0,1297.0,1299.0,13672500.0
2019-03-19 12:35:00,1299.5,1301.0,1299.0,1300.0,19183600.0
2019-03-19 12:40:00,1300.0,1301.0,1299.5,1300.5,15119900.0
2019-03-19 12:45:00,1300.0,1301.0,1299.0,1300.5,11425700.0
2019-03-19 12:50:00,1301.0,1301.0,1297.0,1297.0,12160500.0
2019-03-19 12:55:00,1297.0,1300.0,1296.0,1296.51,25449300.0
2019-03-19 13:00:00,1296.0,1297.0,1295.0,1297.0,8689400.0
2019-03-19 13:05:00,1296.0,1299.0,1296.0,1298.0,6164300.0
2019-03-19 13:10:00,1298.0,1298.0,1296.0,1297.0,3512900.0
2019-03-19 13:15:00,1297.0,1297.0,1296.0,1297.0,3743900.0
2019-03-19 13:20:00,1296.0,1296.0,1295.0,1295.0,2608200.0
2019-03-19 13:25:00,1296.0,1296.5,1294.0,1295.0,5711700.0
2019-03-19 13:30:00,1294.0,1294.0,1291.0,1293.0,12601600.0
2019-03-19 13:35:00,1292.0,1293.0,1292.0,1293.0,5283700.0
2019-03-19 13:40:00,1293.0,1293.0,1292.0,1292.0,17375500.0
2019-03-19 13:45:00,1293.0,1295.0,1293.0,1295.0,4858300.0
2019-03-19 13:50:00,1294.0,1294.5,1293.5,1293.5,11555400.0
2019-03-19 13:55:00,1293.5,1294.0,1293.29,1294.0,2296500.0
2019-03-19 14:00:00,1293.5,1294.5,1293.0,1294.0,11857000.0
2019-03-19 14:05:00,1293.0,1294.0,1292.5,1293.0,9261400.0
2019-03-19 14:10:00,1293.0,1294.0,1293.0,1294.0,7626800.0
2019-03-19 14:15:00,1293.75,1294.0,1292.5,1292.5,8287900.0
2019-03-19 14:20:00,1292.0,1294.0,1292.0,1294.0,8149300.0
2019-03-19 14:25:00,1294.0,1295.0,1294.0,1294.52,6882400.0
2019-03-19 14:30:00,1294.0,1296.0,1294.0,1296.0,12935800.0
2019-03-19 14:35:00,1296.0,1299.0,1296.0,1298.0,19354400.0
2019-03-19 14:40:00,1298.5,1298.5,1297.0,1297.1,11378300.0
2019-03-19 14:45:00,1298.0,1298.0,1297.0,1297.0,4567300.0
2019-03-19 14:50:00,1296.5,1296.5,1296.0,1296.0,7493000.0
2019-03-19 14:55:00,1296.0,1296.0,1294.0,1294.0,12256100.0
2019-03-19 15:00:00,1294.5,1294.5,1293.0,1293.3,9038900.0
2019-03-19 15:05:00,1293.5,1293.5,1291.0,1291.0,8249300.0
2019-03-19 15:10:00,1291.0,1291.0,1290.09,1291.0,9993100.0
2019-03-19 15:15:00,1290.0,1291.0,1290.0,1290.5,3063500.0
2019-03-19 15:20:00,1291.0,1291.0,1288.5,1289.5,12475700.0
2019-03-19 15:25:00,1289.5,1290.0,1288.5,1288.5,6314900.0
2019-03-19 15:30:00,1288.5,1289.5,1288.5,1289.5,6530900.0
2019-03-19 15:35:00,1289.5,1290.5,1289.0,1290.5,15082800.0
2019-03-19 15:40:00,1290.5,1290.67,1289.0,1289.0,16561000.0
2019-03-19 15:45:00,1289.0,1289.0,1284.0,1285.0,37054000.0
2019-03-19 15:50:00,1284.0,1286.0,1284.0,1285.0,25934400.0
2019-03-19 15:55:00,1285.0,1285.5,1284.5,1284.5,21746800.0
2019-03-19 16:00:00,1284.5,1285.5,1284.0,1284.0,52233000.0
2019-03-20 09:35:00,1282.0,1283.0,1276.0,1278.5,52789100.0
2019-03-20 09:40:00,1278.0,1279.0,1275.0,1279.0,21651400.0
2019-03-20 09:45:00,1278.0,1278.0,1272.0,1273.0,26693900.0
2019-03-20 09:50:00,1273.0,1274.5,1272.0,1274.0,11470100.0
2019-03-20 09:55:00,1271.5,1273.0,1270.0,1273.0,11664800.0
2019-03-20 10:00:00,1274.0,1274.0,1272.0,1272.0,14470400.0
2019-03-20 10:05:00,1270.5,1272.99,1270.5,1271.0,11550000.0
2019-03-20 10:10:00,1270.0,1271.0,1268.0,1268.5,19074500.0
2019-03-20 10:15:00,1269.0,1269.0,1268.5,1268.5,11558400.0
2019-03-20 10:20:00,1268.0,1270.0,1268.0,1268.01,8405700.0
2019-03-20 10:25:00,1268.5,1270.0,1268.0,1268.0,9626000.0
2019-03-20 10:30:00,1268.0,1270.0,1267.0,1270.0,13019600.0
2019-03-20 10:35:00,1270.0,1272.5,1270.0,1272.5,17090900.0
2019-03-20 10:40:00,1273.0,1273.5,1272.5,1273.0,17291900.0
2019-03-20 10:45:00,1272.0,1272.5,1271.5,1271.5,12457600.0
2019-03-20 10:50:00,1271.0,1271.0,1268.0,1268.5,6619200.0
2019-03-20 10:55:00,1269.0,1269.0,1268.0,1268.0,8658500.0
2019-03-20 11:00:00,1269.0,1271.0,1269.0,1270.0,4273400.0
2019-03-20 11:05:00,1270.0,1270.0,1269.0,1269.5,5409600.0
2019-03-20 11:10:00,1269.5,1269.5,1269.0,1269.0,2000600.0
2019-03-20 11:15:00,1269.5,1271.0,1269.5,1271.0,8818900.0
2019-03-20 11:20:00,1271.0,1272.0,1271.0,1272.0,4892900.0
2019-03-20 11:25:00,1271.0,1271.5,1271.0,1271.5,3032700.0
2019-03-20 11:30:00,1271.5,1271.5,1269.0,1269.5,14155700.0
2019-03-20 11:35:00,1269.5,1269.5,1267.99,1267.99,10727900.0
2019-03-20 11:40:00,1268.0,1269.0,1268.0,1268.1,4399900.0
2019-03-20 11:45:00,1268.5,1269.0,1268.0,1268.0,4661400.0
2019-03-20 11:50:00,1268.0,1268.0,1267.0,1267.0,6854500.0
2019-03-20 11:55:00,1267.0,1267.15,1265.1,1267.15,13137800.0
2019-03-20 12:00:00,1266.0,1267.0,1265.49,1266.5,10603700.0
2019-03-20 12:05:00,1266.53,1266.53,1265.0,1265.5,4743100.0
2019-03-20 12:10:00,1265.5,1266.5,1265.5,1266.0,4518400.0
2019-03-20 12:15:00,1267.0,1271.0,1267.0,1270.5,5573600.0
2019-03-20 12:20:00,1271.0,1271.0,1270.0,1270.5,11853900.0
2019-03-20 12:25:00,1271.0,1272.0,1271.0,1271.5,13572900.0
2019-03-20 12:30:00,1271.0,1271.0,1270.0,1271.0,9429200.0
2019-03-20 12:35:00,1270.0,1271.0,1270.0,1270.0,13563900.0
2019-03-20 12:40:00,1271.0,1272.0,1270.5,1270.5,4938400.0
2019-03-20 12:45:00,1270.5,1270.5,1270.0,1270.0,6338700.0
2019-03-20 12:50:00,1270.5,1270.5,1267.0,1268.0,16564100.0
2019-03-20 12:55:00,1268.0,1268.0,1267.5,1267.5,3665900.0
2019-03-20 13:00:00,1267.0,1268.0,1267.0,1267.5,992600.0
2019-03-20 13:05:00,1267.5,1267.7,1266.0,1266.0,18116800.0
2019-03-20 13:10:00,1266.0,1267.5,1264.5,1267.0,17240900.0
2019-03-20 13:15:00,1268.0,1270.0,1268.0,1270.0,2705600.0
2019-03-20 13:20:00,1269.46,1270.0,1269.0,1269.5,5142800.0
2019-03-20 13:25:00,1269.5,1270.5,1269.0,1270.5,2042200.0
2019-03-20 13:30:00,1271.0,1273.0,1271.0,1272.0,6771000.0
2019-03-20 13:35:00,1271.5,1271.99,1271.0,1271.5,1923200.0
2019-03-20 13:40:00,1271.5,1271.5,1271.0,1271.16,2696300.0
2019-03-20 13:45:00,1272.0,1274.5,1271.5,1273.5,9797900.0
2019-03-20 13:50:00,1273.51,1276.0,1273.51,1275.5,4815700.0
2019-03-20 13:55:00,1275.5,1276.5,1275.0,1275.5,17999700.0
2019-03-20 14:00:00,1275.5,1278.0,1275.5,1276.0,10810200.0
2019-03-20 14:05:00,1275.0,1307.0,1275.0,1307.0,103502500.0
2019-03-20 14:10:00,1308.0,1311.0,1301.0,1309.0,85827300.0
2019-03-20 14:15:00,1309.0,1318.0,1305.0,1318.0,55435700.0
2019-03-20 14:20:00,1317.3,1319.0,1313.5,1319.0,32298100.0
2019-03-20 14:25:00,1319.0,1319.0,1310.0,1315.5,131947900.0
2019-03-20 14:30:00,1316.0,1319.0,1315.0,1319.0,43059500.0
2019-03-20 14:35:00,1319.0,1319.66,1315.0,1317.99,19967500.0
2019-03-20 14:40:00,1318.0,1321.5,1318.0,1321.0,32706200.0
2019-03-20 14:45:00,1320.0,1320.0,1311.0,1311.0,50038100.0
2019-03-20 14:50:00,1310.0,1311.5,1307.0,1310.0,58727400.0
2019-03-20 14:55:00,1310.0,1314.5,1305.0,1305.0,32266200.0
2019-03-20 15:00:00,1306.0,1313.0,1305.0,1313.0,36070700.0
2019-03-20 15:05:00,1314.0,1315.0,1312.0,1313.6699999999998,17400000.0
2019-03-20 15:10:00,1315.0,1315.0,1312.0,1313.01,10087300.0
2019-03-20 15:15:00,1314.0,1316.0,1313.5,1314.0,37090300.0
2019-03-20 15:20:00,1314.0,1317.0,1314.0,1314.35,33726100.0
2019-03-20 15:25:00,1314.0,1314.0,1311.5,1313.0,26762700.0
2019-03-20 15:30:00,1313.0,1314.0,1311.5,1311.64,12890300.0
2019-03-20 15:35:00,1311.0,1315.0,1311.0,1314.0,17176200.0
2019-03-20 15:40:00,1313.0,1314.5,1312.0,1314.5,13147800.0
2019-03-20 15:45:00,1314.0,1314.0,1311.0,1311.0,19155100.0
2019-03-20 15:50:00,1311.0,1313.0,1310.0,1312.0,24866500.0
2019-03-20 15:55:00,1312.0,1313.0,1311.0,1311.5,19912200.0
2019-03-20 16:00:00,1311.0,1314.0,1311.0,1311.5,59080900.0
2019-03-21 09:35:00,1314.0,1320.0,1314.0,1315.0,34804700.0
2019-03-21 09:40:00,1316.5,1324.0,1315.0,1323.5,44406300.0
2019-03-21 09:45:00,1323.0,1329.0,1321.8,1327.0,42887900.0
2019-03-21 09:50:00,1326.0,1329.0,1319.0,1319.0,52333500.0
2019-03-21 09:55:00,1320.5,1323.0,1316.5,1318.5,47078200.0
2019-03-21 10:00:00,1317.0,1317.0,1308.0,1308.0,38239400.0
2019-03-21 10:05:00,1310.0,1311.0,1307.0,1310.0,29003900.0
2019-03-21 10:10:00,1310.0,1314.5,1310.0,1313.5,80425700.0
2019-03-21 10:15:00,1314.5,1314.5,1308.0,1308.0,46277500.0
2019-03-21 10:20:00,1307.0,1307.0,1300.75,1300.75,56423500.0
2019-03-21 10:25:00,1301.5,1301.5,1300.0,1300.5,43113900.0
2019-03-21 10:30:00,1301.5,1307.0,1301.3,1307.0,27450900.0
2019-03-21 10:35:00,1306.0,1312.65,1306.0,1312.65,17064200.0
2019-03-21 10:40:00,1313.0,1317.0,1313.0,1317.0,19227900.0
2019-03-21 10:45:00,1316.0,1317.0,1315.0,1315.0,11971700.0
2019-03-21 10:50:00,1315.0,1315.5,1312.0,1313.0,14457800.0
2019-03-21 10:55:00,1313.0,1314.0,1311.0,1313.5,22618400.0
2019-03-21 11:00:00,1313.0,1316.0,1312.0,1316.0,35636400.0
2019-03-21 11:05:00,1317.0,1319.5,1317.0,1319.0,16166600.0
2019-03-21 11:10:00,1319.0,1323.0,1319.0,1322.0,71114500.0
2019-03-21 11:15:00,1323.0,1323.5,1322.0,1323.0,30938400.0
2019-03-21 11:20:00,1322.5,1323.0,1322.0,1322.0,20881600.0
2019-03-21 11:25:00,1322.0,1323.0,1322.0,1323.0,16032500.0
2019-03-21 11:30:00,1322.75,1324.5,1322.75,1324.0,14335000.0
2019-03-21 11:35:00,1324.0,1324.5,1323.0,1323.0,20072700.0
2019-03-21 11:40:00,1322.5,1325.0,1322.0,1324.5,27332900.0
2019-03-21 11:45:00,1325.0,1327.0,1324.0,1324.0,25460000.0
2019-03-21 11:50:00,1323.5,1324.5,1323.0,1323.0,28082900.0
2019-03-21 11:55:00,1323.0,1324.5,1323.0,1324.5,10513100.0
2019-03-21 12:00:00,1324.0,1326.0,1323.0,1326.0,13520700.0
2019-03-21 12:05:00,1325.0,1327.5,1324.0,1327.5,30409700.0
2019-03-21 12:10:00,1327.36,1329.0,1327.36,1328.0,9343800.0
2019-03-21 12:15:00,1328.0,1329.0,1327.0,1327.0,14749100.0
2019-03-21 12:20:00,1327.0,1327.0,1321.0,1321.0,10208800.0
2019-03-21 12:25:00,1321.0,1321.0,1315.5,1315.5,28260500.0
2019-03-21 12:30:00,1316.0,1316.5,1312.5,1312.5,31840600.0
2019-03-21 12:35:00,1313.0,1313.0,1306.0,1306.5,45974800.0
2019-03-21 12:40:00,1306.0,1307.0,1302.0,1305.0,34049200.0
2019-03-21 12:45:00,1304.0,1310.0,1304.0,1310.0,10782300.0
2019-03-21 12:50:00,1309.5,1309.5,1308.0,1309.0,12621400.0
2019-03-21 12:55:00,1310.0,1310.0,1307.5,1308.0,7893900.0
2019-03-21 13:00:00,1310.0,1312.0,1309.0,1312.0,5435400.0
2019-03-21 13:05:00,1312.77,1315.0,1312.0,1315.0,7413500.0
2019-03-21 13:10:00,1314.0,1315.0,1314.0,1314.0,5896500.0
2019-03-21 13:15:00,1314.0,1314.0,1312.0,1312.0,1797900.0
2019-03-21 13:20:00,1312.0,1313.0,1312.0,1312.5,2543900.0
2019-03-21 13:25:00,1313.0,1316.0,1313.0,1316.0,6191600.0
2019-03-21 13:30:00,1315.0,1317.0,1315.0,1317.0,8956500.0
2019-03-21 13:35:00,1317.0,1319.0,1317.0,1318.53,8070200.0
2019-03-21 13:40:00,1318.5,1319.0,1318.0,1319.0,3758700.0
2019-03-21 13:45:00,1318.8,1319.0,1318.0,1319.0,9502900.0
2019-03-21 13:50:00,1319.0,1319.0,1317.0,1317.5,4833300.0
2019-03-21 13:55:00,1318.0,1319.0,1317.5,1318.5,11077900.0
2019-03-21 14:00:00,1319.0,1319.5,1318.0,1318.0,10289100.0
2019-03-21 14:05:00,1318.0,1321.0,1318.0,1320.0,17733000.0
2019-03-21 14:10:00,1320.0,1321.0,1320.0,1320.0,7937300.0
2019-03-21 14:15:00,1319.0,1320.0,1318.0,1318.01,25886000.0
2019-03-21 14:20:00,1318.0,1318.0,1316.0,1316.0,4926200.0
2019-03-21 14:25:00,1316.5,1319.0,1316.0,1319.0,18606700.0
2019-03-21 14:30:00,1319.0,1321.0,1318.0,1321.0,3106900.0
2019-03-21 14:35:00,1320.5,1321.0,1320.0,1321.0,4600400.0
2019-03-21 14:40:00,1321.0,1322.0,1321.0,1322.0,13949300.0
2019-03-21 14:45:00,1322.0,1322.0,1321.99,1322.0,3930600.0
2019-03-21 14:50:00,1322.0,1325.0,1322.0,1325.0,5230200.0
2019-03-21 14:55:00,1324.0,1324.5,1323.0,1324.0,12707800.0
2019-03-21 15:00:00,1323.5,1326.0,1323.5,1325.5,15123600.0
2019-03-21 15:05:00,1325.0,1325.6399999999999,1323.0,1323.5,11813900.0
2019-03-21 15:10:00,1323.5,1327.0,1323.5,1326.5,8946700.0
2019-03-21 15:15:00,1326.5,1326.5,1324.01,1325.0,7969200.0
2019-03-21 15:20:00,1325.0,1325.0,1324.0,1324.0,5821800.0
2019-03-21 15:25:00,1324.0,1326.5,1324.0,1326.5,5729700.0
2019-03-21 15:30:00,1326.5,1327.0,1326.0,1326.0,7578100.0
2019-03-21 15:35:00,1326.5,1326.5,1325.0,1325.0,15979400.0
2019-03-21 15:40:00,1326.0,1328.0,1326.0,1327.0,9606700.0
2019-03-21 15:45:00,1327.0,1327.0,1326.0,1327.0,11367600.0
2019-03-21 15:50:00,1326.5,1327.0,1324.01,1324.9,18525700.0
2019-03-21 15:55:00,1324.0,1326.0,1324.0,1326.0,19508100.0
2019-03-21 16:00:00,1326.0,1330.0,1325.33,1327.0,74378500.0
2019-03-22 09:35:00,1326.0,1329.0,1324.5,1327.9,35754600.0
2019-03-22 09:40:00,1328.0,1330.0,1319.0,1322.0,25451600.0
2019-03-22 09:45:00,1322.0,1329.5,1322.0,1328.0,21365200.0
2019-03-22 09:50:00,1330.0,1333.5,1330.0,1333.5,34351600.0
2019-03-22 09:55:00,1333.67,1337.5,1333.67,1336.0,55091400.0
2019-03-22 10:00:00,1338.0,1338.0,1330.5,1331.5,24524300.0
2019-03-22 10:05:00,1331.5,1338.0,1331.0,1338.0,20710000.0
2019-03-22 10:10:00,1337.0,1338.5,1336.0,1336.0,12472400.0
2019-03-22 10:15:00,1336.0,1336.0,1328.0,1330.0,39720000.0
2019-03-22 10:20:00,1329.0,1330.0,1328.0,1329.5,11969600.0
2019-03-22 10:25:00,1329.5,1332.5900000000001,1328.0,1331.5,44607500.0
2019-03-22 10:30:00,1331.5,1332.0,1330.0,1332.0,14233800.0
2019-03-22 10:35:00,1331.0,1331.0,1326.0,1326.5,11035300.0
2019-03-22 10:40:00,1326.5,1327.0,1324.5,1325.0,16312500.0
2019-03-22 10:45:00,1325.0,1325.0,1320.0,1321.0,24463500.0
2019-03-22 10:50:00,1322.0,1322.0,1319.5,1320.0,12538000.0
2019-03-22 10:55:00,1319.0,1321.0,1318.5,1320.0,13152100.0
2019-03-22 11:00:00,1319.5,1322.5,1318.5,1322.5,10622500.0
2019-03-22 11:05:00,1322.5,1326.0,1321.0,1324.0,18120300.0
2019-03-22 11:10:00,1324.5,1325.5,1321.5,1322.0,14105400.0
2019-03-22 11:15:00,1322.5,1326.0,1322.38,1326.0,8943000.0
2019-03-22 11:20:00,1325.49,1329.5,1325.49,1328.0,38721500.0
2019-03-22 11:25:00,1328.5,1330.0,1327.0,1330.0,13167600.0
2019-03-22 11:30:00,1331.0,1332.0,1330.5,1332.0,8848900.0
2019-03-22 11:35:00,1331.0,1332.0,1331.0,1332.0,8735200.0
2019-03-22 11:40:00,1332.0,1334.0,1332.0,1332.0,12273400.0
2019-03-22 11:45:00,1332.0,1332.0,1329.0,1331.9,11673400.0
2019-03-22 11:50:00,1331.0,1332.5,1330.5,1332.0,21313400.0
2019-03-22 11:55:00,1332.0,1333.5,1330.0,1330.0,20386400.0
2019-03-22 12:00:00,1330.77,1333.51,1330.77,1333.0,18850500.0
2019-03-22 12:05:00,1333.0,1336.0,1333.0,1334.33,32623200.0
2019-03-22 12:10:00,1334.5,1336.0,1333.0,1335.5,17376500.0
2019-03-22 12:15:00,1335.5,1336.0,1334.5,1335.42,22633400.0
2019-03-22 12:20:00,1335.0,1338.0,1335.0,1338.0,15169900.0
2019-03-22 12:25:00,1337.0,1338.96,1337.0,1337.5,24046100.0
2019-03-22 12:30:00,1338.0,1338.0,1335.0,1335.5,17030400.0
2019-03-22 12:35:00,1335.5,1338.0,1335.0,1337.5,19355400.0
2019-03-22 12:40:00,1337.0,1338.0,1336.0,1336.5,17284700.0
2019-03-22 12:45:00,1337.0,1338.0,1336.0,1337.0,31473700.0
2019-03-22 12:50:00,1338.0,1338.0,1336.0,1337.5,22528800.0
2019-03-22 12:55:00,1337.0,1338.0,1337.0,1337.0,11754000.0
2019-03-22 13:00:00,1337.0,1338.0,1336.0,1337.0,29910400.0
2019-03-22 13:05:00,1337.0,1338.5,1337.0,1338.5,8870800.0
2019-03-22 13:10:00,1338.0,1339.0,1337.0,1338.0,5426900.0
2019-03-22 13:15:00,1338.5,1340.5,1338.5,1340.0,26137200.0
2019-03-22 13:20:00,1339.0,1340.6399999999999,1338.5,1340.0,9021800.0
2019-03-22 13:25:00,1340.0,1340.0,1338.0,1339.0,10116500.0
2019-03-22 13:30:00,1340.0,1344.5,1339.0,1344.0,22681200.0
2019-03-22 13:35:00,1344.0,1346.0,1344.0,1344.66,52909900.0
2019-03-22 13:40:00,1346.0,1348.0,1346.0,1347.0,21952700.0
2019-03-22 13:45:00,1347.0,1348.0,1347.0,1347.0,41193200.0
2019-03-22 13:50:00,1347.5,1350.0,1347.0,1349.5,26792000.0
2019-03-22 13:55:00,1349.0,1351.0,1347.5,1348.0,34497500.0
2019-03-22 14:00:00,1348.0,1349.0,1347.0,1348.5,35382700.0
2019-03-22 14:05:00,1349.0,1349.0,1346.0,1346.5,33063100.0
2019-03-22 14:10:00,1346.5,1347.0,1346.0,1346.5,26508600.0
2019-03-22 14:15:00,1346.0,1352.0,1346.0,1351.0,31857400.0
2019-03-22 14:20:00,1350.5,1357.0,1350.5,1357.0,28772900.0
2019-03-22 14:25:00,1356.0,1357.0,1356.0,1356.0,36238800.0
2019-03-22 14:30:00,1356.5,1359.0,1355.0,1359.0,30065100.0
2019-03-22 14:35:00,1359.0,1360.0,1356.5,1358.0,29156700.0
2019-03-22 14:40:00,1357.5,1359.5,1357.5,1359.0,14124000.0
2019-03-22 14:45:00,1359.5,1361.0,1358.0,1361.0,28068300.0
2019-03-22 14:50:00,1361.0,1362.0,1359.0,1360.0,39115800.0
2019-03-22 14:55:00,1359.5,1361.5,1359.0,1361.0,18239800.0
2019-03-22 15:00:00,1360.0,1361.0,1359.0,1359.5,46551400.0
2019-03-22 15:05:00,1359.0,1360.0,1358.0,1360.0,34897200.0
2019-03-22 15:10:00,1359.0,1360.0,1358.5,1359.0,38092200.0
2019-03-22 15:15:00,1359.0,1360.5,1359.0,1360.0,19049500.0
2019-03-22 15:20:00,1360.5,1362.0,1360.0,1361.5,24146400.0
2019-03-22 15:25:00,1361.5,1362.0,1361.0,1361.5,25535000.0
2019-03-22 15:30:00,1361.5,1364.5,1361.5,1362.0,41354500.0
2019-03-22 15:35:00,1362.5,1364.0,1362.0,1363.5,29388600.0
2019-03-22 15:40:00,1364.0,1366.0,1363.0,1365.0,57431900.0
2019-03-22 15:45:00,1366.0,1366.0,1363.0,1364.0,30872800.0
2019-03-22 15:50:00,1363.5,1367.2,1363.0,1367.2,66080000.0
2019-03-22 15:55:00,1367.5,1370.0,1365.0,1369.5,116051100.0
2019-03-22 16:00:00,1369.0,1370.0,1367.0,1367.5,142762000.0
2019-03-25 09:35:00,1374.0,1377.0,1370.0,1375.0,96544200.0
2019-03-25 09:40:00,1374.0,1384.0,1372.0,1382.0,67121200.0
2019-03-25 09:45:00,1381.0,1388.99,1380.0,1387.5,42176900.0
2019-03-25 09:50:00,1387.99,1393.0,1386.0,1393.0,46002400.0
2019-03-25 09:55:00,1392.0,1396.0,1391.8799999999999,1395.0,58153400.0
2019-03-25 10:00:00,1395.1000000000001,1404.0,1394.0,1401.0,90743000.0
2019-03-25 10:05:00,1402.0,1406.0,1401.0,1406.0,27365100.0
2019-03-25 10:10:00,1406.0,1412.0,1405.7,1412.0,49438300.0
2019-03-25 10:15:00,1412.0,1412.5,1409.5,1412.0,57504300.0
2019-03-25 10:20:00,1411.5,1417.0,1411.0,1415.0,58022200.0
2019-03-25 10:25:00,1414.5,1415.0,1409.0,1409.0,76435600.0
2019-03-25 10:30:00,1409.0,1414.0,1408.0,1412.0,55574700.0
2019-03-25 10:35:00,1413.0,1413.0,1407.0,1408.5,36800000.0
2019-03-25 10:40:00,1408.01,1410.5,1406.0,1406.0,38543100.0
2019-03-25 10:45:00,1405.0,1406.0,1401.5,1402.0,34957200.0
2019-03-25 10:50:00,1403.0,1404.99,1397.0,1397.1299999999999,28544300.0
2019-03-25 10:55:00,1397.16,1401.5,1397.0,1400.67,51897600.0
2019-03-25 11:00:00,1400.6,1403.0,1399.0,1403.0,21027800.0
2019-03-25 11:05:00,1403.0,1403.0,1400.5,1403.0,21243400.0
2019-03-25 11:10:00,1402.99,1404.0,1401.0,1402.5,21747800.0
2019-03-25 11:15:00,1402.0,1403.0,1399.5,1401.5,33074900.0
2019-03-25 11:20:00,1401.5,1404.0,1400.0,1400.0,38220700.0
2019-03-25 11:25:00,1400.0,1404.0,1400.0,1402.5,35626300.0
2019-03-25 11:30:00,1402.5,1406.99,1402.5,1406.0,20546800.0
2019-03-25 11:35:00,1406.5,1408.99,1406.5,1407.5,45569700.0
2019-03-25 11:40:00,1407.5,1412.0,1407.01,1411.5,36561700.0
2019-03-25 11:45:00,1411.5,1411.5,1410.0,1410.0,25456600.0
2019-03-25 11:50:00,1410.1000000000001,1412.0,1410.1000000000001,1412.0,28902500.0
2019-03-25 11:55:00,1412.0,1412.0,1410.0,1410.5,27394600.0
2019-03-25 12:00:00,1410.0,1411.0,1409.0,1410.5,17810600.0
2019-03-25 12:05:00,1410.5,1412.0,1410.5,1411.0,16778300.0
2019-03-25 12:10:00,1411.5,1412.0,1410.0,1411.5,27579700.0
2019-03-25 12:15:00,1411.0,1412.0,1411.0,1412.0,27219000.0
2019-03-25 12:20:00,1411.5,1412.0,1411.0,1412.0,6842600.0
2019-03-25 12:25:00,1411.5,1412.0,1405.0,1405.0,21875600.0
2019-03-25 12:30:00,1405.01,1405.01,1401.0,1401.0,20188300.0
2019-03-25 12:35:00,1401.0,1402.0,1400.0,1400.0,25127500.0
2019-03-25 12:40:00,1400.0,1405.5,1400.0,1403.0,47399600.0
2019-03-25 12:45:00,1402.0,1405.0,1402.0,1404.0,10443700.0
2019-03-25 12:50:00,1403.5,1404.0,1399.5,1400.53,33012700.0
2019-03-25 12:55:00,1400.0,1402.0,1400.0,1401.0,25150900.0
2019-03-25 13:00:00,1401.62,1402.5,1400.0,1401.0,11484800.0
2019-03-25 13:05:00,1401.0,1402.0,1400.0,1400.0,21291600.0
2019-03-25 13:10:00,1401.0,1402.5,1401.0,1402.0,12892100.0
2019-03-25 13:15:00,1403.0,1404.0,1401.0,1401.0,16688700.0
2019-03-25 13:20:00,1401.0,1402.5,1401.0,1402.0,15590400.0
2019-03-25 13:25:00,1402.5,1402.68,1401.0,1402.0,11096800.0
2019-03-25 13:30:00,1401.0,1401.5,1400.0,1400.0,18039300.0
2019-03-25 13:35:00,1401.0,1402.0,1399.0,1399.0,18757100.0
2019-03-25 13:40:00,1399.5,1404.0,1399.5,1404.0,13846200.0
2019-03-25 13:45:00,1404.0,1409.0,1404.0,1409.0,22896200.0
2019-03-25 13:50:00,1409.0,1414.0,1408.5,1414.0,27612000.0
2019-03-25 13:55:00,1414.0,1415.0,1413.36,1415.0,29413900.0
2019-03-25 14:00:00,1415.0,1418.0,1414.0,1417.5,42924600.0
2019-03-25 14:05:00,1417.0,1422.0,1417.0,1422.0,63345700.0
2019-03-25 14:10:00,1422.0,1424.0,1420.0,1423.0,38320200.0
2019-03-25 14:15:00,1423.0,1424.0,1420.0,1423.0,34849000.0
2019-03-25 14:20:00,1424.0,1425.0,1423.0,1424.0,33491500.0
2019-03-25 14:25:00,1424.0,1424.0,1420.0,1422.0,21770300.0
2019-03-25 14:30:00,1421.0,1425.0,1421.0,1422.0,30440000.0
2019-03-25 14:35:00,1422.0,1424.0,1421.0,1424.0,13898700.0
2019-03-25 14:40:00,1424.0,1426.5,1424.0,1425.0,29969800.0
2019-03-25 14:45:00,1425.0,1425.01,1423.0,1424.5,15331900.0
2019-03-25 14:50:00,1424.5,1426.0,1423.0,1423.0,37051900.0
2019-03-25 14:55:00,1423.5,1424.0,1418.0,1424.0,26263100.0
2019-03-25 15:00:00,1424.0,1425.0,1424.0,1425.0,15190200.0
2019-03-25 15:05:00,1424.5,1424.5,1420.5,1423.5,32565400.0
2019-03-25 15:10:00,1423.0,1426.0,1423.0,1426.0,18848200.0
2019-03-25 15:15:00,1425.5,1429.0,1425.0,1429.0,30889700.0
2019-03-25 15:20:00,1429.0,1430.0,1428.0,1429.0,21866800.0
2019-03-25 15:25:00,1429.5,1431.0,1428.0,1428.0,48929300.0
2019-03-25 15:30:00,1427.0,1428.0,1427.0,1427.0,12249000.0
2019-03-25 15:35:00,1427.0,1428.0,1424.0,1424.0,30252600.0
2019-03-25 15:40:00,1424.0,1425.0,1422.0,1424.5,31402400.0
2019-03-25 15:45:00,1424.5,1430.0,1424.0,1428.0,58804900.0
2019-03-25 15:50:00,1428.0,1428.0,1425.0,1425.0,44885500.0
2019-03-25 15:55:00,1425.0,1427.0,1423.5,1426.0,83166400.0
2019-03-25 16:00:00,1426.5,1431.0,1425.0,1429.0,186358100.0
2019-03-26 09:35:00,1410.0,1413.0,1403.0,1409.0,85073600.0
2019-03-26 09:40:00,1409.0,1417.0,1407.0,1408.5,51443900.0
2019-03-26 09:45:00,1410.0,1417.0,1410.0,1415.0,29221000.0
2019-03-26 09:50:00,1416.0,1416.0,1410.5,1415.0,34465300.0
2019-03-26 09:55:00,1415.0,1421.0,1413.0,1415.0,37957900.0
2019-03-26 10:00:00,1415.0,1416.0,1412.0,1414.0,39411300.0
2019-03-26 10:05:00,1414.0,1423.0,1413.5,1423.0,38964500.0
2019-03-26 10:10:00,1422.0,1424.5,1422.0,1423.0,33442500.0
2019-03-26 10:15:00,1422.0,1422.0,1419.0,1421.0,29304800.0
2019-03-26 10:20:00,1420.5,1421.0,1419.0,1421.0,23414400.0
2019-03-26 10:25:00,1421.0,1422.0,1419.0,1421.5,16475300.0
2019-03-26 10:30:00,1422.0,1424.0,1421.5,1422.0,18309500.0
2019-03-26 10:35:00,1422.0,1425.0,1421.5,1424.0,21550400.0
2019-03-26 10:40:00,1424.0,1427.0,1424.0,1427.0,19952400.0
2019-03-26 10:45:00,1426.5,1432.0,1426.5,1429.0,61130200.0
2019-03-26 10:50:00,1429.0,1433.0,1429.0,1432.0,15405100.0
2019-03-26 10:55:00,1433.0,1433.0,1428.0,1430.0,17284100.0
2019-03-26 11:00:00,1430.0,1431.0,1429.0,1429.0,16951700.0
2019-03-26 11:05:00,1430.0,1431.0,1426.0,1426.0,20048900.0
2019-03-26 11:10:00,1426.0,1427.62,1424.5,1427.62,31685300.0
2019-03-26 11:15:00,1427.5,1433.0,1427.0,1432.5,26866800.0
2019-03-26 11:20:00,1431.0,1432.5,1430.0,1431.49,14251900.0
2019-03-26 11:25:00,1431.0,1432.0,1431.0,1431.5,5519800.0
2019-03-26 11:30:00,1431.5,1433.0,1431.0,1432.0,20016900.0
2019-03-26 11:35:00,1432.01,1436.0,1432.0,1436.0,27220400.0
2019-03-26 11:40:00,1435.5,1436.0,1433.0,1434.5,25373200.0
2019-03-26 11:45:00,1435.0,1436.0,1430.0,1431.5,27854400.0
2019-03-26 11:50:00,1431.0,1431.0,1426.0,1426.0,19394900.0
2019-03-26 11:55:00,1426.0,1428.5,1426.0,1428.0,9495100.0
2019-03-26 12:00:00,1428.0,1432.0,1428.0,1432.0,10113200.0
2019-03-26 12:05:00,1431.5,1431.5,1428.0,1429.0,23777800.0
2019-03-26 12:10:00,1429.81,1430.0,1427.0,1427.0,9953400.0
2019-03-26 12:15:00,1427.48,1431.5,1427.48,1431.0,13497500.0
2019-03-26 12:20:00,1431.99,1433.0,1428.0,1430.0,19570700.0
2019-03-26 12:25:00,1430.0,1431.0,1429.0,1431.0,8023300.0
2019-03-26 12:30:00,1431.0,1434.0,1430.0,1432.0,27894000.0
2019-03-26 12:35:00,1432.0,1432.0,1425.0,1425.0,25042900.0
2019-03-26 12:40:00,1425.5,1427.5,1425.5,1427.0,16374000.0
2019-03-26 12:45:00,1427.5,1429.0,1426.0,1428.5,38246600.0
2019-03-26 12:50:00,1428.0,1430.0,1427.0,1429.0,21504400.0
2019-03-26 12:55:00,1429.0,1432.0,1429.0,1432.0,14002100.0
2019-03-26 13:00:00,1432.0,1434.0,1431.0,1432.0,15236500.0
2019-03-26 13:05:00,1432.48,1436.0,1432.48,1434.0,13080600.0
2019-03-26 13:10:00,1434.0,1434.5,1433.5,1434.0,7341800.0
2019-03-26 13:15:00,1433.0,1433.5,1430.5,1431.5,11345600.0
2019-03-26 13:20:00,1432.0,1433.5,1431.5,1432.0,11497400.0
2019-03-26 13:25:00,1433.0,1433.86,1432.0,1432.5,7988200.0
2019-03-26 13:30:00,1432.5,1436.0,1432.5,1436.0,9432900.0
2019-03-26 13:35:00,1435.5,1436.0,1434.0,1435.0,13179400.0
2019-03-26 13:40:00,1435.0,1435.0,1433.0,1434.0,10810800.0
2019-03-26 13:45:00,1434.0,1436.0,1434.0,1435.5,12385900.0
2019-03-26 13:50:00,1435.0,1437.5,1435.0,1435.0,15705200.0
2019-03-26 13:55:00,1435.0,1435.6999999999998,1434.0,1434.0,6115000.0
2019-03-26 14:00:00,1434.5,1437.75,1434.0,1437.5,11712800.0
2019-03-26 14:05:00,1437.0,1438.0,1434.5,1435.0,28344000.0
2019-03-26 14:10:00,1435.0,1438.0,1435.0,1438.0,17844300.0
2019-03-26 14:15:00,1439.0,1441.5,1438.0,1441.0,24205700.0
2019-03-26 14:20:00,1441.0,1441.0,1437.0,1438.0,17304000.0
2019-03-26 14:25:00,1437.5,1440.5,1437.5,1440.5,10905800.0
2019-03-26 14:30:00,1440.5,1441.0,1439.5,1441.0,17776900.0
2019-03-26 14:35:00,1441.0,1445.0,1440.0,1445.0,26827600.0
2019-03-26 14:40:00,1444.9,1446.0,1441.0,1441.0,36017400.0
2019-03-26 14:45:00,1441.0,1444.5,1440.5,1444.5,11832100.0
2019-03-26 14:50:00,1444.5,1445.0,1442.46,1443.0,22035000.0
2019-03-26 14:55:00,1442.5,1447.5,1442.38,1447.4,19244400.0
2019-03-26 15:00:00,1448.0,1449.0,1446.5,1446.5,30395000.0
2019-03-26 15:05:00,1447.0,1448.0,1447.0,1448.0,18057100.0
2019-03-26 15:10:00,1447.5,1450.0,1446.0,1446.5,33170200.0
2019-03-26 15:15:00,1446.0,1450.0,1446.0,1449.0,17555000.0
2019-03-26 15:20:00,1449.0,1449.0,1444.0,1444.0,27777000.0
2019-03-26 15:25:00,1444.0,1446.0,1444.0,1445.1000000000001,26928300.0
2019-03-26 15:30:00,1445.5,1446.0,1444.0,1445.5,15427400.0
2019-03-26 15:35:00,1446.0,1446.0,1443.0,1443.5,37635200.0
2019-03-26 15:40:00,1443.5,1444.0,1443.0,1443.0,13550800.0
2019-03-26 15:45:00,1443.0,1448.0,1443.0,1447.5,40226600.0
2019-03-26 15:50:00,1447.5,1450.0,1447.5,1449.5,55751000.0
2019-03-26 15:55:00,1449.5,1451.0,1449.0,1449.5,80171400.0
2019-03-26 16:00:00,1449.5,1450.0,1448.0,1450.0,158642000.0
2019-03-27 09:35:00,1447.0,1453.0,1444.0,1450.5,60230900.0
2019-03-27 09:40:00,1450.0,1454.0,1445.0,1445.5,38340300.0
2019-03-27 09:45:00,1444.0,1444.0,1430.0,1430.5,57337400.0
2019-03-27 09:50:00,1430.5,1434.0,1426.0,1434.0,39480300.0
2019-03-27 09:55:00,1435.0,1435.0,1429.0,1433.0,35552000.0
2019-03-27 10:00:00,1433.0,1439.0,1432.99,1432.99,22100000.0
2019-03-27 10:05:00,1433.0,1438.0,1432.0,1432.0,17538900.0
2019-03-27 10:10:00,1431.01,1433.0,1429.0,1432.0,22285100.0
2019-03-27 10:15:00,1432.0,1432.0,1429.0,1429.0,14391000.0
2019-03-27 10:20:00,1429.0,1430.0,1428.0,1429.5,8378300.0
2019-03-27 10:25:00,1429.0,1431.0,1428.5,1430.0,10130100.0
2019-03-27 10:30:00,1431.0,1433.0,1430.0,1433.0,13902600.0
2019-03-27 10:35:00,1434.0,1435.0,1432.1,1433.0,12206800.0
2019-03-27 10:40:00,1434.0,1437.5,1432.0,1435.0,20890700.0
2019-03-27 10:45:00,1437.0,1443.0,1437.0,1440.0,24146300.0
2019-03-27 10:50:00,1439.0,1440.0,1437.0,1437.0,6495500.0
2019-03-27 10:55:00,1436.0,1440.5,1434.5,1440.5,20286200.0
2019-03-27 11:00:00,1440.99,1445.0,1440.99,1445.0,14106300.0
2019-03-27 11:05:00,1445.0,1446.0,1439.0,1439.0,24392600.0
2019-03-27 11:10:00,1439.0,1439.0,1434.09,1436.0,9865000.0
2019-03-27 11:15:00,1435.0,1437.0,1434.0,1435.0,12824400.0
2019-03-27 11:20:00,1435.0,1435.5,1433.0,1435.0,13104700.0
2019-03-27 11:25:00,1435.0,1437.16,1434.5,1437.0,9007200.0
2019-03-27 11:30:00,1437.0,1438.0,1436.0,1437.0,16979500.0
2019-03-27 11:35:00,1436.0,1436.0,1434.0,1434.0,15455700.0
2019-03-27 11:40:00,1434.0,1436.0,1434.0,1436.0,10789000.0
2019-03-27 11:45:00,1436.0,1436.0,1432.0,1432.5,12995900.0
2019-03-27 11:50:00,1432.0,1433.0,1430.0,1433.0,21947300.0
2019-03-27 11:55:00,1432.0,1435.0,1432.0,1432.5,9905000.0
2019-03-27 12:00:00,1433.0,1435.0,1431.0,1432.0,7622500.0
2019-03-27 12:05:00,1432.84,1432.84,1429.5,1430.0,14283800.0
2019-03-27 12:10:00,1430.5,1434.0,1429.5,1431.0,16232000.0
2019-03-27 12:15:00,1431.0,1432.5,1430.5,1432.0,7215500.0
2019-03-27 12:20:00,1432.0,1432.0,1430.0,1430.0,13135800.0
2019-03-27 12:25:00,1429.0,1429.0,1427.0,1429.0,19881400.0
2019-03-27 12:30:00,1428.0,1429.0,1424.0,1425.0,27129200.0
2019-03-27 12:35:00,1424.0,1424.0,1422.0,1422.0,11175200.0
2019-03-27 12:40:00,1422.5,1426.0,1422.0,1426.0,18583700.0
2019-03-27 12:45:00,1426.0,1429.4499999999998,1425.0,1429.4499999999998,12175700.0
2019-03-27 12:50:00,1430.0,1433.0,1429.5,1433.0,12886600.0
2019-03-27 12:55:00,1432.5,1436.0,1431.0,1436.0,7841300.0
2019-03-27 13:00:00,1435.5,1438.0,1435.5,1438.0,7031800.0
2019-03-27 13:05:00,1437.0,1439.0,1437.0,1438.0,15789600.0
2019-03-27 13:10:00,1438.5,1438.5,1437.0,1437.0,4603700.0
2019-03-27 13:15:00,1436.0,1437.0,1434.0,1436.0,7561100.0
2019-03-27 13:20:00,1436.0,1436.0,1434.0,1434.0,4133600.0
2019-03-27 13:25:00,1433.0,1434.0,1432.0,1432.0,4465700.0
2019-03-27 13:30:00,1433.0,1437.0,1433.0,1437.0,3513200.0
2019-03-27 13:35:00,1437.0,1437.0,1435.0,1436.0,4281200.0
2019-03-27 13:40:00,1435.5,1435.5,1434.0,1434.0,3789300.0
2019-03-27 13:45:00,1434.5,1436.0,1431.1,1432.5,9700900.0
2019-03-27 13:50:00,1433.0,1433.0,1428.0,1428.01,15976900.0
2019-03-27 13:55:00,1429.0,1431.0,1428.0,1431.0,4539500.0
2019-03-27 14:00:00,1431.0,1431.0,1428.0,1428.0,8609900.0
2019-03-27 14:05:00,1428.0,1429.0,1427.0,1427.0,8275000.0
2019-03-27 14:10:00,1426.5,1426.5,1424.0,1424.5,16777600.0
2019-03-27 14:15:00,1425.0,1427.0,1425.0,1426.0,12638600.0
2019-03-27 14:20:00,1427.0,1428.0,1424.5,1425.0,9968800.0
2019-03-27 14:25:00,1425.0,1425.0,1422.0,1424.5,30120000.0
2019-03-27 14:30:00,1424.0,1424.0,1421.5,1424.0,14765700.0
2019-03-27 14:35:00,1424.0,1425.0,1422.0,1423.0,8886700.0
2019-03-27 14:40:00,1424.0,1424.0,1422.0,1422.0,11656100.0
2019-03-27 14:45:00,1422.0,1424.0,1420.5,1420.5,15404300.0
2019-03-27 14:50:00,1421.0,1423.5,1421.0,1423.0,8863600.0
2019-03-27 14:55:00,1423.0,1423.0,1421.0,1421.0,10154900.0
2019-03-27 15:00:00,1421.5,1422.5,1420.0,1422.5,6740800.0
2019-03-27 15:05:00,1423.0,1424.0,1422.0,1424.0,3688200.0
2019-03-27 15:10:00,1424.0,1425.0,1424.0,1425.0,7672800.0
2019-03-27 15:15:00,1426.0,1426.5,1424.1,1425.0,6240300.0
2019-03-27 15:20:00,1425.0,1427.0,1424.0,1426.5,11931000.0
2019-03-27 15:25:00,1426.0,1427.0,1425.0,1425.01,6163200.0
2019-03-27 15:30:00,1425.5,1426.0,1425.0,1425.5,1975400.0
2019-03-27 15:35:00,1426.0,1429.0,1426.0,1429.0,10115600.0
2019-03-27 15:40:00,1429.0,1429.5,1427.0,1427.5,13407200.0
2019-03-27 15:45:00,1427.0,1428.71,1426.0,1427.0,16406900.0
2019-03-27 15:50:00,1427.5,1428.0,1426.0,1426.0,12071900.0
2019-03-27 15:55:00,1426.0,1428.0,1425.0,1427.5,35689500.0
2019-03-27 16:00:00,1428.0,1428.0,1425.0,1425.0,68496300.0
