,Date,Close,ema
0,2014-09-29,7958.899901999999,
1,2014-09-30,7964.799805,
2,2014-10-01,7945.549805,
3,2014-10-07,7852.399901999999,
4,2014-10-08,7842.700195,
5,2014-10-09,7960.549805,
6,2014-10-10,7859.950195,
7,2014-10-13,7884.25,
8,2014-10-14,7864.0,7903.677734333333
10,2014-10-16,7748.200195,7872.582226466667
11,2014-10-17,7779.700195,7854.005820173334
12,2014-10-20,7879.399901999999,7859.084636538667
13,2014-10-21,7927.75,7872.817709230934
14,2014-10-22,7995.899901999999,7897.434147784748
15,2014-10-27,7991.700195,7916.287357227799
16,2014-10-28,8027.600098000001,7938.54990538224
17,2014-10-29,8090.450195,7968.929963305793
18,2014-10-30,8169.200195,8008.984009644635
19,2014-10-31,8322.200195,8071.627246715709
20,2014-11-03,8324.150391,8122.131875572567
21,2014-11-05,8338.299805,8165.365461458055
22,2014-11-07,8337.0,8199.692369166443
23,2014-11-10,8344.25,8228.603895333155
24,2014-11-11,8362.650391,8255.413194466524
25,2014-11-12,8383.299805,8280.99051657322
26,2014-11-13,8357.849609,8296.362335058577
27,2014-11-14,8389.900391,8315.069946246862
28,2014-11-17,8430.75,8338.20595699749
29,2014-11-18,8425.900391,8355.744843797991
30,2014-11-19,8382.299805,8361.055836038393
31,2014-11-20,8401.900391,8369.224747030716
32,2014-11-21,8477.349609,8390.849719424574
33,2014-11-24,8530.150391,8418.70985373966
34,2014-11-25,8463.099609,8427.587804791729
35,2014-11-26,8475.75,8437.220243833382
36,2014-11-27,8494.200195,8448.616234066707
37,2014-11-28,8588.25,8476.542987253366
38,2014-12-01,8555.900391,8492.414468002693
39,2014-12-02,8524.700195,8498.871613402156
40,2014-12-03,8537.650391,8506.627368921725
41,2014-12-04,8564.400391,8518.181973337381
42,2014-12-05,8538.299805,8522.205539669907
43,2014-12-08,8438.25,8505.414431735926
44,2014-12-09,8340.700195,8472.47158438874
45,2014-12-10,8355.650391,8449.107345710992
46,2014-12-11,8292.900391,8417.865954768795
47,2014-12-12,8224.099609,8379.112685615037
48,2014-12-15,8219.599609,8347.210070292029
49,2014-12-16,8067.600098000001,8291.288075833623
50,2014-12-17,8029.799805,8238.990421666898
51,2014-12-18,8159.299805,8223.05229833352
52,2014-12-19,8225.200195,8223.481877666816
53,2014-12-22,8324.0,8243.585502133454
54,2014-12-23,8267.0,8248.268401706764
55,2014-12-24,8174.100098000001,8233.434740965411
56,2014-12-26,8200.700195,8226.887831772328
57,2014-12-29,8246.299805,8230.770226417862
58,2014-12-30,8248.25,8234.26618113429
59,2014-12-31,8282.700195,8243.952983907431
61,2015-01-02,8395.450195,8274.252426125946
62,2015-01-05,8378.400391,8295.082019100757
63,2015-01-06,8127.350098000001,8261.535634880605
64,2015-01-07,8102.100098000001,8229.648527504485
65,2015-01-08,8234.599609,8230.638743803589
66,2015-01-09,8284.5,8241.410995042872
67,2015-01-12,8323.0,8257.728796034298
68,2015-01-13,8299.400391,8266.063115027438
69,2015-01-14,8277.549805,8268.36045302195
70,2015-01-15,8494.150391,8313.518440617561
71,2015-01-16,8513.799805,8353.57471349405
72,2015-01-19,8550.700195,8392.999809795241
73,2015-01-20,8695.599609,8453.519769636194
74,2015-01-21,8729.5,8508.715815708956
75,2015-01-22,8761.400391,8559.252730767164
76,2015-01-23,8835.599609,8614.522106413733
77,2015-01-27,8910.5,8673.717685130987
78,2015-01-28,8914.299805,8721.83410910479
79,2015-01-29,8952.349609,8767.937209083831
80,2015-01-30,8808.900391,8776.129845467065
81,2015-02-02,8797.400391,8780.383954573652
82,2015-02-03,8756.549805,8775.617124658922
83,2015-02-04,8723.700195,8765.233738727138
84,2015-02-05,8711.700195,8754.527029981711
85,2015-02-06,8661.049805,8735.83158498537
86,2015-02-09,8526.349609,8693.935189788297
87,2015-02-10,8565.549805,8668.258112830637
88,2015-02-11,8627.400391,8660.08656846451
89,2015-02-12,8711.549805,8670.379215771609
90,2015-02-13,8805.5,8697.403372617287
91,2015-02-16,8809.349609,8719.79261989383
92,2015-02-18,8869.099609,8749.654017715064
93,2015-02-19,8895.299805,8778.783175172051
94,2015-02-20,8833.599609,8789.746461937642
95,2015-02-23,8754.950195,8782.787208550115
96,2015-02-24,8762.099609,8778.649688640093
97,2015-02-25,8767.25,8776.369750912076
98,2015-02-26,8683.849609,8757.865722529661
99,2015-02-27,8844.599609,8775.21249982373
101,2015-03-02,8956.75,8811.519999858985
102,2015-03-03,8996.25,8848.465999887188
103,2015-03-04,8922.650391,8863.302878109751
104,2015-03-05,8937.75,8878.192302487801
105,2015-03-09,8756.75,8853.90384199024
106,2015-03-10,8712.049805,8825.533034592194
107,2015-03-11,8699.950195,8800.416466673756
108,2015-03-12,8776.0,8795.533173339005
109,2015-03-13,8647.75,8765.976538671204
110,2015-03-16,8633.150391,8739.411309136964
111,2015-03-17,8723.299805,8736.189008309571
112,2015-03-18,8685.900391,8726.131284847657
113,2015-03-19,8634.650391,8707.835106078126
114,2015-03-20,8570.900391,8680.448163062501
115,2015-03-23,8550.900391,8654.53860865
116,2015-03-24,8542.950195,8632.22092592
117,2015-03-25,8530.799805,8611.936701736002
118,2015-03-26,8342.150391,8557.979439588802
119,2015-03-27,8341.400391,8514.663629871042
120,2015-03-30,8492.299805,8510.190864896835
121,2015-03-31,8491.0,8506.35269191747
122,2015-04-01,8586.25,8522.332153533975
123,2015-04-06,8659.900391,8549.84580102718
124,2015-04-07,8660.299805,8571.936601821746
125,2015-04-08,8714.400391,8600.429359657397
126,2015-04-09,8778.299805,8636.003448725918
127,2015-04-10,8780.349609,8664.872680780736
128,2015-04-13,8834.0,8698.698144624588
130,2015-04-16,8706.700195,8700.298554699672
131,2015-04-17,8606.0,8681.438843759737
132,2015-04-20,8448.099609,8634.77099680779
133,2015-04-21,8377.75,8583.366797446233
134,2015-04-22,8429.700195,8552.633476956988
135,2015-04-23,8398.299805,8521.76674256559
136,2015-04-24,8305.25,8478.463394052473
137,2015-04-27,8213.799805,8425.530676241979
138,2015-04-28,8285.599609,8397.544462793583
139,2015-04-29,8239.75,8365.985570234867
140,2015-04-30,8181.5,8329.088456187894
141,2015-05-04,8331.950195,8329.660803950315
142,2015-05-05,8324.799805,8328.688604160252
143,2015-05-06,8097.0,8282.350883328201
144,2015-05-07,8057.299805,8237.340667662562
145,2015-05-08,8191.5,8228.17253413005
146,2015-05-11,8325.25,8247.58802730404
147,2015-05-12,8126.950195,8223.460460843233
148,2015-05-13,8235.450195,8225.858407674586
149,2015-05-14,8224.200195,8225.52676513967
150,2015-05-15,8262.349609,8232.891333911737
151,2015-05-18,8373.650391,8261.04314532939
152,2015-05-19,8365.650391,8281.964594463512
153,2015-05-20,8423.25,8310.22167557081
154,2015-05-21,8421.0,8332.37734045665
155,2015-05-22,8458.950195,8357.69191136532
156,2015-05-25,8370.25,8360.203529092258
157,2015-05-26,8339.349609,8356.032745073808
158,2015-05-27,8334.599609,8351.746117859046
159,2015-05-28,8319.0,8345.196894287237
160,2015-05-29,8433.650391,8362.88759362979
161,2015-06-01,8433.400391,8376.990153103832
162,2015-06-02,8236.450195,8348.882161483067
163,2015-06-03,8135.100098000001,8306.125748786453
164,2015-06-04,8130.649901999999,8271.030579429163
165,2015-06-05,8114.700195,8239.76450254333
166,2015-06-08,8044.149901999999,8200.641582434664
167,2015-06-09,8022.399901999999,8164.993246347731
168,2015-06-10,8124.450195,8156.8846360781845
169,2015-06-11,7965.350098000001,8118.577728462547
170,2015-06-12,7982.899901999999,8091.442163170038
171,2015-06-15,8013.899901999999,8075.93371093603
172,2015-06-16,8047.299805,8070.206929748825
173,2015-06-17,8091.549805,8074.47550479906
174,2015-06-18,8174.600098000001,8094.500423439249
175,2015-06-19,8224.950195,8120.5903777513995
176,2015-06-22,8353.099609,8167.0922240011205
177,2015-06-23,8381.549805,8209.983740200898
178,2015-06-24,8360.849609,8240.15691396072
179,2015-06-25,8398.0,8271.725531168577
180,2015-06-26,8381.099609,8293.600346734862
181,2015-06-29,8318.400391,8298.56035558789
182,2015-06-30,8368.5,8312.548284470313
183,2015-07-01,8453.049805,8340.64858857625
184,2015-07-02,8444.900391,8361.498949061
185,2015-07-03,8484.900391,8386.179237448801
186,2015-07-06,8522.150391,8413.373468159041
187,2015-07-07,8510.799805,8432.858735527234
188,2015-07-08,8363.049805,8418.896949421787
189,2015-07-09,8328.549805,8400.82752053743
190,2015-07-10,8360.549805,8392.771977429944
191,2015-07-13,8459.650391,8406.147660143955
192,2015-07-14,8454.099609,8415.738049915166
193,2015-07-15,8523.799805,8437.350400932133
194,2015-07-16,8608.049805,8471.490281745708
195,2015-07-17,8609.849609,8499.162147196566
196,2015-07-20,8603.450195,8520.019756757254
197,2015-07-21,8529.450195,8521.905844405803
198,2015-07-22,8633.5,8544.224675524643
199,2015-07-23,8589.799805,8553.339701419714
200,2015-07-24,8521.549805,8546.981722135772
201,2015-07-27,8361.0,8509.785377708618
202,2015-07-28,8337.0,8475.228302166895
203,2015-07-29,8375.049805,8455.192602733518
204,2015-07-30,8421.799805,8448.514043186815
205,2015-07-31,8532.849609,8465.381156349453
206,2015-08-03,8543.049805,8480.914886079563
207,2015-08-04,8516.900391,8488.11198706365
208,2015-08-05,8567.950195,8504.079628650921
209,2015-08-06,8588.650391,8520.993781120736
210,2015-08-07,8564.599609,8529.71494669659
211,2015-08-10,8525.599609,8528.891879157272
212,2015-08-11,8462.349609,8515.583425125818
213,2015-08-12,8349.450195,8482.356779100655
214,2015-08-13,8355.849609,8457.055345080524
215,2015-08-14,8518.549805,8469.354237064419
216,2015-08-17,8477.299805,8470.943350651536
217,2015-08-18,8466.549805,8470.06464152123
218,2015-08-19,8495.150391,8475.081791416984
219,2015-08-20,8372.75,8454.615433133587
220,2015-08-21,8299.950195,8423.68238550687
221,2015-08-24,7809.0,8300.745908405497
222,2015-08-25,7880.700195,8216.736765724398
223,2015-08-26,7791.850098000001,8131.759432179519
224,2015-08-27,7948.950195,8095.197584743616
225,2015-08-28,8001.950195,8076.548106794893
226,2015-08-31,7971.299805,8055.498446435915
227,2015-09-01,7785.850098000001,8001.5687767487325
228,2015-09-02,7717.0,7944.655021398987
229,2015-09-03,7823.0,7920.32401711919
230,2015-09-04,7655.049805,7867.269174695352
231,2015-09-07,7558.799805,7805.575300756282
232,2015-09-08,7688.25,7782.110240605025
233,2015-09-09,7818.600098000001,7789.40821208402
234,2015-09-10,7788.100098000001,7789.146589267217
235,2015-09-11,7789.299805,7789.177232413774
236,2015-09-14,7872.25,7805.791785931019
237,2015-09-15,7829.100098000001,7810.453448344815
238,2015-09-16,7899.149901999999,7828.192739075852
239,2015-09-18,7981.899901999999,7858.934171660682
240,2015-09-21,7977.100098000001,7882.567356928546
241,2015-09-22,7812.0,7868.453885542838
242,2015-09-23,7845.950195,7863.953147434271
243,2015-09-24,7868.5,7864.8625179474175
244,2015-09-28,7795.700195,7851.030053357934
245,2015-09-29,7843.299805,7849.484003686348
246,2015-09-30,7948.899901999999,7869.367183349078
247,2015-10-01,7950.899901999999,7885.673727079263
248,2015-10-05,8119.299805,7932.398942663411
249,2015-10-06,8152.899901999999,7976.499134530729
250,2015-10-07,8177.399901999999,8016.679288024583
251,2015-10-08,8129.350098000001,8039.213450019667
252,2015-10-09,8189.700195,8069.310799015734
253,2015-10-12,8143.600098000001,8084.168658812588
254,2015-10-13,8131.700195,8093.67496605007
255,2015-10-14,8107.899901999999,8096.519953240057
256,2015-10-15,8179.5,8113.115962592046
257,2015-10-16,8238.150391,8138.122848273637
258,2015-10-19,8275.049805,8165.50823961891
259,2015-10-20,8261.650391,8184.736669895128
260,2015-10-21,8251.700195,8198.129374916103
261,2015-10-23,8295.450195,8217.593538932882
262,2015-10-26,8260.549805,8226.184792146307
263,2015-10-27,8232.900391,8227.527911917046
264,2015-10-28,8171.200195,8216.262368533637
265,2015-10-29,8111.75,8195.35989482691
266,2015-10-30,8065.799805,8169.447876861529
267,2015-11-02,8050.799805,8145.718262489224
268,2015-11-03,8060.700195,8128.714648991379
269,2015-11-04,8040.200195,8111.0117581931045
270,2015-11-05,7955.450195,8079.8994455544835
271,2015-11-06,7954.299805,8054.779517443587
272,2015-11-09,7915.200195,8026.86365295487
273,2015-11-10,7783.350098000001,7978.160941963897
274,2015-11-13,7762.25,7934.9787535711175
275,2015-11-16,7806.600098000001,7909.303022456894
276,2015-11-17,7837.549805,7894.952378965515
277,2015-11-18,7731.799805,7862.3218641724125
278,2015-11-19,7842.75,7858.407491337931
279,2015-11-20,7856.549805,7858.035954070345
280,2015-11-23,7849.25,7856.278763256277
281,2015-11-24,7831.600098000001,7851.343030205022
282,2015-11-26,7883.799805,7857.8343851640175
283,2015-11-27,7942.700195,7874.807547131215
284,2015-11-30,7935.25,7886.8960377049725
285,2015-12-01,7954.899901999999,7900.496810563978
286,2015-12-02,7931.350098000001,7906.667468051183
287,2015-12-03,7864.149901999999,7898.163954840947
288,2015-12-04,7781.899901999999,7874.911144272758
289,2015-12-07,7765.399901999999,7853.008895818207
290,2015-12-08,7701.700195,7822.747155654566
291,2015-12-09,7612.5,7780.697724523653
292,2015-12-10,7683.299805,7761.218140618923
293,2015-12-11,7610.450195,7731.064551495139
294,2015-12-14,7650.049805,7714.861602196112
295,2015-12-15,7700.899901999999,7712.06926215689
296,2015-12-16,7750.899901999999,7719.835390125512
297,2015-12-17,7844.350098000001,7744.7383317004105
298,2015-12-18,7761.950195,7748.1807043603285
299,2015-12-21,7834.450195,7765.434602488263
300,2015-12-22,7786.100098000001,7769.567701590611
301,2015-12-23,7865.950195,7788.84420027249
302,2015-12-24,7861.049805,7803.2853212179925
303,2015-12-28,7925.149901999999,7827.658237374394
304,2015-12-29,7928.950195,7847.916628899516
305,2015-12-30,7896.25,7857.5833031196125
306,2015-12-31,7946.350098000001,7875.336662095691
308,2016-01-04,7791.299805,7858.5292906765535
309,2016-01-05,7784.649901999999,7843.753412941243
310,2016-01-06,7741.0,7823.202730352995
311,2016-01-07,7568.299805,7772.222145282397
312,2016-01-08,7601.350098000001,7738.047735825919
313,2016-01-11,7563.850098000001,7703.208208260736
314,2016-01-12,7510.299805,7664.626527608589
315,2016-01-13,7562.399901999999,7644.1812024868705
316,2016-01-14,7536.799805,7622.7049229894965
317,2016-01-15,7437.799805,7585.723899391597
318,2016-01-18,7351.0,7538.779119513278
319,2016-01-19,7435.100098000001,7518.043315210623
320,2016-01-20,7309.299805,7476.294613168499
321,2016-01-21,7276.799805,7436.3956515348
322,2016-01-22,7422.450195,7433.60656022784
323,2016-01-25,7436.149901999999,7434.115228582272
324,2016-01-27,7437.75,7434.842182865818
325,2016-01-28,7424.649901999999,7432.803726692655
326,2016-01-29,7563.549805,7458.952942354124
327,2016-02-01,7555.950195,7478.3523928833
328,2016-02-02,7455.549805,7473.791875306641
329,2016-02-03,7361.799805,7451.393461245313
330,2016-02-04,7404.0,7441.914768996251
331,2016-02-05,7489.100098000001,7451.351834797002
332,2016-02-08,7387.25,7438.531467837602
333,2016-02-09,7298.200195,7410.465213270081
334,2016-02-10,7215.700195,7371.512209616065
335,2016-02-11,6976.350098000001,7292.479787292853
336,2016-02-12,6980.950195,7230.173868834283
337,2016-02-15,7162.950195,7216.729134067427
338,2016-02-16,7048.25,7183.0333072539415
339,2016-02-17,7108.450195,7168.1166848031535
340,2016-02-18,7191.75,7172.843347842523
341,2016-02-19,7210.75,7180.424678274019
342,2016-02-22,7234.549805,7191.249703619216
343,2016-02-23,7109.549805,7174.909723895374
344,2016-02-24,7018.700195,7143.6678181163
345,2016-02-25,6970.600098000001,7109.0542740930405
346,2016-02-26,7029.75,7093.193419274433
347,2016-02-29,6987.049805,7071.964696419547
348,2016-03-01,7222.299805,7102.031718135639
349,2016-03-02,7368.850098000001,7155.395394108512
350,2016-03-03,7475.600098000001,7219.43633488681
351,2016-03-04,7485.350098000001,7272.619087509449
352,2016-03-08,7485.299805,7315.155231007559
353,2016-03-09,7531.799805,7358.484145806048
354,2016-03-10,7486.149901999999,7384.017297044838
355,2016-03-11,7510.200195,7409.253876635871
356,2016-03-14,7538.75,7435.153101308697
357,2016-03-15,7460.600098000001,7440.2425006469575
358,2016-03-16,7498.75,7451.944000517567
359,2016-03-17,7512.549805,7464.065161414053
360,2016-03-18,7604.350098000001,7492.122148731243
361,2016-03-21,7704.25,7534.547718984995
362,2016-03-22,7714.899901999999,7570.618155587996
363,2016-03-23,7716.5,7599.794524470397
364,2016-03-28,7615.100098000001,7602.855639176319
365,2016-03-29,7597.0,7601.6845113410545
366,2016-03-30,7735.200195,7628.387648072844
367,2016-03-31,7738.399901999999,7650.390098858275
368,2016-04-01,7713.049805,7662.922040086621
369,2016-04-04,7758.799805,7682.097593069297
370,2016-04-05,7603.200195,7666.318113455438
371,2016-04-06,7614.350098000001,7655.924510364351
372,2016-04-07,7546.450195,7634.0296472914815
373,2016-04-08,7555.200195,7618.263756833186
374,2016-04-11,7671.399901999999,7628.890985866548
375,2016-04-12,7708.950195,7644.9028276932395
376,2016-04-13,7850.450195,7686.012301154593
377,2016-04-18,7914.700195,7731.749879923675
378,2016-04-20,7914.75,7768.34990393894
379,2016-04-21,7912.049805,7797.089884151153
380,2016-04-22,7899.299805,7817.5318683209225
381,2016-04-25,7855.049805,7825.035455656738
382,2016-04-26,7962.649901999999,7852.558344925391
383,2016-04-27,7979.899901999999,7878.026656340313
384,2016-04-28,7847.25,7871.87132507225
385,2016-04-29,7849.799805,7867.4570210578
386,2016-05-02,7805.899901999999,7855.145597246241
387,2016-05-03,7747.0,7833.516477796993
388,2016-05-04,7706.549805,7808.123143237594
389,2016-05-05,7735.5,7793.598514590076
390,2016-05-06,7733.450195,7781.568850672061
391,2016-05-09,7866.049805,7798.465041537649
392,2016-05-10,7887.799805,7816.33199423012
393,2016-05-11,7848.850098000001,7822.8356149840965
394,2016-05-12,7900.399901999999,7838.348472387277
395,2016-05-13,7814.899901999999,7833.658758309823
396,2016-05-16,7860.75,7839.077006647858
397,2016-05-17,7890.75,7849.411605318286
398,2016-05-18,7870.149901999999,7853.559264654629
399,2016-05-19,7783.399901999999,7839.527392123704
400,2016-05-20,7749.700195,7821.561952698964
401,2016-05-23,7731.049805,7803.459523159172
402,2016-05-24,7748.850098000001,7792.537638127338
403,2016-05-25,7934.899901999999,7821.010090901871
404,2016-05-26,8069.649901999999,7870.738053121498
405,2016-05-27,8156.649901999999,7927.9204228971985
406,2016-05-30,8178.5,7978.036338317759
407,2016-05-31,8160.100098000001,8014.449090254208
408,2016-06-01,8179.950195,8047.549311203367
409,2016-06-02,8218.950195,8081.829487962694
410,2016-06-03,8220.799805,8109.623551370156
411,2016-06-06,8201.049805,8127.908802096125
412,2016-06-07,8266.450195,8155.6170806769005
413,2016-06-08,8273.049805,8179.103625541521
414,2016-06-09,8203.599609,8184.002822233218
415,2016-06-10,8170.049805,8181.212218786574
416,2016-06-13,8110.600098000001,8167.08979462926
417,2016-06-14,8108.850098000001,8155.441855303408
418,2016-06-15,8206.599609,8165.673406042727
419,2016-06-16,8140.75,8160.688724834183
420,2016-06-17,8170.200195,8162.591018867347
421,2016-06-20,8238.5,8177.772815093877
422,2016-06-21,8219.900391,8186.198330275102
423,2016-06-22,8203.700195,8189.698703220082
424,2016-06-23,8270.450195,8205.849001576067
425,2016-06-24,8088.600098000001,8182.399220860854
426,2016-06-27,8094.700195,8164.859415688684
427,2016-06-28,8127.850098000001,8157.457552150947
428,2016-06-29,8204.0,8166.766041720758
429,2016-06-30,8287.75,8190.962833376607
430,2016-07-01,8328.349609,8218.440188501285
431,2016-07-04,8370.700195,8248.892189801029
432,2016-07-05,8335.950195,8266.303790840822
433,2016-07-07,8337.900391,8280.623110872659
434,2016-07-08,8323.200195,8289.138527698127
435,2016-07-11,8467.900391,8324.890900358503
436,2016-07-12,8521.049805,8364.122681286803
437,2016-07-13,8519.5,8395.198145029442
438,2016-07-14,8565.0,8429.158516023555
439,2016-07-15,8541.400391,8451.606891018844
440,2016-07-18,8508.700195,8463.025551815075
441,2016-07-19,8528.549805,8476.130402452061
442,2016-07-20,8565.849609,8494.07424376165
443,2016-07-21,8510.099609,8497.279316809321
444,2016-07-22,8541.200195,8506.063492447458
445,2016-07-25,8635.650391,8531.980872157967
446,2016-07-26,8590.650391,8543.714775926373
447,2016-07-27,8615.799805,8558.1317817411
448,2016-07-28,8666.299805,8579.76538639288
449,2016-07-29,8638.5,8591.512309114305
450,2016-08-01,8636.549805,8600.519808291445
451,2016-08-02,8622.900391,8604.995924833156
452,2016-08-03,8544.849609,8592.966661666525
453,2016-08-04,8551.099609,8584.593251133221
454,2016-08-05,8683.150391,8604.304679106577
455,2016-08-08,8711.349609,8625.713665085263
456,2016-08-09,8678.25,8636.22093206821
457,2016-08-10,8575.299805,8624.03670665457
458,2016-08-11,8592.150391,8617.659443523655
460,2016-08-16,8642.549805,8622.637515818924
461,2016-08-17,8624.049805,8622.91997365514
462,2016-08-18,8673.25,8632.985978924113
463,2016-08-19,8666.900391,8639.76886133929
464,2016-08-22,8629.150391,8637.645167271432
465,2016-08-23,8632.599609,8636.636055617146
466,2016-08-24,8650.299805,8639.368805493717
467,2016-08-25,8592.200195,8629.935083394976
468,2016-08-26,8572.549805,8618.45802771598
469,2016-08-29,8607.450195,8616.256461172785
470,2016-08-30,8744.349609,8641.875090738227
471,2016-08-31,8786.200195,8670.740111590581
472,2016-09-01,8774.650391,8691.522167472465
473,2016-09-02,8809.650391,8715.147812177973
474,2016-09-06,8943.0,8760.718249742378
475,2016-09-07,8917.950195,8792.164638793904
476,2016-09-08,8952.5,8824.231711035123
477,2016-09-09,8866.700195,8832.725407828098
478,2016-09-12,8715.599609,8809.300248062478
479,2016-09-14,8726.599609,8792.760120249983
480,2016-09-15,8742.549805,8782.718057199987
481,2016-09-16,8779.849609,8782.14436755999
482,2016-09-19,8808.400391,8787.395572247991
483,2016-09-20,8775.900391,8785.096535998393
484,2016-09-21,8777.150391,8783.507306998716
485,2016-09-22,8867.450195,8800.295884598972
486,2016-09-23,8831.549805,8806.546668679179
487,2016-09-26,8723.049805,8789.847295943344
488,2016-09-27,8706.400391,8773.157914954676
489,2016-09-28,8745.150391,8767.556410163741
490,2016-09-29,8591.25,8732.295128130994
491,2016-09-30,8611.150391,8708.066180704796
492,2016-10-03,8738.099609,8714.072866363837
493,2016-10-04,8769.150391,8725.088371291069
494,2016-10-05,8743.950195,8728.860736032855
495,2016-10-06,8709.549805,8724.998549826285
496,2016-10-07,8697.599609,8719.51876166103
497,2016-10-10,8708.799805,8717.374970328823
498,2016-10-13,8573.349609,8688.569898063059
499,2016-10-14,8583.400391,8667.535996650447
500,2016-10-17,8520.400391,8638.108875520358
501,2016-10-18,8677.900391,8646.067178616287
502,2016-10-19,8659.099609,8648.673664693031
503,2016-10-20,8699.400391,8658.819009954426
504,2016-10-21,8693.049805,8665.665168963542
505,2016-10-24,8708.950195,8674.322174170833
506,2016-10-25,8691.299805,8677.717700336667
507,2016-10-26,8615.25,8665.224160269334
508,2016-10-27,8615.25,8655.229328215468
509,2016-10-28,8638.0,8651.783462572375
510,2016-11-01,8626.25,8646.6767700579
511,2016-11-02,8514.0,8620.141416046321
512,2016-11-03,8484.950195,8593.103171837058
513,2016-11-04,8433.75,8561.232537469647
514,2016-11-07,8497.049805,8548.395990975718
515,2016-11-08,8543.549805,8547.426753780575
516,2016-11-09,8432.0,8524.34140302446
517,2016-11-10,8525.75,8524.623122419569
518,2016-11-11,8296.299805,8478.958458935656
519,2016-11-15,8108.450195,8404.856806148526
520,2016-11-16,8111.600098000001,8346.205464518822
521,2016-11-17,8079.950195,8292.954410615057
522,2016-11-18,8074.100098000001,8249.183548092045
523,2016-11-21,7929.100098000001,8185.166858073637
524,2016-11-22,8002.299805,8148.59344745891
525,2016-11-23,8033.299805,8125.534718967129
526,2016-11-24,7965.5,8093.527775173704
527,2016-11-25,8114.299805,8097.682181138964
528,2016-11-28,8126.899901999999,8103.525725311171
529,2016-11-29,8142.149901999999,8111.250560648938
530,2016-11-30,8224.5,8133.900448519151
531,2016-12-01,8192.900391,8145.700437015321
532,2016-12-02,8086.799805,8133.920310612257
533,2016-12-05,8128.75,8132.886248489805
534,2016-12-06,8143.149901999999,8134.938979191845
535,2016-12-07,8102.049805,8128.361144353476
536,2016-12-08,8246.849609,8152.0588372827815
537,2016-12-09,8261.75,8173.997069826226
538,2016-12-12,8170.799805,8173.357616860982
539,2016-12-13,8221.799805,8183.046054488786
540,2016-12-14,8182.450195,8182.926882591029
541,2016-12-15,8153.600098000001,8177.061525672824
542,2016-12-16,8139.450195,8169.53925953826
543,2016-12-19,8104.350098000001,8156.501427230608
544,2016-12-20,8082.399901999999,8141.681122184487
545,2016-12-21,8061.299805,8125.60485874759
546,2016-12-22,7979.100098000001,8096.303906598072
547,2016-12-23,7985.75,8074.193125278458
548,2016-12-26,7908.25,8041.004500222767
549,2016-12-27,8032.850098000001,8039.373619778215
550,2016-12-28,8034.850098000001,8038.4689154225725
551,2016-12-29,8103.600098000001,8051.495151938058
552,2016-12-30,8185.799805,8078.356082550447
553,2017-01-02,8179.5,8098.584866040359
554,2017-01-03,8192.25,8117.317892832288
555,2017-01-04,8190.5,8131.954314265831
556,2017-01-05,8273.799805,8160.323412412665
557,2017-01-06,8243.799805,8177.018690930132
558,2017-01-09,8236.049805,8188.824913744106
559,2017-01-10,8288.599609,8208.779852795285
560,2017-01-11,8380.650391,8243.15396043623
561,2017-01-12,8407.200195,8275.963207348985
562,2017-01-13,8400.349609,8300.840487679188
563,2017-01-16,8412.799805,8323.232351143351
564,2017-01-17,8398.0,8338.185880914682
565,2017-01-18,8417.0,8353.948704731745
566,2017-01-19,8435.099609,8370.178885585397
567,2017-01-20,8349.349609,8366.013030268317
568,2017-01-23,8391.5,8371.110424214654
569,2017-01-24,8475.799805,8392.048300371724
570,2017-01-25,8602.75,8434.18864029738
571,2017-01-27,8641.25,8475.600912237904
572,2017-01-30,8632.75,8507.030729790324
573,2017-01-31,8561.299805,8517.884544832259
574,2017-02-01,8716.400391,8557.587714065807
575,2017-02-02,8734.25,8592.920171252646
576,2017-02-03,8740.950195,8622.526176002117
577,2017-02-06,8801.049805,8658.230901801693
578,2017-02-07,8768.299805,8680.244682441356
579,2017-02-08,8769.049805,8698.005706953087
580,2017-02-09,8778.400391,8714.08464376247
581,2017-02-10,8793.549805,8729.977676009976
582,2017-02-13,8805.049805,8744.99210180798
583,2017-02-14,8792.299805,8754.453642446384
584,2017-02-15,8724.700195,8748.502952957107
585,2017-02-16,8778.0,8754.402362365687
586,2017-02-17,8821.700195,8767.86192889255
587,2017-02-20,8879.200195,8790.12958211404
588,2017-02-21,8907.849609,8813.673587491232
589,2017-02-22,8926.900391,8836.318948192986
590,2017-02-23,8939.5,8856.955158554389
591,2017-02-27,8896.700195,8864.90416584351
592,2017-02-28,8879.599609,8867.84325447481
593,2017-03-01,8945.799805,8883.43456457985
594,2017-03-02,8899.75,8886.69765166388
595,2017-03-03,8897.549805,8888.868082331104
596,2017-03-06,8963.450195,8903.784504864885
597,2017-03-07,8946.900391,8912.407682091907
598,2017-03-08,8924.299805,8914.786106673526
599,2017-03-09,8927.0,8917.228885338822
600,2017-03-10,8934.549805,8920.69306927106
601,2017-03-14,9087.0,8953.954455416848
602,2017-03-15,9084.799805,8980.123525333478
603,2017-03-16,9153.700195,9014.838859266783
604,2017-03-17,9160.049805,9043.881048413426
605,2017-03-20,9126.849609,9060.474760530742
606,2017-03-21,9121.5,9072.679808424593
607,2017-03-22,9030.450195,9064.233885739675
608,2017-03-23,9086.299805,9068.647069591741
609,2017-03-24,9108.0,9076.517655673393
610,2017-03-27,9045.200195,9070.254163538715
611,2017-03-28,9100.799805,9076.363291830974
612,2017-03-29,9143.799805,9089.85059446478
613,2017-03-30,9173.75,9106.630475571825
614,2017-03-31,9173.75,9120.054380457459
615,2017-04-03,9237.849609,9143.613426165968
616,2017-04-05,9265.150391,9167.920819132774
617,2017-04-06,9261.950195,9186.72669430622
618,2017-04-07,9198.299805,9189.041316444978
619,2017-04-10,9181.450195,9187.523092155983
620,2017-04-11,9237.0,9197.418473724787
621,2017-04-12,9203.450195,9198.624817979831
622,2017-04-13,9150.799805,9189.059815383865
624,2017-04-18,9105.150391,9172.277930507093
625,2017-04-19,9103.5,9158.522344405676
626,2017-04-20,9136.400391,9154.09795372454
627,2017-04-21,9119.400391,9147.158441179632
628,2017-04-24,9217.950195,9161.316791943706
629,2017-04-25,9306.599609,9190.373355354965
630,2017-04-26,9351.849609,9222.668606083971
631,2017-04-27,9342.150391,9246.564963067176
632,2017-04-28,9304.049805,9258.061931453742
633,2017-05-02,9313.799805,9269.209506162993
634,2017-05-03,9311.950195,9277.757643930396
635,2017-05-04,9359.900391,9294.186193344316
636,2017-05-05,9285.299805,9292.408915675454
637,2017-05-08,9314.049805,9296.737093540365
638,2017-05-09,9316.849609,9300.759596632292
639,2017-05-10,9407.299805,9322.067638305834
640,2017-05-11,9422.400391,9342.134188844668
641,2017-05-12,9400.900391,9353.887429275735
642,2017-05-15,9445.400391,9372.190021620589
643,2017-05-16,9512.25,9400.202017296471
644,2017-05-17,9525.75,9425.311613837177
645,2017-05-18,9429.450195,9426.139330069742
646,2017-05-19,9427.900391,9426.491542255793
647,2017-05-22,9438.25,9428.843233804635
648,2017-05-23,9386.150391,9420.304665243708
649,2017-05-24,9360.549805,9408.353693194967
650,2017-05-25,9509.75,9428.632954555975
651,2017-05-26,9595.099609,9461.92628544478
652,2017-05-29,9604.900391,9490.521106555825
653,2017-05-30,9624.549805,9517.326846244661
654,2017-05-31,9621.25,9538.11147699573
655,2017-06-01,9616.099609,9553.709103396584
656,2017-06-02,9653.5,9573.667282717268
657,2017-06-05,9675.099609,9593.953747973816
658,2017-06-06,9637.150391,9602.593076579053
659,2017-06-07,9663.900391,9614.854539463242
660,2017-06-08,9647.25,9621.333631570595
661,2017-06-09,9668.25,9630.716905256477
662,2017-06-12,9616.400391,9627.853602405181
663,2017-06-13,9606.900391,9623.662960124144
664,2017-06-14,9618.150391,9622.560446299314
665,2017-06-15,9578.049805,9613.658318039452
666,2017-06-16,9588.049805,9608.536615431562
667,2017-06-19,9657.549805,9618.33925334525
668,2017-06-20,9653.5,9625.3714026762
669,2017-06-21,9633.599609,9627.017043940961
670,2017-06-22,9630.0,9627.61363515277
671,2017-06-23,9574.950195,9617.080947122216
672,2017-06-27,9511.400391,9595.944835897773
673,2017-06-28,9491.25,9575.005868718219
674,2017-06-29,9504.099609,9560.824616774576
675,2017-06-30,9520.900391,9552.839771619661
676,2017-07-03,9615.0,9565.271817295728
677,2017-07-04,9613.299805,9574.877414836585
678,2017-07-05,9637.599609,9587.421853669268
679,2017-07-06,9674.549805,9604.847443935414
680,2017-07-07,9665.799805,9617.037916148332
681,2017-07-10,9771.049805,9647.840293918667
682,2017-07-11,9786.049805,9675.482196134933
683,2017-07-12,9816.099609,9703.605678707947
684,2017-07-13,9891.700195,9741.224581966359
685,2017-07-14,9886.349609,9770.249587373088
686,2017-07-17,9915.950195,9799.38970889847
687,2017-07-18,9827.150391,9804.941845318775
688,2017-07-19,9899.599609,9823.87339805502
689,2017-07-20,9873.299805,9833.758679444018
690,2017-07-21,9915.25,9850.056943555213
692,2017-07-25,9964.549805,9872.955515844173
693,2017-07-26,10020.650391,9902.494490875339
694,2017-07-27,10020.549805,9926.105553700272
695,2017-07-28,10014.5,9943.784442960217
696,2017-07-31,10077.099609,9970.447476168174
697,2017-08-01,10114.650391,9999.288059134538
698,2017-08-02,10081.5,10015.730447307631
699,2017-08-03,10013.650391,10015.314436046105
700,2017-08-04,10066.400391,10025.531627036884
701,2017-08-07,10057.400391,10031.905379829508
702,2017-08-08,9978.549805,10021.234264863608
703,2017-08-09,9908.049805,9998.597372890887
704,2017-08-10,9820.25,9962.92789831271
705,2017-08-11,9710.799805,9912.502279650169
706,2017-08-14,9794.150391,9888.831901920135
707,2017-08-16,9897.299805,9890.525482536108
708,2017-08-17,9904.150391,9893.250464228888
709,2017-08-18,9837.400391,9882.08044958311
710,2017-08-21,9754.349609,9856.53428146649
711,2017-08-22,9765.549805,9838.337386173192
712,2017-08-23,9852.5,9841.169908938555
713,2017-08-24,9857.049805,9844.345888150845
714,2017-08-28,9912.799805,9858.036671520676
715,2017-08-29,9796.049805,9845.639298216542
716,2017-08-30,9884.400391,9853.391516773234
717,2017-08-31,9917.900391,9866.293291618587
718,2017-09-01,9974.400391,9887.91471149487
719,2017-09-04,9912.849609,9892.901690995897
720,2017-09-05,9952.200195,9904.761391796717
721,2017-09-06,9916.200195,9907.049152437374
722,2017-09-07,9929.900391,9911.619400149899
723,2017-09-08,9934.799805,9916.255481119919
724,2017-09-11,10006.049805,9934.214345895936
725,2017-09-12,10093.049805,9965.98143771675
726,2017-09-13,10079.299805,9988.6451111734
727,2017-09-14,10086.599609,10008.236010738721
728,2017-09-15,10085.400391,10023.668886790978
729,2017-09-18,10153.099609,10049.555031232783
730,2017-09-19,10147.549805,10069.153985986228
731,2017-09-20,10141.150391,10083.553266988982
732,2017-09-21,10121.900391,10091.222691791187
733,2017-09-22,9964.400391,10065.858231632948
734,2017-09-25,9872.599609,10027.206507106359
735,2017-09-26,9871.5,9996.065205685089
736,2017-09-27,9735.75,9944.002164548072
737,2017-09-28,9768.950195,9908.991770638459
738,2017-09-29,9788.599609,9884.913338310767
739,2017-10-03,9859.5,9879.830670648615
740,2017-10-04,9914.900391,9886.844614718892
741,2017-10-05,9888.700195,9887.215730775113
742,2017-10-06,9979.700195,9905.712623620091
743,2017-10-09,9988.75,9922.320098896074
744,2017-10-10,10016.950195,9941.24611811686
745,2017-10-11,9984.799805,9949.956855493489
746,2017-10-12,10096.400391,9979.245562594791
747,2017-10-13,10167.450195,10016.886489075834
748,2017-10-16,10230.849609,10059.679113060669
749,2017-10-17,10234.450195,10094.633329448536
750,2017-10-18,10210.849609,10117.87658535883
751,2017-10-19,10146.549805,10123.611229287066
752,2017-10-23,10184.849609,10135.858905229654
753,2017-10-24,10207.700195,10150.227163183723
754,2017-10-25,10295.349609,10179.251652346979
755,2017-10-26,10343.799805,10212.161282877583
756,2017-10-27,10323.049805,10234.338987302068
757,2017-10-30,10363.650391,10260.201268041654
758,2017-10-31,10335.299805,10275.220975433323
759,2017-11-01,10440.5,10308.27678034666
760,2017-11-02,10423.799805,10331.381385277327
761,2017-11-03,10452.5,10355.605108221862
762,2017-11-06,10451.799805,10374.84404757749
763,2017-11-07,10350.150391,10369.905316261991
764,2017-11-08,10303.150391,10356.554331209592
765,2017-11-09,10308.950195,10347.033503967674
766,2017-11-10,10321.75,10341.97680317414
767,2017-11-13,10224.950195,10318.571481539313
768,2017-11-14,10186.599609,10292.177107031452
769,2017-11-15,10118.049805,10257.351646625162
770,2017-11-16,10214.75,10248.831317300132
771,2017-11-17,10283.599609,10255.784975640106
772,2017-11-20,10298.75,10264.377980512085
773,2017-11-21,10326.900391,10276.882462609668
774,2017-11-22,10342.299805,10289.965931087736
775,2017-11-23,10348.75,10301.722744870189
776,2017-11-24,10389.700195,10319.318234896153
777,2017-11-27,10399.549805,10335.364548916921
778,2017-11-28,10370.25,10342.341639133538
779,2017-11-29,10361.299805,10346.13327230683
780,2017-11-30,10226.549805,10322.216578845466
781,2017-12-01,10121.799805,10282.133224076373
782,2017-12-04,10127.75,10251.256579261099
783,2017-12-05,10118.25,10224.655263408878
784,2017-12-06,10044.099609,10188.544132527104
785,2017-12-07,10166.700195,10184.175345021684
786,2017-12-08,10265.650391,10200.470354217348
787,2017-12-11,10322.25,10224.826283373879
788,2017-12-12,10240.150391,10227.891104899103
789,2017-12-13,10192.950195,10220.902922919284
790,2017-12-14,10252.099609,10227.142260135428
791,2017-12-15,10333.25,10248.363808108343
792,2017-12-18,10388.75,10276.441046486674
793,2017-12-19,10463.200195,10313.79287618934
794,2017-12-20,10444.200195,10339.874339951473
795,2017-12-21,10440.299805,10359.95943296118
796,2017-12-22,10493.0,10386.567546368944
797,2017-12-26,10531.5,10415.554037095157
798,2017-12-27,10490.75,10430.593229676126
799,2017-12-28,10477.900391,10440.054661940901
800,2017-12-29,10530.700195,10458.18376855272
802,2018-01-02,10442.200195,10454.987053842178
803,2018-01-03,10443.200195,10452.629682073743
804,2018-01-04,10504.799805,10463.063706658995
805,2018-01-05,10558.849609,10482.220887127196
806,2018-01-08,10623.599609,10510.496631501757
807,2018-01-09,10637.0,10535.797305201406
808,2018-01-10,10632.200195,10555.077883161124
809,2018-01-11,10651.200195,10574.3023455289
810,2018-01-12,10681.25,10595.691876423121
811,2018-01-15,10741.549805,10624.863462138499
812,2018-01-16,10700.450195,10639.9808087108
813,2018-01-17,10788.549805,10669.69460796864
814,2018-01-18,10817.0,10699.155686374912
815,2018-01-19,10894.700195,10738.26458809993
816,2018-01-22,10966.200195,10783.851709479944
817,2018-01-23,11083.700195,10843.821406583957
818,2018-01-24,11086.0,10892.257125267166
819,2018-01-25,11069.650391,10927.735778413735
820,2018-01-29,11130.400391,10968.268700930988
821,2018-01-30,11049.650391,10984.54503894479
822,2018-01-31,11027.700195,10993.176070155832
823,2018-02-01,11016.900391,10997.920934324666
824,2018-02-02,10760.599609,10950.456669259733
825,2018-02-05,10666.549805,10893.675296407788
826,2018-02-06,10498.25,10814.590237126231
827,2018-02-07,10476.700195,10747.012228700985
828,2018-02-08,10576.849609,10712.979704760788
829,2018-02-09,10454.950195,10661.373802808632
830,2018-02-12,10539.75,10637.049042246907
831,2018-02-14,10500.900391,10609.819311997526
832,2018-02-15,10545.5,10596.955449598021
833,2018-02-16,10452.299805,10568.024320678418
834,2018-02-19,10378.400391,10530.099534742734
835,2018-02-20,10360.400391,10496.159705994189
836,2018-02-21,10397.450195,10476.417803795352
837,2018-02-22,10382.700195,10457.674282036282
838,2018-02-23,10491.049805,10464.349386629026
839,2018-02-26,10582.599609,10487.99943110322
840,2018-02-27,10554.299805,10501.259505882577
841,2018-02-28,10492.849609,10499.577526506064
842,2018-03-01,10458.349609,10491.33194300485
843,2018-03-05,10358.849609,10464.83547620388
844,2018-03-06,10249.25,10421.718380963104
845,2018-03-07,10154.200195,10368.214743770484
846,2018-03-08,10242.650391,10343.101873216387
847,2018-03-09,10226.849609,10319.85142037311
848,2018-03-12,10421.400391,10340.161214498488
849,2018-03-13,10426.849609,10357.498893398792
850,2018-03-14,10410.900391,10368.179192919033
851,2018-03-15,10360.150391,10366.573432535226
852,2018-03-16,10195.150391,10332.28882422818
853,2018-03-19,10094.25,10284.681059382545
854,2018-03-20,10124.349609,10252.614769306036
855,2018-03-21,10155.25,10233.14181544483
856,2018-03-22,10114.75,10209.463452355863
857,2018-03-23,9998.049805,10167.180722884692
858,2018-03-26,10130.650391,10159.874656507753
859,2018-03-27,10184.150391,10164.729803406202
860,2018-03-28,10113.700195,10154.523881724963
861,2018-04-02,10211.799805,10165.97906637997
862,2018-04-03,10245.0,10181.783253103977
863,2018-04-04,10128.400391,10171.10668068318
864,2018-04-05,10325.150391,10201.915422746544
865,2018-04-06,10331.599609,10227.852259997237
866,2018-04-09,10379.349609,10258.15172979779
867,2018-04-10,10402.25,10286.971383838232
868,2018-04-11,10417.150391,10313.007185270588
869,2018-04-12,10458.650391,10342.13582641647
870,2018-04-13,10480.599609,10369.828582933176
871,2018-04-16,10528.349609,10401.532788146542
872,2018-04-17,10548.700195,10430.966269517234
873,2018-04-18,10526.200195,10450.013054613788
874,2018-04-19,10565.299805,10473.070404691032
875,2018-04-20,10564.049805,10491.266284752826
876,2018-04-23,10584.700195,10509.95306680226
877,2018-04-24,10614.349609,10530.83237524181
878,2018-04-25,10570.549805,10538.775861193448
879,2018-04-26,10617.799805,10554.58064995476
881,2018-04-30,10739.349609,10591.534441763808
882,2018-05-02,10718.049805,10616.837514411047
883,2018-05-03,10679.650391,10629.400089728839
884,2018-05-04,10618.25,10627.170071783072
885,2018-05-07,10715.5,10644.836057426459
886,2018-05-08,10717.799805,10659.428806941169
887,2018-05-09,10741.700195,10675.883084552936
888,2018-05-10,10716.549805,10684.01642864235
889,2018-05-11,10806.5,10708.513142913882
890,2018-05-14,10806.599609,10728.130436131107
891,2018-05-15,10801.849609,10742.874270704886
892,2018-05-16,10741.099609,10742.519338363909
893,2018-05-17,10682.700195,10730.555509691127
894,2018-05-18,10596.400391,10703.724485952902
896,2018-05-22,10536.700195,10670.319627762323
897,2018-05-23,10430.349609,10622.32562400986
898,2018-05-24,10513.849609,10600.630421007889
899,2018-05-25,10605.150391,10601.53441500631
900,2018-05-28,10688.650391,10618.957610205049
901,2018-05-29,10633.299805,10621.82604916404
902,2018-05-30,10614.349609,10620.330761131232
903,2018-05-31,10736.150391,10643.494687104987
904,2018-06-01,10696.200195,10654.03578868399
905,2018-06-04,10628.5,10648.928630947194
906,2018-06-05,10593.150391,10637.772982957755
907,2018-06-06,10684.650391,10647.148464566206
908,2018-06-07,10768.349609,10671.388693452966
909,2018-06-08,10767.650391,10690.641032962372
910,2018-06-11,10786.950195,10709.902865369899
911,2018-06-12,10842.849609,10736.49221409592
912,2018-06-13,10856.700195,10760.533810276738
913,2018-06-14,10808.049805,10770.03700922139
914,2018-06-15,10817.700195,10779.569646377113
915,2018-06-18,10799.849609,10783.62563890169
916,2018-06-19,10710.450195,10768.990550121354
917,2018-06-20,10772.049805,10769.602401097083
918,2018-06-21,10741.099609,10763.901842677667
919,2018-06-22,10821.849609,10775.491395942134
920,2018-06-25,10762.450195,10772.883155753707
921,2018-06-26,10769.150391,10772.136602802966
922,2018-06-27,10671.400391,10751.989360442372
923,2018-06-28,10589.099609,10719.4114101539
924,2018-06-29,10714.299805,10718.38908912312
925,2018-07-02,10657.299805,10706.171232298497
926,2018-07-03,10699.900391,10704.917064038798
927,2018-07-04,10769.900391,10717.913729431039
928,2018-07-05,10749.75,10724.280983544832
930,2018-07-09,10852.900391,10750.004865035866
931,2018-07-10,10947.25,10789.453892028694
932,2018-07-11,10948.299805,10821.223074622954
933,2018-07-12,11023.200195,10861.618498698364
935,2018-07-16,10936.849609,10876.664720758692
936,2018-07-17,11008.049805,10902.941737606954
937,2018-07-18,10980.450195,10918.443429085564
938,2018-07-19,10957.099609,10926.17466506845
939,2018-07-20,11010.200195,10942.979771054761
940,2018-07-23,11084.75,10971.33381684381
941,2018-07-24,11134.299805,11003.927014475048
942,2018-07-25,11132.0,11029.541611580038
943,2018-07-26,11167.299805,11057.093250264032
944,2018-07-27,11278.349609,11101.344522011226
945,2018-07-30,11319.549805,11144.985578608983
946,2018-07-31,11356.5,11187.288462887187
947,2018-08-01,11346.200195,11219.070809309751
948,2018-08-02,11244.700195,11224.196686447802
949,2018-08-03,11360.799805,11251.51731015824
950,2018-08-06,11387.099609,11278.633769926593
951,2018-08-07,11389.450195,11300.797054941275
952,2018-08-08,11450.0,11330.63764395302
953,2018-08-09,11470.700195,11358.650154162417
955,2018-08-13,11355.75,11358.070123329933
956,2018-08-14,11435.099609,11373.476020463946
957,2018-08-16,11385.049805,11375.790777371158
958,2018-08-17,11470.75,11394.782621896926
959,2018-08-20,11551.75,11426.176097517542
960,2018-08-21,11570.900391,11455.120956214036
961,2018-08-23,11582.75,11480.646764971229
962,2018-08-24,11557.099609,11495.937333776983
963,2018-08-27,11691.950195,11535.139906021586
964,2018-08-28,11738.5,11575.81192481727
965,2018-08-29,11691.900391,11599.029618053815
966,2018-08-30,11676.799805,11614.583655443053
967,2018-08-31,11680.5,11627.766924354444
968,2018-09-03,11582.349609,11618.683461283556
969,2018-09-04,11520.299805,11599.006730026846
970,2018-09-05,11476.950195,11574.595423021477
971,2018-09-06,11536.900391,11567.056416617183
972,2018-09-07,11589.099609,11571.465055093748
973,2018-09-10,11438.099609,11544.791965874998
975,2018-09-12,11369.900391,11509.8136509
976,2018-09-14,11515.200195,11510.89095972
977,2018-09-17,11377.75,11484.262767776
978,2018-09-18,11278.900391,11443.190292420799
979,2018-09-19,11234.349609,11401.42215573664
980,2018-09-21,11143.099609,11349.757646389313
982,2018-09-25,11067.450195,11293.296156111452
