,Date,Open,High,Low,Close,Adj Close,Volume,acc
0,2014-09-29,7978.450195,7991.75,7934.700195,7958.899901999999,7958.899901999999,97300.0,
1,2014-09-30,7948.799805,8030.899901999999,7923.850098000001,7964.799805,7964.799805,141100.0,-47903.65575738109
2,2014-10-01,7960.5,7977.5,7936.700195,7945.549805,7945.549805,113000.0,-97130.04491728828
3,2014-10-07,7897.399901999999,7943.049805,7842.700195,7852.399901999999,7852.399901999999,148200.0,-183530.0980929119
4,2014-10-08,7828.75,7869.899901999999,7815.75,7842.700195,7842.700195,135900.0,-120176.43113441815
5,2014-10-09,7886.5,7972.350098000001,7886.5,7960.549805,7960.549805,123800.0,89140.61152197825
6,2014-10-10,7911.0,7924.049805,7848.450195,7859.950195,7859.950195,142900.0,-9658.096252186951
7,2014-10-13,7831.0,7901.149901999999,7796.0,7884.25,7884.25,118800.0,-18812.45395777322
8,2014-10-14,7923.25,7928.0,7825.450195,7864.0,7864.0,225500.0,24649.21771411642
10,2014-10-16,7837.299805,7893.899901999999,7729.649901999999,7748.200195,7748.200195,213500.0,-221238.12149592076
11,2014-10-17,7733.75,7819.200195,7723.850098000001,7779.700195,7779.700195,177600.0,-134821.0385703436
12,2014-10-20,7896.950195,7905.950195,7856.950195,7879.399901999999,7879.399901999999,176200.0,15708.474084309222
13,2014-10-21,7906.149901999999,7936.600098000001,7874.350098000001,7927.75,7927.75,163400.0,102193.39011381428
14,2014-10-22,7997.799805,8005.0,7974.549805,7995.899901999999,7995.899901999999,151100.0,177725.7247115954
15,2014-10-27,8064.350098000001,8064.399901999999,7985.649901999999,7991.700195,7991.700195,132800.0,-51607.22431904865
16,2014-10-28,8002.399901999999,8037.799805,7995.049805,8027.600098000001,8027.600098000001,124100.0,-47512.13441188587
17,2014-10-29,8077.049805,8097.950195,8052.25,8090.450195,8090.450195,148300.0,164506.11089236834
18,2014-10-30,8085.200195,8181.549805,8085.200195,8169.200195,8169.200195,205700.0,252592.86928922543
19,2014-10-31,8200.799805,8330.75,8198.049805,8322.200195,8322.200195,176200.0,306463.8604663693
20,2014-11-03,8348.150391,8350.599609,8297.650391,8324.150391,8324.150391,141100.0,153630.37483851745
21,2014-11-05,8351.25,8365.549805,8323.5,8338.299805,8338.299805,161600.0,-47711.54425673819
22,2014-11-07,8331.849609,8360.349609,8290.25,8337.0,8337.0,153400.0,3360.5489793309825
23,2014-11-10,8337.799805,8383.049805,8304.450195,8344.25,8344.25,130700.0,52870.2761193206
24,2014-11-11,8354.099609,8378.700195,8321.849609,8362.650391,8362.650391,122000.0,54777.86587390957
25,2014-11-12,8378.900391,8415.049805,8370.5,8383.299805,8383.299805,125200.0,-141.4411611892283
26,2014-11-13,8405.25,8408.0,8320.349609,8357.849609,8357.849609,127400.0,-71643.81484350294
27,2014-11-14,8360.700195,8400.650391,8346.799805,8389.900391,8389.900391,146800.0,69802.31550990482
28,2014-11-17,8378.400391,8438.099609,8349.099609,8430.75,8430.75,113900.0,183277.98559695942
29,2014-11-18,8441.25,8454.5,8407.25,8425.900391,8425.900391,134700.0,66725.13665028781
30,2014-11-19,8440.650391,8455.650391,8360.5,8382.299805,8382.299805,125400.0,-96302.64593948782
31,2014-11-20,8406.5,8410.849609,8353.150391,8401.900391,8401.900391,122800.0,16767.666636112524
32,2014-11-21,8408.200195,8489.799805,8398.599609,8477.349609,8477.349609,137000.0,184302.03133621055
33,2014-11-24,8490.950195,8534.650391,8490.799805,8530.150391,8530.150391,140700.0,211417.27901971655
34,2014-11-25,8530.799805,8535.349609,8429.450195,8463.099609,8463.099609,271900.0,12714.201906376416
35,2014-11-26,8450.299805,8500.299805,8438.650391,8475.75,8475.75,151900.0,-68186.31983715406
36,2014-11-27,8477.799805,8506.75,8456.349609,8494.200195,8494.200195,194300.0,128459.64107096053
37,2014-11-28,8516.799805,8617.0,8516.25,8588.25,8588.25,197200.0,182191.86435295502
38,2014-12-01,8605.099609,8623.0,8545.150391,8555.900391,8555.900391,152000.0,-25367.531737456928
39,2014-12-02,8535.450195,8560.200195,8504.650391,8524.700195,8524.700195,137400.0,-148237.00713943568
40,2014-12-03,8528.700195,8546.950195,8508.349609,8537.650391,8537.650391,153200.0,41165.53371941962
41,2014-12-04,8582.400391,8626.950195,8526.400391,8564.400391,8564.400391,143500.0,44344.57727392323
42,2014-12-05,8584.25,8588.349609,8523.900391,8538.299805,8538.299805,143300.0,-114303.41084948933
43,2014-12-08,8538.650391,8546.349609,8432.25,8438.25,8438.25,163800.0,-225840.02039580268
44,2014-12-09,8439.299805,8444.5,8330.5,8340.700195,8340.700195,146300.0,-266692.44660098595
45,2014-12-10,8318.049805,8376.799805,8317.0,8355.650391,8355.650391,136700.0,-80112.95506562263
46,2014-12-11,8338.849609,8348.299805,8272.400391,8292.900391,8292.900391,133900.0,-21562.19883154546
47,2014-12-12,8302.0,8321.900391,8216.299805,8224.099609,8224.099609,138100.0,-179268.23275360485
48,2014-12-15,8160.75,8242.400391,8152.5,8219.599609,8219.599609,137100.0,-50142.84024351464
49,2014-12-16,8172.600098000001,8189.350098000001,8052.600098000001,8067.600098000001,8067.600098000001,197300.0,-86459.98695327462
50,2014-12-17,8041.200195,8082.0,7961.350098000001,8029.799805,8029.799805,216200.0,-124898.1335201678
51,2014-12-18,8138.899901999999,8174.299805,8084.899901999999,8159.299805,8159.299805,162100.0,136822.4705026073
52,2014-12-19,8230.450195,8263.450195,8208.599609,8225.200195,8225.200195,174800.0,38710.765688891915
53,2014-12-22,8255.0,8330.950195,8228.200195,8324.0,8324.0,139200.0,51375.32060808447
54,2014-12-23,8324.599609,8364.75,8252.849609,8267.0,8267.0,132200.0,21603.288673091316
55,2014-12-24,8272.049805,8286.400391,8155.25,8174.100098000001,8174.100098000001,221900.0,-256878.35986836604
56,2014-12-26,8204.799805,8234.549805,8147.950195,8200.700195,8200.700195,75500.0,-141635.2288987821
57,2014-12-29,8214.700195,8279.150391,8214.700195,8246.299805,8246.299805,82100.0,14884.338833564525
58,2014-12-30,8260.299805,8268.25,8220.549805,8248.25,8248.25,77700.0,10949.475595969787
59,2014-12-31,8243.900391,8291.0,8243.75,8282.700195,8282.700195,84500.0,67356.95863409643
61,2015-01-02,8288.700195,8410.599609,8288.700195,8395.450195,8395.450195,101900.0,131386.07086917263
62,2015-01-05,8407.950195,8445.599609,8363.900391,8378.400391,8378.400391,118200.0,328.48383756607655
63,2015-01-06,8325.299805,8327.849609,8111.350098000001,8127.350098000001,8127.350098000001,172800.0,-223502.72677160928
64,2015-01-07,8118.649901999999,8151.200195,8065.450195,8102.100098000001,8102.100098000001,164100.0,-171085.0336394915
65,2015-01-08,8191.399901999999,8243.5,8167.299805,8234.599609,8234.599609,143800.0,86381.56518076138
66,2015-01-09,8285.450195,8303.299805,8190.799805,8284.5,8284.5,148000.0,208743.15828448388
67,2015-01-12,8291.349609,8332.599609,8245.599609,8323.0,8323.0,103200.0,178961.37937777484
68,2015-01-13,8346.150391,8356.650391,8267.900391,8299.400391,8299.400391,129600.0,42823.50167887139
69,2015-01-14,8307.25,8326.450195,8236.650391,8277.549805,8277.549805,146100.0,-50619.46003529284
70,2015-01-15,8424.5,8527.099609,8380.549805,8494.150391,8494.150391,232100.0,114715.35949321865
71,2015-01-16,8504.049805,8530.75,8452.25,8513.799805,8513.799805,176000.0,227726.59607108153
72,2015-01-19,8550.049805,8570.950195,8531.5,8550.700195,8550.700195,125400.0,96657.02382076003
73,2015-01-20,8575.099609,8707.900391,8574.5,8695.599609,8695.599609,158700.0,126095.70167844013
74,2015-01-21,8719.650391,8741.849609,8689.599609,8729.5,8729.5,185900.0,227455.49019505555
75,2015-01-22,8745.849609,8774.150391,8727.0,8761.400391,8761.400391,175500.0,178608.40499947802
76,2015-01-23,8827.950195,8866.400391,8795.400391,8835.599609,8835.599609,191200.0,105895.2137567937
77,2015-01-27,8871.349609,8925.049805,8825.450195,8910.5,8910.5,192000.0,161213.73764361508
78,2015-01-28,8902.75,8985.049805,8874.049805,8914.299805,8914.299805,185100.0,85043.33580180992
79,2015-01-29,8901.5,8966.650391,8861.25,8952.349609,8952.349609,256300.0,135889.34422514867
80,2015-01-30,8996.599609,8996.599609,8775.099609,8808.900391,8808.900391,267300.0,1029.8302377615473
81,2015-02-02,8802.5,8840.799805,8751.099609,8797.400391,8797.400391,210100.0,-178924.60478885268
82,2015-02-03,8823.150391,8837.299805,8726.650391,8756.549805,8756.549805,208700.0,-89115.47296090935
83,2015-02-04,8789.150391,8792.849609,8704.400391,8723.700195,8723.700195,195300.0,-205981.45761634843
84,2015-02-05,8733.099609,8838.450195,8683.650391,8711.700195,8711.700195,173600.0,-220757.4463016981
85,2015-02-06,8696.849609,8726.200195,8645.549805,8661.049805,8661.049805,171300.0,-216143.7306815907
86,2015-02-09,8584.400391,8605.549805,8516.349609,8526.349609,8526.349609,146800.0,-219341.82314354548
87,2015-02-10,8478.099609,8646.25,8470.5,8565.549805,8565.549805,196200.0,-97865.96554287784
88,2015-02-11,8603.299805,8651.950195,8593.650391,8627.400391,8627.400391,161600.0,41521.138282375556
89,2015-02-12,8676.950195,8732.549805,8599.25,8711.549805,8711.549805,158800.0,134267.24788666342
90,2015-02-13,8741.5,8822.099609,8729.650391,8805.5,8805.5,221900.0,250979.43885353848
91,2015-02-16,8831.400391,8870.099609,8793.400391,8809.349609,8809.349609,136400.0,62541.41351970039
92,2015-02-18,8811.549805,8894.299805,8808.900391,8869.099609,8869.099609,147600.0,-19182.07911447544
93,2015-02-19,8883.049805,8913.450195,8794.450195,8895.299805,8895.299805,213300.0,208723.66775468335
94,2015-02-20,8895.5,8899.950195,8816.299805,8833.599609,8833.599609,197600.0,32364.767514234016
95,2015-02-23,8856.849609,8869.0,8736.099609,8754.950195,8754.950195,139600.0,-215866.6556693673
96,2015-02-24,8772.900391,8800.5,8726.75,8762.099609,8762.099609,149800.0,-106194.9905011728
97,2015-02-25,8801.900391,8840.650391,8751.400391,8767.25,8767.25,135200.0,-93377.27539488405
98,2015-02-26,8779.0,8786.049805,8669.450195,8683.849609,8683.849609,217500.0,-250960.4479440907
99,2015-02-27,8729.5,8856.950195,8717.450195,8844.599609,8844.599609,249500.0,41541.321752270276
101,2015-03-02,8953.849609,8972.349609,8885.450195,8956.75,8956.75,218100.0,345117.4575842694
102,2015-03-03,8962.849609,9008.400391,8925.549805,8996.25,8996.25,177800.0,265446.0030276192
103,2015-03-04,9109.150391,9119.200195,8893.950195,8922.650391,8922.650391,248400.0,-59450.553455055066
104,2015-03-05,8929.400391,8957.549805,8849.349609,8937.75,8937.75,160100.0,-83594.44141980697
105,2015-03-09,8891.150391,8891.299805,8740.450195,8756.75,8756.75,155500.0,-20389.550795021918
106,2015-03-10,8769.75,8778.0,8677.349609,8712.049805,8712.049805,163800.0,-172752.14036918606
107,2015-03-11,8728.75,8755.599609,8682.349609,8699.950195,8699.950195,172800.0,-140615.6041874904
108,2015-03-12,8740.650391,8787.200195,8732.900391,8776.0,8776.0,173900.0,12401.86539803457
109,2015-03-13,8844.049805,8849.75,8631.75,8647.75,8647.75,179200.0,-50734.674020739825
110,2015-03-16,8656.75,8663.549805,8612.0,8633.150391,8633.150391,163300.0,-182194.56258670462
111,2015-03-17,8689.099609,8742.549805,8630.799805,8723.299805,8723.299805,177000.0,86720.98448552002
112,2015-03-18,8742.900391,8747.25,8664.0,8685.900391,8685.900391,156400.0,41907.72948103784
113,2015-03-19,8749.450195,8788.200195,8614.650391,8634.650391,8634.650391,163500.0,-199928.6975388147
114,2015-03-20,8627.900391,8627.900391,8553.0,8570.900391,8570.900391,174600.0,-216961.2339629358
115,2015-03-23,8591.549805,8608.349609,8540.549805,8550.900391,8550.900391,150700.0,-195832.02614279135
116,2015-03-24,8537.049805,8627.75,8535.849609,8542.950195,8542.950195,156700.0,-237172.56718563178
117,2015-03-25,8568.900391,8573.75,8516.549805,8530.799805,8530.799805,161000.0,-213267.22421691343
118,2015-03-26,8474.950195,8499.450195,8325.349609,8342.150391,8342.150391,280100.0,-306822.1992256213
119,2015-03-27,8396.0,8413.200195,8269.150391,8341.400391,8341.400391,193000.0,-225437.27814456154
120,2015-03-30,8390.950195,8492.299805,8380.75,8492.299805,8492.299805,134700.0,135303.17907825793
121,2015-03-31,8527.599609,8550.450195,8454.150391,8491.0,8491.0,167200.0,95459.85804498868
122,2015-04-01,8483.700195,8603.400391,8464.75,8586.25,8586.25,125500.0,55212.35713314611
123,2015-04-06,8615.799805,8667.549805,8573.75,8659.900391,8659.900391,146900.0,217392.98410621926
124,2015-04-07,8684.450195,8693.599609,8586.849609,8660.299805,8660.299805,148700.0,178868.94675482935
125,2015-04-08,8698.950195,8730.5,8679.799805,8714.400391,8714.400391,148200.0,110008.03266148912
126,2015-04-09,8756.200195,8785.5,8682.450195,8778.299805,8778.299805,152700.0,185440.96137568058
127,2015-04-10,8774.349609,8787.400391,8733.599609,8780.349609,8780.349609,139000.0,233928.51116679498
128,2015-04-13,8801.75,8841.650391,8762.099609,8834.0,8834.0,121600.0,200778.60027112378
130,2015-04-16,8757.049805,8760.0,8645.650391,8706.700195,8706.700195,142900.0,107896.4698826263
131,2015-04-17,8698.049805,8699.849609,8596.700195,8606.0,8606.0,150400.0,-113595.30791652612
132,2015-04-20,8618.799805,8619.950195,8422.75,8448.099609,8448.099609,148900.0,-233898.8271722957
133,2015-04-21,8416.099609,8469.349609,8352.700195,8377.75,8377.75,407800.0,-343273.0201991697
134,2015-04-22,8400.400391,8449.950195,8284.700195,8429.700195,8429.700195,171800.0,-102959.78627830294
135,2015-04-23,8478.200195,8504.950195,8361.849609,8398.299805,8398.299805,156000.0,53166.50500309421
136,2015-04-24,8405.700195,8413.299805,8273.349609,8305.25,8305.25,173600.0,-170987.07641992724
137,2015-04-27,8330.549805,8334.450195,8202.349609,8213.799805,8213.799805,171500.0,-236228.37070822684
138,2015-04-28,8215.549805,8308.0,8185.149901999999,8285.599609,8285.599609,174600.0,-30842.349770191664
139,2015-04-29,8274.799805,8308.200195,8219.200195,8239.75,8239.75,160400.0,24598.801181608753
140,2015-04-30,8224.5,8229.400391,8144.75,8181.5,8181.5,267700.0,-121590.55104204388
141,2015-05-04,8230.049805,8346.0,8220.450195,8331.950195,8331.950195,131700.0,66961.69204612513
142,2015-05-05,8338.400391,8355.650391,8280.599609,8324.799805,8324.799805,155500.0,129883.36312408542
143,2015-05-06,8316.599609,8331.950195,8083.0,8097.0,8097.0,209600.0,-158366.34341457416
144,2015-05-07,8077.0,8122.600098000001,7997.149901999999,8057.299805,8057.299805,161600.0,-192660.33625925131
145,2015-05-08,8131.5,8224.950195,8123.450195,8191.5,8191.5,183100.0,55781.121659938
146,2015-05-11,8243.200195,8332.75,8224.650391,8325.25,8325.25,192000.0,227773.55662797432
147,2015-05-12,8326.150391,8326.650391,8115.299805,8126.950195,8126.950195,173400.0,11074.745085458038
148,2015-05-13,8181.549805,8254.950195,8089.799805,8235.450195,8235.450195,169800.0,-24581.15835170669
149,2015-05-14,8232.450195,8236.25,8137.299805,8224.200195,8224.200195,134800.0,231671.06696995455
150,2015-05-15,8240.299805,8279.200195,8212.200195,8262.349609,8262.349609,129800.0,166479.3317040978
151,2015-05-18,8284.950195,8384.599609,8271.950195,8373.650391,8373.650391,148700.0,184303.79210482366
152,2015-05-19,8356.200195,8427.799805,8335.0,8365.650391,8365.650391,140300.0,72171.51871506123
153,2015-05-20,8392.650391,8440.349609,8391.450195,8423.25,8423.25,123600.0,-10465.237702422251
154,2015-05-21,8434.5,8446.349609,8382.5,8421.0,8421.0,143800.0,66773.649187157
155,2015-05-22,8432.5,8489.549805,8420.599609,8458.950195,8458.950195,187300.0,50672.04602501611
156,2015-05-25,8438.150391,8441.950195,8364.150391,8370.25,8370.25,121300.0,-81224.66881534518
157,2015-05-26,8377.099609,8378.900391,8320.049805,8339.349609,8339.349609,116800.0,-142471.68974914984
158,2015-05-27,8302.75,8342.849609,8277.950195,8334.599609,8334.599609,165500.0,83231.49370117208
159,2015-05-28,8345.700195,8364.5,8270.150391,8319.0,8319.0,232300.0,131670.48609728634
160,2015-05-29,8327.099609,8443.900391,8305.700195,8433.650391,8433.650391,363900.0,318167.8360472594
161,2015-06-01,8417.25,8467.150391,8405.400391,8433.400391,8433.400391,122200.0,298541.7514734242
162,2015-06-02,8442.799805,8445.349609,8226.049805,8236.450195,8236.450195,146800.0,-144254.83777824708
163,2015-06-03,8232.450195,8236.700195,8094.149901999999,8135.100098000001,8135.100098000001,171400.0,-205800.27949824044
164,2015-06-04,8155.149901999999,8160.049805,8056.75,8130.649901999999,8130.649901999999,154700.0,-6281.960815681174
165,2015-06-05,8119.149901999999,8191.0,8100.149901999999,8114.700195,8114.700195,162100.0,-43534.62288685572
166,2015-06-08,8124.350098000001,8131.0,8030.549805,8044.149901999999,8044.149901999999,135900.0,-209277.65654816123
167,2015-06-09,8026.5,8057.149901999999,8005.149901999999,8022.399901999999,8022.399901999999,136000.0,-144869.83615780305
168,2015-06-10,8024.149901999999,8152.25,8023.799805,8124.450195,8124.450195,136800.0,31816.949835634143
169,2015-06-11,8157.299805,8163.049805,7958.25,7965.350098000001,7965.350098000001,166200.0,-77090.01655166915
170,2015-06-12,7959.850098000001,7995.600098000001,7940.299805,7982.899901999999,7982.899901999999,136600.0,-80818.96684132333
171,2015-06-15,7986.600098000001,8057.700195,7944.850098000001,8013.899901999999,8013.899901999999,133000.0,103615.15744397207
172,2015-06-16,8004.200195,8061.850098000001,7952.350098000001,8047.299805,8047.299805,124000.0,120803.83887305098
173,2015-06-17,8084.200195,8136.850098000001,8048.950195,8091.549805,8091.549805,152500.0,86360.42127793179
174,2015-06-18,8113.700195,8186.899901999999,8101.799805,8174.600098000001,8174.600098000001,144800.0,98257.64492396307
175,2015-06-19,8201.150391,8250.799805,8195.650391,8224.950195,8224.950195,147100.0,112145.83584693602
176,2015-06-22,8259.299805,8369.450195,8257.400391,8353.099609,8353.099609,122700.0,96093.32229474289
177,2015-06-23,8377.450195,8398.450195,8334.950195,8381.549805,8381.549805,131700.0,148487.2718223844
178,2015-06-24,8399.400391,8421.349609,8338.900391,8360.849609,8360.849609,130100.0,765.7911858177904
179,2015-06-25,8336.25,8423.150391,8329.5,8398.0,8398.0,201200.0,32302.13549733757
180,2015-06-26,8393.950195,8408.549805,8339.700195,8381.099609,8381.099609,110600.0,115541.01535501186
181,2015-06-29,8247.049805,8329.450195,8195.650391,8318.400391,8318.400391,132000.0,132605.68526508097
182,2015-06-30,8316.349609,8378.0,8298.950195,8368.5,8368.5,158500.0,230601.42854783247
183,2015-07-01,8376.25,8481.599609,8370.150391,8453.049805,8453.049805,131800.0,184677.68861483422
184,2015-07-02,8471.950195,8479.25,8433.200195,8444.900391,8444.900391,112000.0,9187.170789307398
185,2015-07-03,8440.099609,8497.75,8424.150391,8484.900391,8484.900391,88400.0,2446.08700206496
186,2015-07-06,8386.150391,8533.150391,8386.150391,8522.150391,8522.150391,101500.0,143842.36429512862
187,2015-07-07,8525.5,8561.349609,8483.849609,8510.799805,8510.799805,122200.0,49098.270937265035
188,2015-07-08,8439.200195,8457.5,8341.400391,8363.049805,8363.049805,188100.0,-155160.20226191217
189,2015-07-09,8364.849609,8400.299805,8323.0,8328.549805,8328.549805,131300.0,-230395.35987542197
190,2015-07-10,8365.700195,8377.099609,8315.400391,8360.549805,8360.549805,154100.0,-41016.009196078594
191,2015-07-13,8397.25,8471.650391,8355.400391,8459.650391,8459.650391,117800.0,164910.40128968994
192,2015-07-14,8470.599609,8480.25,8424.099609,8454.099609,8454.099609,101700.0,100452.44005478226
193,2015-07-15,8463.400391,8531.400391,8462.950195,8523.799805,8523.799805,105500.0,89043.38156092897
194,2015-07-16,8546.150391,8616.099609,8542.900391,8608.049805,8608.049805,116000.0,172557.6289458949
195,2015-07-17,8623.650391,8642.950195,8593.150391,8609.849609,8609.849609,105000.0,55905.353746151966
196,2015-07-20,8623.900391,8624.099609,8559.0,8603.450195,8603.450195,90600.0,-1457.4671800538345
197,2015-07-21,8601.5,8646.75,8517.900391,8529.450195,8529.450195,164100.0,-101556.98582881864
198,2015-07-22,8512.25,8643.900391,8498.650391,8633.5,8633.5,136800.0,-17471.53721396021
199,2015-07-23,8643.950195,8654.75,8573.799805,8589.799805,8589.799805,132900.0,36845.32199039821
200,2015-07-24,8588.150391,8589.150391,8513.5,8521.549805,8521.549805,127400.0,-180651.24081924505
201,2015-07-27,8492.099609,8492.200195,8351.549805,8361.0,8361.0,136600.0,-218531.1430589953
202,2015-07-28,8371.099609,8397.400391,8321.75,8337.0,8337.0,174600.0,-222450.33984411316
203,2015-07-29,8365.599609,8381.5,8338.450195,8375.049805,8375.049805,141000.0,-5458.784285316957
204,2015-07-30,8417.0,8458.900391,8408.299805,8421.799805,8421.799805,215200.0,-1623.63012772589
205,2015-07-31,8456.099609,8548.950195,8448.0,8532.849609,8532.849609,203300.0,38079.91700093936
206,2015-08-03,8510.650391,8563.950195,8508.099609,8543.049805,8543.049805,156700.0,177870.7507358097
207,2015-08-04,8564.099609,8565.150391,8448.25,8516.900391,8516.900391,187400.0,72122.8837716426
208,2015-08-05,8547.450195,8591.849609,8545.849609,8567.950195,8567.950195,132800.0,27510.202119446807
209,2015-08-06,8585.799805,8606.299805,8551.5,8588.650391,8588.650391,134900.0,42812.17488222175
210,2015-08-07,8580.799805,8595.950195,8552.700195,8564.599609,8564.599609,143700.0,-16622.049120576346
211,2015-08-10,8577.0,8621.549805,8497.799805,8525.599609,8525.599609,123400.0,-132585.00564545803
212,2015-08-11,8548.450195,8556.25,8441.299805,8462.349609,8462.349609,154400.0,-165809.85352199303
213,2015-08-12,8445.700195,8446.950195,8337.950195,8349.450195,8349.450195,190000.0,-247760.46698616177
214,2015-08-13,8384.450195,8429.5,8339.75,8355.849609,8355.849609,189200.0,-271229.7939771095
215,2015-08-14,8402.349609,8530.099609,8381.200195,8518.549805,8518.549805,155900.0,10392.81441477254
216,2015-08-17,8530.5,8530.599609,8428.049805,8477.299805,8477.299805,174700.0,124815.25730322508
217,2015-08-18,8505.849609,8525.75,8433.599609,8466.549805,8466.549805,153300.0,-50568.19645513952
218,2015-08-19,8468.049805,8520.450195,8425.950195,8495.150391,8495.150391,130500.0,16955.248609925715
219,2015-08-20,8471.049805,8501.349609,8359.75,8372.75,8372.75,184100.0,-89671.88348415477
220,2015-08-21,8305.400391,8322.200195,8225.049805,8299.950195,8299.950195,201300.0,-41202.246072182534
221,2015-08-24,8055.950195,8060.049805,7769.399901999999,7809.0,7809.0,312400.0,-118179.056672516
222,2015-08-25,7895.399901999999,7925.399901999999,7667.25,7880.700195,7880.700195,299100.0,-31753.811466187995
223,2015-08-26,7865.25,7930.049805,7777.100098000001,7791.850098000001,7791.850098000001,216600.0,20695.71102044391
224,2015-08-27,7921.600098000001,7963.600098000001,7862.299805,7948.950195,7948.950195,305000.0,41959.15294160493
225,2015-08-28,8053.700195,8091.799805,7961.649901999999,8001.950195,8001.950195,195600.0,142315.87840483314
226,2015-08-31,8009.25,8043.600098000001,7947.950195,7971.299805,7971.299805,198200.0,-175899.47037984815
227,2015-09-01,7907.950195,7929.100098000001,7746.5,7785.850098000001,7785.850098000001,184900.0,-206641.2252465755
228,2015-09-02,7856.649901999999,7862.549805,7699.25,7717.0,7717.0,215300.0,-273704.1481422776
229,2015-09-03,7774.450195,7845.600098000001,7754.049805,7823.0,7823.0,155800.0,-89617.14733550797
230,2015-09-04,7803.399901999999,7804.899901999999,7626.850098000001,7655.049805,7655.049805,193600.0,-53396.42569298486
231,2015-09-07,7685.850098000001,7705.049805,7545.899901999999,7558.799805,7558.799805,141400.0,-250752.5071145853
232,2015-09-08,7587.700195,7720.899901999999,7539.5,7688.25,7688.25,172200.0,-8265.682768966348
233,2015-09-09,7805.850098000001,7846.049805,7764.549805,7818.600098000001,7818.600098000001,208400.0,178231.11685038032
234,2015-09-10,7729.049805,7819.850098000001,7678.5,7788.100098000001,7788.100098000001,160300.0,156306.12899446383
235,2015-09-11,7833.799805,7864.850098000001,7759.899901999999,7789.299805,7789.299805,136400.0,28306.95765674318
236,2015-09-14,7811.100098000001,7879.950195,7761.850098000001,7872.25,7872.25,122800.0,46806.7329910782
237,2015-09-15,7867.350098000001,7880.0,7799.75,7829.100098000001,7829.100098000001,136500.0,70131.93037904511
238,2015-09-16,7886.850098000001,7913.899901999999,7853.299805,7899.149901999999,7899.149901999999,140000.0,35193.48710246011
239,2015-09-18,7967.450195,8055.0,7955.850098000001,7981.899901999999,7981.899901999999,241800.0,-42894.74526696121
240,2015-09-21,7911.5,7987.899901999999,7908.350098000001,7977.100098000001,7977.100098000001,121800.0,-26014.55063030224
241,2015-09-22,8014.799805,8021.600098000001,7787.75,7812.0,7812.0,168400.0,-44745.718952239156
242,2015-09-23,7737.350098000001,7882.899901999999,7723.25,7845.950195,7845.950195,146700.0,-54679.316724661156
243,2015-09-24,7838.399901999999,7894.5,7804.100098000001,7868.5,7868.5,202500.0,164812.46361027833
244,2015-09-28,7892.799805,7893.950195,7787.950195,7795.700195,7795.700195,136300.0,-30351.766782795865
245,2015-09-29,7725.700195,7926.549805,7691.200195,7843.299805,7843.299805,240700.0,-45954.516640781105
246,2015-09-30,7924.25,7957.700195,7874.5,7948.899901999999,7948.899901999999,210700.0,236542.28958574915
247,2015-10-01,7992.049805,8008.25,7930.649901999999,7950.899901999999,7950.899901999999,156900.0,91114.60545775895
248,2015-10-05,8005.100098000001,8128.899901999999,8005.100098000001,8119.299805,8119.299805,183100.0,79690.03798770178
249,2015-10-06,8180.450195,8180.950195,8096.5,8152.899901999999,8152.899901999999,178500.0,214624.6696697034
250,2015-10-07,8146.200195,8188.899901999999,8132.899901999999,8177.399901999999,8177.399901999999,193900.0,174184.27053587185
251,2015-10-08,8196.75,8196.75,8105.850098000001,8129.350098000001,8129.350098000001,171700.0,31340.373489897393
252,2015-10-09,8186.350098000001,8232.200195,8139.649901999999,8189.700195,8189.700195,199700.0,-66630.51399083801
253,2015-10-12,8231.5,8244.5,8128.200195,8143.600098000001,8143.600098000001,199100.0,-130080.51425171152
254,2015-10-13,8121.950195,8150.25,8088.600098000001,8131.700195,8131.700195,145900.0,-88271.66778241144
255,2015-10-14,8102.399901999999,8139.299805,8096.350098000001,8107.899901999999,8107.899901999999,138900.0,-6095.060461669476
256,2015-10-15,8134.350098000001,8190.549805,8129.799805,8179.5,8179.5,167200.0,42180.53335635212
257,2015-10-16,8193.650391,8246.400391,8147.649901999999,8238.150391,8238.150391,156400.0,236643.52398437457
258,2015-10-19,8262.549805,8283.049805,8239.200195,8275.049805,8275.049805,124500.0,209339.47307244712
259,2015-10-20,8280.299805,8294.049805,8229.200195,8261.650391,8261.650391,155100.0,79193.45656801395
260,2015-10-21,8258.349609,8294.400391,8217.150391,8251.700195,8251.700195,144800.0,-15155.914408844692
261,2015-10-23,8308.25,8328.099609,8280.75,8295.450195,8295.450195,152000.0,-72897.30186771118
262,2015-10-26,8333.650391,8336.299805,8252.049805,8260.549805,8260.549805,133900.0,-164501.53515939863
263,2015-10-27,8230.349609,8241.950195,8217.049805,8232.900391,8232.900391,156700.0,-64083.77714304537
264,2015-10-28,8188.899901999999,8209.099609,8131.799805,8171.200195,8171.200195,188900.0,46465.8082233996
265,2015-10-29,8175.450195,8179.600098000001,8098.0,8111.75,8111.75,217500.0,-140532.4726858173
266,2015-10-30,8123.549805,8146.100098000001,8044.399901999999,8065.799805,8065.799805,199500.0,-259742.2959812192
267,2015-11-02,8054.549805,8060.700195,7995.600098000001,8050.799805,8050.799805,136100.0,-20837.879359440514
268,2015-11-03,8086.350098000001,8100.350098000001,8031.75,8060.700195,8060.700195,132500.0,74037.64483989029
269,2015-11-04,8104.899901999999,8116.100098000001,8027.299805,8040.200195,8040.200195,122100.0,-107290.36065818476
270,2015-11-05,8030.350098000001,8031.200195,7944.100098000001,7955.450195,7955.450195,132100.0,-184295.88969969
271,2015-11-06,7956.549805,8002.649901999999,7926.149901999999,7954.299805,7954.299805,219500.0,-155631.87890972194
272,2015-11-09,7788.25,7937.75,7771.700195,7915.200195,7915.200195,211800.0,96314.47020716303
273,2015-11-10,7877.600098000001,7885.100098000001,7772.850098000001,7783.350098000001,7783.350098000001,165200.0,19980.517334895296
274,2015-11-13,7762.450195,7775.100098000001,7730.899901999999,7762.25,7762.25,160900.0,-66949.2626452518
275,2015-11-16,7732.950195,7838.850098000001,7714.149901999999,7806.600098000001,7806.600098000001,149500.0,139517.25932598708
276,2015-11-17,7848.75,7860.450195,7793.0,7837.549805,7837.549805,145000.0,118713.02606227584
277,2015-11-18,7823.149901999999,7843.399901999999,7725.049805,7731.799805,7731.799805,143600.0,-80679.29456038083
278,2015-11-19,7788.5,7854.899901999999,7765.450195,7842.75,7842.75,132600.0,-30641.748003144632
279,2015-11-20,7841.899901999999,7906.950195,7817.799805,7856.549805,7856.549805,151900.0,76727.3754878018
280,2015-11-23,7869.5,7877.5,7825.200195,7849.25,7849.25,127000.0,-30050.02611629691
281,2015-11-24,7837.0,7870.350098000001,7812.649901999999,7831.600098000001,7831.600098000001,130600.0,-55014.712994614965
282,2015-11-26,7837.149901999999,7897.100098000001,7832.0,7883.799805,7883.799805,219800.0,85172.05530018389
283,2015-11-27,7910.600098000001,7959.299805,7879.450195,7942.700195,7942.700195,150300.0,217796.8950554896
284,2015-11-30,7936.25,7966.0,7922.799805,7935.25,7935.25,216300.0,-3816.20231141962
285,2015-12-01,7958.149901999999,7972.149901999999,7934.149901999999,7954.899901999999,7954.899901999999,138600.0,-78859.90391728064
286,2015-12-02,7976.700195,7979.299805,7910.799805,7931.350098000001,7931.350098000001,126300.0,-37753.13006207798
287,2015-12-03,7902.299805,7912.299805,7853.299805,7864.149901999999,7864.149901999999,125700.0,-129986.47231881495
288,2015-12-04,7817.600098000001,7821.399901999999,7775.700195,7781.899901999999,7781.899901999999,152500.0,-190590.68717208292
289,2015-12-07,7816.549805,7825.399901999999,7746.049805,7765.399901999999,7765.399901999999,137600.0,-181613.61725258728
290,2015-12-08,7738.5,7771.25,7685.450195,7701.700195,7701.700195,135100.0,-154416.1241339537
291,2015-12-09,7695.5,7702.850098000001,7606.899901999999,7612.5,7612.5,140000.0,-207583.54395982734
292,2015-12-10,7643.299805,7691.950195,7610.0,7683.299805,7683.299805,140800.0,-12582.662026491293
293,2015-12-11,7699.600098000001,7703.049805,7575.299805,7610.450195,7610.450195,167800.0,35615.52155530914
294,2015-12-14,7558.200195,7663.950195,7551.049805,7650.049805,7650.049805,148900.0,36774.89699068274
295,2015-12-15,7659.149901999999,7705.0,7625.100098000001,7700.899901999999,7700.899901999999,134300.0,232751.29102239208
296,2015-12-16,7725.25,7776.600098000001,7715.75,7750.899901999999,7750.899901999999,154300.0,144478.66814551334
297,2015-12-17,7783.049805,7852.899901999999,7737.549805,7844.350098000001,7844.350098000001,175900.0,173786.410058297
298,2015-12-18,7828.899901999999,7836.149901999999,7753.350098000001,7761.950195,7761.950195,191400.0,-1815.6203062216518
299,2015-12-21,7745.649901999999,7840.75,7733.450195,7834.450195,7834.450195,126300.0,-40170.73271610912
300,2015-12-22,7829.399901999999,7846.299805,7776.850098000001,7786.100098000001,7786.100098000001,125700.0,19253.24698702147
301,2015-12-23,7830.450195,7871.450195,7826.100098000001,7865.950195,7865.950195,117900.0,-2913.5706933435868
302,2015-12-24,7888.75,7888.75,7835.5,7861.049805,7861.049805,93500.0,85526.68458698457
303,2015-12-28,7863.200195,7937.200195,7863.0,7925.149901999999,7925.149901999999,122900.0,79205.67714915152
304,2015-12-29,7929.200195,7942.149901999999,7902.75,7928.950195,7928.950195,113000.0,120267.23560330295
305,2015-12-30,7938.600098000001,7944.75,7889.850098000001,7896.25,7896.25,106800.0,-44614.034098545424
306,2015-12-31,7897.799805,7955.549805,7891.149901999999,7946.350098000001,7946.350098000001,150900.0,25887.232051673243
308,2016-01-04,7924.549805,7937.549805,7781.100098000001,7791.299805,7791.299805,134700.0,-9349.49905158722
309,2016-01-05,7828.399901999999,7831.200195,7763.25,7784.649901999999,7784.649901999999,145200.0,-170879.36613717873
310,2016-01-06,7788.049805,7800.950195,7721.200195,7741.0,7741.0,147100.0,-127800.80538066028
311,2016-01-07,7673.350098000001,7674.950195,7556.600098000001,7568.299805,7568.299805,188900.0,-225609.87724310445
312,2016-01-08,7611.649901999999,7634.100098000001,7581.049805,7601.350098000001,7601.350098000001,157400.0,-188490.14570024924
313,2016-01-11,7527.450195,7605.100098000001,7494.350098000001,7563.850098000001,7563.850098000001,189000.0,11271.703082951695
314,2016-01-12,7587.200195,7588.299805,7487.799805,7510.299805,7510.299805,163900.0,-42302.008018597764
315,2016-01-13,7557.899901999999,7590.950195,7425.799805,7562.399901999999,7562.399901999999,215200.0,50282.869939600685
316,2016-01-14,7467.399901999999,7604.799805,7443.799805,7536.799805,7536.799805,200800.0,171974.93446171063
317,2016-01-15,7561.649901999999,7566.5,7427.299805,7437.799805,7437.799805,197500.0,-136524.65889469712
318,2016-01-18,7420.350098000001,7463.649901999999,7336.399901999999,7351.0,7351.0,233600.0,-347700.33686603734
319,2016-01-19,7381.799805,7462.75,7364.149901999999,7435.100098000001,7435.100098000001,188300.0,-97303.49232402208
320,2016-01-20,7357.0,7470.899901999999,7241.5,7309.299805,7309.299805,225600.0,-9554.472644986992
321,2016-01-21,7376.649901999999,7398.700195,7250.0,7276.799805,7276.799805,240700.0,-246185.2078512098
322,2016-01-22,7355.700195,7433.399901999999,7327.600098000001,7422.450195,7422.450195,229200.0,27819.407621882332
323,2016-01-25,7468.75,7487.149901999999,7421.200195,7436.149901999999,7436.149901999999,163200.0,92547.55894368634
324,2016-01-27,7469.600098000001,7477.899901999999,7419.700195,7437.75,7437.75,187600.0,-160447.61987770553
325,2016-01-28,7426.5,7468.850098000001,7409.600098000001,7424.649901999999,7424.649901999999,274500.0,-206288.28060689062
326,2016-01-29,7413.350098000001,7575.649901999999,7402.799805,7563.549805,7563.549805,298700.0,121828.77694169476
327,2016-02-01,7589.5,7600.450195,7541.25,7555.950195,7555.950195,200400.0,156003.92548338807
328,2016-02-02,7566.649901999999,7576.299805,7428.049805,7455.549805,7455.549805,230200.0,-245672.99923504144
329,2016-02-03,7392.450195,7419.399901999999,7350.299805,7361.799805,7361.799805,192000.0,-272889.6736897002
330,2016-02-04,7411.450195,7457.049805,7365.950195,7404.0,7404.0,222700.0,-164761.36223978834
331,2016-02-05,7418.25,7503.149901999999,7406.649901999999,7489.100098000001,7489.100098000001,249800.0,140392.67247550882
332,2016-02-08,7489.700195,7512.549805,7363.200195,7387.25,7387.25,171500.0,60794.70128044771
333,2016-02-09,7303.950195,7323.450195,7275.149901999999,7298.200195,7298.200195,212100.0,-125926.14864791962
334,2016-02-10,7264.299805,7271.850098000001,7177.75,7215.700195,7215.700195,246900.0,-57411.94966621397
335,2016-02-11,7203.600098000001,7208.649901999999,6959.950195,6976.350098000001,6976.350098000001,292300.0,-301502.3867939508
336,2016-02-12,7023.649901999999,7034.799805,6869.0,6980.950195,6980.950195,333900.0,-136742.67466488312
337,2016-02-15,7057.350098000001,7182.799805,7056.799805,7162.950195,7162.950195,354200.0,359608.368334337
338,2016-02-16,7201.25,7204.649901999999,7037.700195,7048.25,7048.25,253800.0,20877.094830622373
339,2016-02-17,7058.850098000001,7123.700195,6960.649901999999,7108.450195,7108.450195,260000.0,-10359.287245371903
340,2016-02-18,7177.399901999999,7215.100098000001,7127.850098000001,7191.75,7191.75,246700.0,326019.56076093606
341,2016-02-19,7170.549805,7226.850098000001,7145.950195,7210.75,7210.75,192300.0,230414.62499950198
342,2016-02-22,7208.850098000001,7252.399901999999,7200.700195,7234.549805,7234.549805,154400.0,163541.94567904662
343,2016-02-23,7240.299805,7241.700195,7090.700195,7109.549805,7109.549805,194400.0,-98083.19308544393
344,2016-02-24,7075.0,7090.799805,7009.75,7018.700195,7018.700195,199700.0,-301460.2981371657
345,2016-02-25,7029.850098000001,7034.200195,6961.399901999999,6970.600098000001,6970.600098000001,283100.0,-367140.9394385588
346,2016-02-26,7039.299805,7052.899901999999,6985.100098000001,7029.75,7029.75,206700.0,-145999.36668486998
347,2016-02-29,7050.450195,7094.600098000001,6825.799805,6987.049805,6987.049805,473400.0,160120.36091177378
348,2016-03-01,7038.25,7235.5,7035.100098000001,7222.299805,7222.299805,275100.0,333432.4395889868
349,2016-03-02,7321.700195,7380.350098000001,7308.149901999999,7368.850098000001,7368.850098000001,338500.0,469526.6110976462
350,2016-03-03,7429.549805,7483.950195,7406.049805,7475.600098000001,7475.600098000001,278600.0,449541.9423816461
351,2016-03-04,7505.399901999999,7505.899901999999,7444.100098000001,7485.350098000001,7485.350098000001,281700.0,313231.07753956656
352,2016-03-08,7486.399901999999,7527.149901999999,7442.149901999999,7485.299805,7485.299805,257000.0,98287.01958606203
353,2016-03-09,7436.100098000001,7539.0,7424.299805,7531.799805,7531.799805,245100.0,218258.16567676235
354,2016-03-10,7545.350098000001,7547.100098000001,7447.399901999999,7486.149901999999,7486.149901999999,224700.0,164294.32012887072
355,2016-03-11,7484.850098000001,7543.950195,7460.600098000001,7510.200195,7510.200195,198700.0,-12248.473646718623
356,2016-03-14,7542.600098000001,7583.700195,7515.049805,7538.75,7538.75,166900.0,-13876.754340013431
357,2016-03-15,7535.850098000001,7545.200195,7452.799805,7460.600098000001,7460.600098000001,193700.0,-212658.43675931654
358,2016-03-16,7457.049805,7508.0,7405.149901999999,7498.75,7498.75,195400.0,-743.580594823783
359,2016-03-17,7557.399901999999,7585.299805,7479.399901999999,7512.549805,7512.549805,239600.0,70656.9626421556
360,2016-03-18,7534.649901999999,7613.600098000001,7517.899901999999,7604.350098000001,7604.350098000001,237400.0,101911.95304289328
361,2016-03-21,7619.200195,7713.549805,7617.700195,7704.25,7704.25,196800.0,350118.69599859917
362,2016-03-22,7695.549805,7728.200195,7643.799805,7714.899901999999,7714.899901999999,208900.0,301671.67615948233
363,2016-03-23,7717.450195,7726.850098000001,7670.600098000001,7716.5,7716.5,199600.0,269207.2066604013
364,2016-03-28,7741.0,7749.399901999999,7587.700195,7615.100098000001,7615.100098000001,242400.0,-34104.4723407315
365,2016-03-29,7606.549805,7652.899901999999,7582.25,7597.0,7597.0,216800.0,-286525.727426301
366,2016-03-30,7651.100098000001,7741.950195,7643.450195,7735.200195,7735.200195,232600.0,74446.06160205488
367,2016-03-31,7727.649901999999,7777.600098000001,7702.0,7738.399901999999,7738.399901999999,380100.0,186641.57448914845
368,2016-04-01,7718.049805,7740.149901999999,7666.100098000001,7713.049805,7713.049805,183900.0,35216.54813995188
369,2016-04-04,7733.149901999999,7764.450195,7704.399901999999,7758.799805,7758.799805,155500.0,175532.46000763754
370,2016-04-05,7736.299805,7736.299805,7588.649901999999,7603.200195,7603.200195,203800.0,-37396.015815547915
371,2016-04-06,7636.049805,7638.649901999999,7591.75,7614.350098000001,7614.350098000001,165600.0,-169634.22307599167
372,2016-04-07,7630.399901999999,7630.75,7535.850098000001,7546.450195,7546.450195,234400.0,-188037.6700172421
373,2016-04-08,7542.350098000001,7569.350098000001,7526.700195,7555.200195,7555.200195,143400.0,-133787.40094197445
374,2016-04-11,7577.799805,7678.799805,7516.850098000001,7671.399901999999,7671.399901999999,179800.0,211617.67743318772
375,2016-04-12,7669.25,7717.399901999999,7663.350098000001,7708.950195,7708.950195,163400.0,275679.6859198714
376,2016-04-13,7777.149901999999,7864.799805,7772.200195,7850.450195,7850.450195,220400.0,264402.5940633068
377,2016-04-18,7908.149901999999,7920.600098000001,7842.75,7914.700195,7914.700195,184600.0,308711.86955479556
378,2016-04-20,7950.049805,7950.399901999999,7877.549805,7914.75,7914.75,205300.0,160988.92496525607
379,2016-04-21,7953.649901999999,7978.450195,7884.100098000001,7912.049805,7912.049805,223700.0,-86796.0016696075
380,2016-04-22,7891.799805,7923.350098000001,7873.350098000001,7899.299805,7899.299805,183300.0,-84201.65494378273
381,2016-04-25,7894.799805,7911.0,7827.0,7855.049805,7855.049805,146300.0,-41629.927526009626
382,2016-04-26,7828.149901999999,7974.5,7822.549805,7962.649901999999,7962.649901999999,202400.0,122237.79465957283
383,2016-04-27,7942.0,7991.0,7940.549805,7979.899901999999,7979.899901999999,206800.0,286630.3240052417
384,2016-04-28,7967.399901999999,7992.0,7834.450195,7847.25,7847.25,292500.0,-129173.54617354821
385,2016-04-29,7844.25,7889.049805,7788.700195,7849.799805,7849.799805,243700.0,-191910.90672087713
386,2016-05-02,7822.700195,7829.799805,7777.299805,7805.899901999999,7805.899901999999,146300.0,66159.86349500288
387,2016-05-03,7824.799805,7890.25,7735.149901999999,7747.0,7747.0,186500.0,-144903.84261575688
388,2016-05-04,7724.149901999999,7749.0,7697.25,7706.549805,7706.549805,199700.0,-285926.989663873
389,2016-05-05,7731.0,7777.549805,7706.850098000001,7735.5,7735.5,185100.0,-163007.76708265225
390,2016-05-06,7717.649901999999,7738.899901999999,7678.350098000001,7733.450195,7733.450195,163600.0,99068.29210557761
391,2016-05-09,7755.25,7873.649901999999,7753.549805,7866.049805,7866.049805,160600.0,274424.8145232423
392,2016-05-10,7873.549805,7896.899901999999,7837.700195,7887.799805,7887.799805,162000.0,252469.1970037698
393,2016-05-11,7804.649901999999,7893.100098000001,7780.899901999999,7848.850098000001,7848.850098000001,214100.0,157419.79512321862
394,2016-05-12,7871.450195,7916.049805,7849.649901999999,7900.399901999999,7900.399901999999,152700.0,125944.39525647738
395,2016-05-13,7881.0,7881.0,7784.200195,7814.899901999999,7814.899901999999,179500.0,15075.316374442496
396,2016-05-16,7831.200195,7873.899901999999,7772.149901999999,7860.75,7860.75,205200.0,86516.53262916414
397,2016-05-17,7896.850098000001,7940.100098000001,7879.700195,7890.75,7890.75,183400.0,35864.875403584054
398,2016-05-18,7846.75,7882.049805,7810.75,7870.149901999999,7870.149901999999,156400.0,-12102.278396064765
399,2016-05-19,7875.5,7876.200195,7766.799805,7783.399901999999,7783.399901999999,170400.0,-14494.168022429832
400,2016-05-20,7792.200195,7812.399901999999,7735.75,7749.700195,7749.700195,157000.0,-218540.35624957155
401,2016-05-23,7813.950195,7820.600098000001,7722.200195,7731.049805,7731.049805,172000.0,-240914.66559837648
402,2016-05-24,7738.049805,7761.549805,7715.799805,7748.850098000001,7748.850098000001,147000.0,-75673.54039571685
403,2016-05-25,7811.799805,7941.200195,7809.299805,7934.899901999999,7934.899901999999,176200.0,224756.19278243615
404,2016-05-26,7974.450195,8083.0,7948.5,8069.649901999999,8069.649901999999,264300.0,371200.0506527651
405,2016-05-27,8081.950195,8164.200195,8077.049805,8156.649901999999,8156.649901999999,260900.0,427526.3694672266
406,2016-05-30,8166.5,8200.0,8150.799805,8178.5,8178.5,247400.0,246871.02321026564
407,2016-05-31,8209.849609,8213.599609,8134.299805,8160.100098000001,8160.100098000001,471000.0,-133341.81134931216
408,2016-06-01,8179.200195,8215.349609,8171.049805,8179.950195,8179.950195,194400.0,-280804.2616918769
409,2016-06-02,8156.899901999999,8229.5,8154.75,8218.950195,8218.950195,181700.0,14126.546632724654
410,2016-06-03,8246.200195,8262.0,8209.849609,8220.799805,8220.799805,379000.0,-89428.42972038565
411,2016-06-06,8228.75,8234.700195,8186.049805,8201.049805,8201.049805,171600.0,-285623.9345836802
412,2016-06-07,8235.549805,8294.950195,8216.400391,8266.450195,8266.450195,241900.0,580.4465493935422
413,2016-06-08,8285.5,8288.900391,8252.049805,8273.049805,8273.049805,174300.0,90720.50521110592
414,2016-06-09,8273.349609,8273.349609,8184.600098000001,8203.599609,8203.599609,174900.0,-75658.48314901054
415,2016-06-10,8180.25,8265.599609,8162.850098000001,8170.049805,8170.049805,182200.0,-256681.07323639863
416,2016-06-13,8102.25,8125.25,8063.899901999999,8110.600098000001,8110.600098000001,169700.0,-68012.26520811315
417,2016-06-14,8134.399901999999,8134.950195,8069.5,8108.850098000001,8108.850098000001,145500.0,118109.6596813669
418,2016-06-15,8139.399901999999,8213.200195,8123.149901999999,8206.599609,8206.599609,169800.0,174363.30475237212
419,2016-06-16,8180.649901999999,8180.649901999999,8074.450195,8140.75,8140.75,189200.0,191940.4242336067
420,2016-06-17,8176.649901999999,8195.25,8135.799805,8170.200195,8170.200195,166600.0,73236.29724360658
421,2016-06-20,8115.75,8244.150391,8107.350098000001,8238.5,8238.5,168600.0,180875.88359493285
422,2016-06-21,8255.400391,8257.25,8202.150391,8219.900391,8219.900391,137000.0,105939.72568486826
423,2016-06-22,8213.650391,8238.349609,8153.25,8203.700195,8203.700195,136100.0,-23462.360658665486
424,2016-06-23,8201.150391,8285.599609,8188.299805,8270.450195,8270.450195,154100.0,131384.0094919513
425,2016-06-24,8029.100098000001,8100.700195,7927.049805,8088.600098000001,8088.600098000001,297600.0,362239.7757666008
426,2016-06-27,8039.350098000001,8120.649901999999,8039.350098000001,8094.700195,8094.700195,162500.0,314890.75042512437
427,2016-06-28,8096.049805,8146.350098000001,8086.850098000001,8127.850098000001,8127.850098000001,170400.0,123201.7336200874
428,2016-06-29,8173.100098000001,8212.400391,8157.649901999999,8204.0,8204.0,147000.0,166328.4287457013
429,2016-06-30,8260.25,8308.150391,8242.099609,8287.75,8287.75,279400.0,208700.93881548263
430,2016-07-01,8313.049805,8356.75,8308.650391,8328.349609,8328.349609,165500.0,76870.6940578929
431,2016-07-04,8376.75,8398.450195,8364.700195,8370.700195,8370.700195,154200.0,-129312.12413513774
432,2016-07-05,8379.299805,8381.450195,8319.950195,8335.950195,8335.950195,139000.0,-166048.13008130083
433,2016-07-07,8342.0,8361.950195,8317.700195,8337.900391,8337.900391,155500.0,-80202.79774231932
434,2016-07-08,8350.0,8353.299805,8287.549805,8323.200195,8323.200195,137900.0,-1886.1369335200434
435,2016-07-11,8413.349609,8475.25,8407.049805,8467.900391,8467.900391,149800.0,129155.4042288584
436,2016-07-12,8502.599609,8526.599609,8479.200195,8521.049805,8521.049805,183600.0,258119.59031033376
437,2016-07-13,8540.450195,8550.25,8493.549805,8519.5,8519.5,195500.0,124056.51486292903
438,2016-07-14,8515.75,8571.400391,8500.700195,8565.0,8565.0,153900.0,109485.75625786507
439,2016-07-15,8565.450195,8594.799805,8510.049805,8541.400391,8541.400391,221700.0,68357.1184682096
440,2016-07-18,8564.049805,8587.099609,8494.349609,8508.700195,8508.700195,164300.0,-171136.0969547526
441,2016-07-19,8514.299805,8540.049805,8476.700195,8528.549805,8528.549805,167900.0,-6516.468066179368
442,2016-07-20,8515.450195,8569.900391,8512.549805,8565.849609,8565.849609,160300.0,244596.86228043394
443,2016-07-21,8582.700195,8585.25,8503.450195,8510.099609,8510.099609,150000.0,12042.068507342789
444,2016-07-22,8519.650391,8548.950195,8489.799805,8541.200195,8541.200195,143200.0,-19938.027139878774
445,2016-07-25,8519.950195,8641.150391,8517.200195,8635.650391,8635.650391,150000.0,242363.5125814214
446,2016-07-26,8633.75,8644.900391,8577.150391,8590.650391,8590.650391,154800.0,43579.71468287785
447,2016-07-27,8599.400391,8665.0,8572.049805,8615.799805,8615.799805,184100.0,-103903.31004893135
448,2016-07-28,8636.950195,8674.700195,8625.25,8666.299805,8666.299805,233500.0,143373.19199524305
449,2016-07-29,8668.299805,8670.349609,8631.150391,8638.5,8638.5,157000.0,56041.05742663426
450,2016-08-01,8654.299805,8711.299805,8590.5,8636.549805,8636.549805,188400.0,-142887.9299365558
451,2016-08-02,8647.450195,8687.200195,8611.400391,8622.900391,8622.900391,169400.0,-162759.78408419125
452,2016-08-03,8635.200195,8635.450195,8529.599609,8544.849609,8544.849609,163000.0,-234031.66498921264
453,2016-08-04,8599.950195,8601.400391,8518.150391,8551.099609,8551.099609,164700.0,-150360.8123575503
454,2016-08-05,8600.200195,8689.400391,8590.150391,8683.150391,8683.150391,157900.0,103685.39107730213
455,2016-08-08,8712.849609,8723.5,8697.599609,8711.349609,8711.349609,172600.0,148673.13180260512
456,2016-08-09,8727.799805,8728.349609,8638.200195,8678.25,8678.25,200100.0,-11647.249408422444
457,2016-08-10,8686.700195,8690.099609,8564.599609,8575.299805,8575.299805,173600.0,-166304.57649384852
458,2016-08-11,8572.799805,8601.150391,8540.049805,8592.150391,8592.150391,189200.0,-10535.14504488156
460,2016-08-16,8670.25,8682.349609,8600.450195,8642.549805,8642.549805,224800.0,139774.9777505817
461,2016-08-17,8639.799805,8667.099609,8603.599609,8624.049805,8624.049805,174100.0,-55649.497460547595
462,2016-08-18,8648.849609,8690.700195,8645.049805,8673.25,8673.25,164300.0,-23271.824884429145
463,2016-08-19,8694.299805,8696.599609,8647.099609,8666.900391,8666.900391,191900.0,316.31322745048965
464,2016-08-22,8667.0,8684.849609,8614.0,8629.150391,8629.150391,152300.0,-125538.65703890735
465,2016-08-23,8628.349609,8642.150391,8580.0,8632.599609,8632.599609,187500.0,42708.23677086421
466,2016-08-24,8648.5,8661.049805,8620.900391,8650.299805,8650.299805,149600.0,199362.19879534625
467,2016-08-25,8668.849609,8683.049805,8583.650391,8592.200195,8592.200195,213100.0,-106951.3221902307
468,2016-08-26,8614.349609,8622.950195,8547.549805,8572.549805,8572.549805,147500.0,-226129.3987434563
469,2016-08-29,8583.75,8622.0,8543.75,8607.450195,8607.450195,129700.0,31778.329167712924
470,2016-08-30,8646.75,8750.599609,8642.25,8744.349609,8744.349609,150200.0,214338.99809955648
471,2016-08-31,8754.049805,8819.200195,8754.049805,8786.200195,8786.200195,362200.0,128148.47416264299
472,2016-09-01,8793.599609,8813.25,8759.950195,8774.650391,8774.650391,238900.0,-111845.1358177123
473,2016-09-02,8796.349609,8824.099609,8768.200195,8809.650391,8809.650391,191500.0,-14621.92808275859
474,2016-09-06,8852.700195,8950.849609,8848.450195,8943.0,8943.0,195600.0,258111.716803458
475,2016-09-07,8968.700195,8968.700195,8913.349609,8917.950195,8917.950195,290100.0,-76263.52868956976
476,2016-09-08,8915.5,8960.349609,8896.0,8952.5,8952.5,217200.0,-77665.15478271779
477,2016-09-09,8934.299805,8939.150391,8858.700195,8866.700195,8866.700195,175900.0,23293.37707393369
478,2016-09-12,8732.950195,8746.950195,8699.400391,8715.599609,8715.599609,184500.0,-199706.32785167138
479,2016-09-14,8710.650391,8739.849609,8688.900391,8726.599609,8726.599609,184300.0,29651.36307254227
480,2016-09-15,8743.849609,8751.950195,8704.349609,8742.549805,8742.549805,145400.0,176412.25872327355
481,2016-09-16,8780.849609,8847.650391,8750.5,8779.849609,8779.849609,265800.0,-17229.60238724829
482,2016-09-19,8788.450195,8824.299805,8774.200195,8808.400391,8808.400391,131700.0,-57092.617827383925
483,2016-09-20,8816.099609,8816.450195,8759.299805,8775.900391,8775.900391,136500.0,-9092.735758122479
484,2016-09-21,8790.299805,8826.849609,8757.299805,8777.150391,8777.150391,148800.0,-121061.52718663661
485,2016-09-22,8873.349609,8893.349609,8837.799805,8867.450195,8867.450195,172800.0,-52192.12949092169
486,2016-09-23,8880.75,8885.200195,8820.299805,8831.549805,8831.549805,185900.0,-109782.99100571564
487,2016-09-26,8807.900391,8809.549805,8715.099609,8723.049805,8723.049805,164000.0,-257842.35304504936
488,2016-09-27,8748.900391,8768.5,8690.5,8706.400391,8706.400391,151400.0,-226064.98503233987
489,2016-09-28,8711.200195,8767.049805,8703.150391,8745.150391,8745.150391,165500.0,-37613.186129916314
490,2016-09-29,8792.700195,8800.650391,8558.25,8591.25,8591.25,372900.0,-219307.3049535831
491,2016-09-30,8581.5,8637.150391,8555.200195,8611.150391,8611.150391,181700.0,-204962.40169238407
492,2016-10-03,8666.150391,8745.200195,8635.0,8738.099609,8738.099609,137300.0,186012.1404401348
493,2016-10-04,8770.0,8783.650391,8736.099609,8769.150391,8769.150391,184300.0,191506.72264638753
494,2016-10-05,8806.349609,8806.950195,8731.400391,8743.950195,8743.950195,157200.0,-33073.90919211549
495,2016-10-06,8768.700195,8781.150391,8684.650391,8709.549805,8709.549805,163600.0,-184148.29017697243
496,2016-10-07,8721.700195,8723.700195,8663.799805,8697.599609,8697.599609,150400.0,-59842.748337552825
497,2016-10-10,8735.349609,8745.799805,8703.950195,8708.799805,8708.799805,108400.0,-63945.34952770312
498,2016-10-13,8671.5,8681.549805,8541.349609,8573.349609,8573.349609,212300.0,-198663.97013350617
499,2016-10-14,8594.0,8604.450195,8549.799805,8583.400391,8583.400391,162800.0,-77999.1809591002
500,2016-10-17,8612.950195,8615.400391,8506.150391,8520.400391,8520.400391,197400.0,-108516.37475581633
501,2016-10-18,8556.049805,8685.099609,8555.900391,8677.900391,8677.900391,216600.0,46556.9516006585
502,2016-10-19,8697.5,8698.75,8636.700195,8659.099609,8659.099609,172100.0,144614.36192710936
503,2016-10-20,8693.349609,8727.0,8678.299805,8699.400391,8699.400391,161000.0,-69332.32791748461
504,2016-10-21,8708.599609,8709.099609,8652.049805,8693.049805,8693.049805,157300.0,47308.287309772604
505,2016-10-24,8709.849609,8736.950195,8684.150391,8708.950195,8708.950195,157100.0,59271.84708597777
506,2016-10-25,8721.700195,8722.650391,8663.450195,8691.299805,8691.299805,189800.0,-20746.206398769806
507,2016-10-26,8657.299805,8657.299805,8596.599609,8615.25,8615.25,219300.0,-95762.67758073693
508,2016-10-27,8607.099609,8624.849609,8550.25,8615.25,8615.25,242800.0,95773.83539951721
509,2016-10-28,8625.0,8653.75,8581.75,8638.0,8638.0,175500.0,279030.88722312765
510,2016-11-01,8653.150391,8669.599609,8614.5,8626.25,8626.25,165000.0,4091.3001935947395
511,2016-11-02,8542.799805,8549.5,8504.849609,8514.0,8514.0,155300.0,-186274.89535061546
512,2016-11-03,8499.849609,8537.650391,8476.150391,8484.950195,8484.950195,170500.0,-213355.03637347725
513,2016-11-04,8503.599609,8504.0,8400.25,8433.75,8433.75,224800.0,-201335.542636496
514,2016-11-07,8535.75,8535.849609,8481.450195,8497.049805,8497.049805,172800.0,-153323.47954213698
515,2016-11-08,8540.0,8559.400391,8480.099609,8543.549805,8543.549805,195700.0,43771.70830067611
516,2016-11-09,8067.5,8476.200195,8002.25,8432.0,8432.0,314300.0,373144.5308017575
517,2016-11-10,8555.599609,8598.450195,8510.700195,8525.75,8525.75,263100.0,82824.67244139034
518,2016-11-11,8456.650391,8460.599609,8284.950195,8296.299805,8296.299805,266900.0,-405261.0650799603
519,2016-11-15,8284.849609,8288.549805,8093.200195,8108.450195,8108.450195,359200.0,-535526.426517725
520,2016-11-16,8205.650391,8210.049805,8089.399901999999,8111.600098000001,8111.600098000001,269500.0,-473439.2414141123
521,2016-11-17,8105.100098000001,8151.25,8060.299805,8079.950195,8079.950195,191300.0,-278958.0020752545
522,2016-11-18,8097.549805,8128.950195,8048.299805,8074.100098000001,8074.100098000001,161200.0,-166700.05205059293
523,2016-11-21,8102.100098000001,8102.450195,7916.399901999999,7929.100098000001,7929.100098000001,218800.0,-246991.78375028828
524,2016-11-22,7989.149901999999,8019.049805,7938.149901999999,8002.299805,8002.299805,210200.0,-65770.60768193561
525,2016-11-23,8051.200195,8055.200195,7973.100098000001,8033.299805,8033.299805,181000.0,207593.53454059816
526,2016-11-24,8011.799805,8024.850098000001,7952.549805,7965.5,7965.5,260500.0,-82744.49638649903
527,2016-11-25,8007.950195,8122.25,7976.75,8114.299805,8114.299805,177900.0,-8721.257887710235
528,2016-11-28,8080.649901999999,8146.5,8066.5,8126.899901999999,8126.899901999999,189700.0,255205.43983293354
529,2016-11-29,8131.549805,8197.349609,8128.700195,8142.149901999999,8142.149901999999,189700.0,-18621.89311022559
530,2016-11-30,8172.149901999999,8234.25,8139.25,8224.5,8224.5,248000.0,81726.30849688347
531,2016-12-01,8244.0,8250.799805,8185.049805,8192.900391,8192.900391,157700.0,77053.66953259698
532,2016-12-02,8153.549805,8159.299805,8070.049805,8086.799805,8086.799805,171500.0,-227168.51828990044
533,2016-12-05,8088.75,8141.899901999999,8056.850098000001,8128.75,8128.75,126500.0,-19744.82750015297
534,2016-12-06,8153.149901999999,8178.700195,8130.850098000001,8143.149901999999,8143.149901999999,115300.0,31358.047778744964
535,2016-12-07,8168.399901999999,8190.450195,8077.5,8102.049805,8102.049805,169800.0,-152012.27481967764
536,2016-12-08,8152.100098000001,8256.25,8151.75,8246.849609,8246.849609,142500.0,20874.87088181873
537,2016-12-09,8271.700195,8274.950195,8241.950195,8261.75,8261.75,149700.0,146800.80081818905
538,2016-12-12,8230.650391,8230.650391,8154.450195,8170.799805,8170.799805,108100.0,-31773.6249570935
539,2016-12-13,8196.150391,8228.849609,8155.799805,8221.799805,8221.799805,184000.0,86773.6359037932
540,2016-12-14,8229.349609,8229.400391,8165.100098000001,8182.450195,8182.450195,144600.0,81920.09802837894
541,2016-12-15,8128.399901999999,8225.900391,8121.950195,8153.600098000001,8153.600098000001,181800.0,-137659.44817272472
542,2016-12-16,8178.200195,8178.700195,8127.450195,8139.450195,8139.450195,203000.0,-179030.63988788374
543,2016-12-19,8126.0,8132.5,8094.850098000001,8104.350098000001,8104.350098000001,107400.0,-161137.2411019551
544,2016-12-20,8110.600098000001,8124.100098000001,8062.75,8082.399901999999,8082.399901999999,128000.0,-99206.0856214827
545,2016-12-21,8105.850098000001,8112.549805,8053.25,8061.299805,8061.299805,123700.0,-136121.47869026478
546,2016-12-22,8043.850098000001,8046.450195,7964.950195,7979.100098000001,7979.100098000001,122600.0,-170144.80689567968
547,2016-12-23,7972.5,8022.600098000001,7942.049805,7985.75,7985.75,124100.0,-69475.13989725427
548,2016-12-26,7965.100098000001,7970.049805,7893.799805,7908.25,7908.25,106900.0,-55828.9825802276
549,2016-12-27,7915.049805,8044.649901999999,7903.700195,8032.850098000001,8032.850098000001,118800.0,32526.379300948596
550,2016-12-28,8047.549805,8100.549805,8028.399901999999,8034.850098000001,8034.850098000001,126700.0,-5137.0786386193795
551,2016-12-29,8030.600098000001,8111.100098000001,8020.799805,8103.600098000001,8103.600098000001,178500.0,44802.87470595978
552,2016-12-30,8119.649901999999,8197.0,8114.75,8185.799805,8185.799805,127600.0,241697.6900879892
553,2017-01-02,8210.099609,8212.0,8133.799805,8179.5,8179.5,118300.0,112817.79982133412
554,2017-01-03,8196.049805,8219.099609,8148.600098000001,8192.25,8192.25,127300.0,50305.10178005308
555,2017-01-04,8202.650391,8218.5,8180.899901999999,8190.5,8190.5,132400.0,-34454.91677908519
556,2017-01-05,8226.650391,8282.650391,8223.700195,8273.799805,8273.799805,159100.0,46535.53686498842
557,2017-01-06,8281.849609,8306.849609,8233.25,8243.799805,8243.799805,139400.0,11889.844603863137
558,2017-01-09,8259.349609,8263.0,8227.75,8236.049805,8236.049805,99100.0,-151869.3952988239
559,2017-01-10,8262.700195,8293.799805,8261.0,8288.599609,8288.599609,142900.0,45155.53905819057
560,2017-01-11,8327.799805,8389.0,8322.25,8380.650391,8380.650391,186500.0,237430.52650961344
561,2017-01-12,8391.049805,8417.200195,8382.299805,8407.200195,8407.200195,172600.0,213532.19033388764
562,2017-01-13,8457.650391,8461.049805,8373.150391,8400.349609,8400.349609,185300.0,3066.8064118436596
563,2017-01-16,8390.950195,8426.700195,8374.400391,8412.799805,8412.799805,124100.0,-12490.422908521017
564,2017-01-17,8415.049805,8440.900391,8378.299805,8398.0,8398.0,122000.0,12918.684953901378
565,2017-01-18,8403.849609,8460.299805,8397.400391,8417.0,8417.0,163800.0,-106933.06667125234
566,2017-01-19,8418.400391,8445.150391,8404.049805,8435.099609,8435.099609,165900.0,23042.2167140823
567,2017-01-20,8404.349609,8423.650391,8340.950195,8349.349609,8349.349609,202600.0,-76684.74873532819
568,2017-01-23,8329.599609,8404.150391,8327.200195,8391.5,8391.5,195000.0,-30560.894678967437
569,2017-01-24,8407.049805,8480.950195,8398.150391,8475.799805,8475.799805,179200.0,287791.5928746233
570,2017-01-25,8499.450195,8612.599609,8493.950195,8602.75,8602.75,292500.0,400843.0521766341
571,2017-01-27,8610.5,8672.700195,8606.900391,8641.25,8641.25,275400.0,256071.85397108257
572,2017-01-30,8635.549805,8662.599609,8617.75,8632.75,8632.75,304700.0,-88750.24065888979
573,2017-01-31,8629.450195,8631.75,8552.400391,8561.299805,8561.299805,521000.0,-505020.54774629546
574,2017-02-01,8570.349609,8722.400391,8537.5,8716.400391,8716.400391,327700.0,-97702.70092372218
575,2017-02-02,8724.75,8757.599609,8685.799805,8734.25,8734.25,283500.0,405541.4630087323
576,2017-02-03,8735.150391,8748.25,8707.75,8740.950195,8740.950195,191000.0,221256.64858342608
577,2017-02-06,8785.450195,8814.099609,8770.200195,8801.049805,8801.049805,194400.0,200970.49040512444
578,2017-02-07,8805.700195,8809.299805,8741.049805,8768.299805,8768.299805,226300.0,33231.39704194971
579,2017-02-08,8774.549805,8791.25,8715.0,8769.049805,8769.049805,218700.0,45759.371885477296
580,2017-02-09,8795.549805,8821.400391,8724.099609,8778.400391,8778.400391,187500.0,113127.71568791167
581,2017-02-10,8812.349609,8822.099609,8771.200195,8793.549805,8793.549805,225900.0,-5740.715569013955
582,2017-02-13,8819.799805,8826.900391,8754.200195,8805.049805,8805.049805,204900.0,54214.070028460716
583,2017-02-14,8819.900391,8820.450195,8772.5,8792.299805,8792.299805,188300.0,48938.87941932252
584,2017-02-15,8778.950195,8807.900391,8712.849609,8724.700195,8724.700195,216100.0,-195007.54989130754
585,2017-02-16,8739.0,8783.950195,8719.599609,8778.0,8778.0,184600.0,-11753.056649932347
586,2017-02-17,8883.700195,8896.450195,8804.25,8821.700195,8821.700195,298300.0,-34923.16734642215
587,2017-02-20,8818.549805,8886.25,8809.799805,8879.200195,8879.200195,167800.0,-48532.121386277664
588,2017-02-21,8890.75,8920.799805,8860.950195,8907.849609,8907.849609,175700.0,236517.29993038718
589,2017-02-22,8931.599609,8960.75,8905.25,8926.900391,8926.900391,247100.0,45350.439801655746
590,2017-02-23,8956.400391,8982.150391,8927.549805,8939.5,8939.5,377200.0,-266401.71830330783
591,2017-02-27,8943.700195,8951.799805,8888.650391,8896.700195,8896.700195,189900.0,-353573.72518221627
592,2017-02-28,8898.950195,8914.75,8867.599609,8879.599609,8879.599609,293600.0,-285640.7944889024
593,2017-03-01,8904.400391,8960.799805,8898.599609,8945.799805,8945.799805,205900.0,-37563.160532673486
594,2017-03-02,8982.849609,8992.5,8879.799805,8899.75,8899.75,218800.0,-34744.391573647605
595,2017-03-03,8883.5,8907.099609,8860.099609,8897.549805,8897.549805,202600.0,-21067.52455389574
596,2017-03-06,8915.099609,8967.799805,8914.0,8963.450195,8963.450195,174800.0,266804.0156121782
597,2017-03-07,8977.75,8977.849609,8932.799805,8946.900391,8946.900391,173400.0,81683.89691583315
598,2017-03-08,8950.700195,8957.049805,8891.950195,8924.299805,8924.299805,177800.0,-65945.16524625296
599,2017-03-09,8914.5,8945.799805,8899.5,8927.0,8927.0,171500.0,31133.015140713374
600,2017-03-10,8953.700195,8975.700195,8903.950195,8934.549805,8934.549805,152700.0,9772.147344297486
601,2017-03-14,9091.650391,9122.75,9060.5,9087.0,9087.0,270300.0,-62619.472868136785
602,2017-03-15,9086.849609,9106.549805,9075.5,9084.799805,9084.799805,240600.0,-136639.64090257545
603,2017-03-16,9129.650391,9158.450195,9128.549805,9153.700195,9153.700195,208600.0,45848.691844196044
604,2017-03-17,9207.799805,9218.400391,9147.599609,9160.049805,9160.049805,286700.0,-43545.32161508736
605,2017-03-20,9166.950195,9167.599609,9116.299805,9126.849609,9126.849609,332100.0,-381375.8730882743
606,2017-03-21,9133.950195,9147.75,9087.200195,9121.5,9121.5,247700.0,-162576.7567551258
607,2017-03-22,9047.200195,9072.900391,9019.299805,9030.450195,9030.450195,232300.0,-102719.95246353437
608,2017-03-23,9048.75,9099.049805,9048.599609,9086.299805,9086.299805,191800.0,-40795.58862539519
609,2017-03-24,9104.0,9133.549805,9089.400391,9108.0,9108.0,203700.0,62787.53119943339
610,2017-03-27,9093.450195,9094.849609,9024.650391,9045.200195,9045.200195,202700.0,-116092.37842031156
611,2017-03-28,9081.5,9110.400391,9079.799805,9100.799805,9100.799805,183300.0,-15741.606179883354
612,2017-03-29,9128.700195,9153.150391,9109.099609,9143.799805,9143.799805,243400.0,208351.19357560994
613,2017-03-30,9142.599609,9183.150391,9136.349609,9173.75,9173.75,323400.0,333551.7226723409
614,2017-03-31,9158.900391,9191.700195,9152.099609,9173.75,9173.75,190900.0,211321.24355043977
615,2017-04-03,9220.599609,9245.349609,9192.400391,9237.849609,9237.849609,139100.0,117531.61594540003
616,2017-04-05,9264.400391,9273.900391,9215.400391,9265.150391,9265.150391,184800.0,229212.2675991088
617,2017-04-06,9245.799805,9267.950195,9218.849609,9261.950195,9261.950195,186100.0,270135.8031484425
618,2017-04-07,9223.700195,9250.5,9188.099609,9198.299805,9198.299805,190000.0,12734.04341398849
619,2017-04-10,9225.599609,9225.650391,9174.849609,9181.450195,9181.450195,135800.0,-228394.60705110786
620,2017-04-11,9184.549805,9242.700195,9172.849609,9237.0,9237.0,200100.0,66930.66565335206
621,2017-04-12,9242.5,9246.400391,9161.799805,9203.450195,9203.450195,161800.0,164955.56152172945
622,2017-04-13,9202.5,9202.650391,9144.950195,9150.799805,9150.799805,166500.0,-135226.5671823237
624,2017-04-18,9163.0,9217.900391,9095.450195,9105.150391,9105.150391,174200.0,-279341.296849309
625,2017-04-19,9112.200195,9120.5,9075.150391,9103.5,9103.5,173700.0,-103128.87502050413
626,2017-04-20,9108.099609,9143.900391,9102.650391,9136.400391,9136.400391,170300.0,151844.4820854336
627,2017-04-21,9179.099609,9183.650391,9088.75,9119.400391,9119.400391,155200.0,53423.96192148478
628,2017-04-24,9135.349609,9225.400391,9130.549805,9217.950195,9217.950195,167700.0,86406.68746377797
629,2017-04-25,9273.049805,9309.200195,9250.349609,9306.599609,9306.599609,168700.0,295145.8694779987
630,2017-04-26,9336.200195,9367.0,9301.349609,9351.849609,9351.849609,185700.0,253781.02283164865
631,2017-04-27,9359.150391,9367.150391,9322.650391,9342.150391,9342.150391,209400.0,74109.70729226591
632,2017-04-28,9340.950195,9342.650391,9282.25,9304.049805,9304.049805,162200.0,-70997.93592008401
633,2017-05-02,9339.849609,9352.549805,9269.900391,9313.799805,9313.799805,161600.0,-35048.661938198384
634,2017-05-03,9344.700195,9346.299805,9298.400391,9311.950195,9311.950195,151600.0,-55762.29642632608
635,2017-05-04,9360.950195,9365.650391,9323.25,9359.900391,9359.900391,269600.0,130647.36126746445
636,2017-05-05,9374.549805,9377.099609,9272.0,9285.299805,9285.299805,231900.0,23269.493383108987
637,2017-05-08,9311.450195,9338.700195,9297.950195,9314.049805,9314.049805,174300.0,-209782.79595603037
638,2017-05-09,9337.349609,9338.950195,9307.700195,9316.849609,9316.849609,132300.0,-91404.33831905633
639,2017-05-10,9339.650391,9414.75,9336.0,9407.299805,9407.299805,152700.0,68977.3524684326
640,2017-05-11,9448.599609,9450.650391,9411.299805,9422.400391,9422.400391,171100.0,49240.19056285551
641,2017-05-12,9436.650391,9437.75,9372.549805,9400.900391,9400.900391,154300.0,-94680.66894216469
642,2017-05-15,9433.549805,9449.25,9423.099609,9445.400391,9445.400391,140800.0,79232.13169430193
643,2017-05-16,9461.0,9517.200195,9456.349609,9512.25,9512.25,166500.0,238756.00788803457
644,2017-05-17,9517.599609,9532.599609,9486.099609,9525.75,9525.75,205500.0,284368.745581488
645,2017-05-18,9453.200195,9489.099609,9418.099609,9429.450195,9429.450195,193300.0,13463.034752189327
646,2017-05-19,9469.900391,9505.75,9390.75,9427.900391,9427.900391,252100.0,-220715.02387383807
647,2017-05-22,9480.25,9498.650391,9427.900391,9438.25,9438.25,196800.0,-228442.29256885452
648,2017-05-23,9445.049805,9448.049805,9370.0,9386.150391,9386.150391,224400.0,-270754.9617721567
649,2017-05-24,9410.900391,9431.900391,9341.650391,9360.549805,9360.549805,211800.0,-254625.59916311625
650,2017-05-25,9384.049805,9523.299805,9379.200195,9509.75,9509.75,289200.0,111719.40568589365
651,2017-05-26,9507.75,9604.900391,9495.400391,9595.099609,9595.099609,218800.0,414445.24560822
652,2017-05-29,9560.049805,9637.75,9547.700195,9604.900391,9604.900391,235000.0,243179.5960605373
653,2017-05-30,9590.650391,9635.299805,9581.200195,9624.549805,9624.549805,193900.0,180388.14110191158
654,2017-05-31,9636.549805,9649.599609,9609.25,9621.25,9621.25,414300.0,-51032.60127209086
655,2017-06-01,9603.549805,9634.650391,9589.900391,9616.099609,9616.099609,176100.0,-137775.72909259226
656,2017-06-02,9657.150391,9673.5,9637.450195,9653.5,9653.5,162200.0,12324.85691236969
657,2017-06-05,9656.299805,9687.200195,9640.700195,9675.099609,9675.099609,127700.0,43464.62242768883
658,2017-06-06,9704.25,9709.299805,9630.200195,9637.150391,9637.150391,145900.0,-59022.73507555393
659,2017-06-07,9663.950195,9678.549805,9630.549805,9663.900391,9663.900391,160700.0,-57650.6263301402
660,2017-06-08,9682.400391,9688.700195,9641.5,9647.25,9647.25,155400.0,-54927.902861357776
661,2017-06-09,9638.549805,9676.25,9608.150391,9668.25,9668.25,159000.0,4105.089032246542
662,2017-06-12,9646.700195,9647.049805,9598.5,9616.400391,9616.400391,141400.0,84511.77106150778
663,2017-06-13,9615.549805,9654.150391,9595.400391,9606.900391,9606.900391,129700.0,-116055.01604432159
664,2017-06-14,9621.549805,9627.400391,9580.450195,9618.150391,9618.150391,181800.0,31240.686518512244
665,2017-06-15,9617.900391,9621.400391,9560.799805,9578.049805,9578.049805,171100.0,36471.99022027463
666,2017-06-16,9595.450195,9615.849609,9565.5,9588.049805,9588.049805,213200.0,-95923.08177459153
667,2017-06-19,9626.400391,9673.299805,9614.900391,9657.549805,9657.549805,141700.0,43038.02669425993
668,2017-06-20,9670.5,9676.5,9643.75,9653.5,9653.5,159500.0,738.048032234743
669,2017-06-21,9648.099609,9650.450195,9608.599609,9633.599609,9633.599609,144000.0,-36489.93257796483
670,2017-06-22,9642.650391,9698.849609,9617.75,9630.0,9630.0,198800.0,-110702.38858081825
671,2017-06-23,9643.25,9647.650391,9565.299805,9574.950195,9574.950195,175200.0,-272880.7852107386
672,2017-06-27,9594.049805,9615.400391,9473.450195,9511.400391,9511.400391,203300.0,-228733.82594076952
673,2017-06-28,9520.200195,9522.5,9474.349609,9491.25,9491.25,172400.0,-145974.06852509972
674,2017-06-29,9522.950195,9575.799805,9493.799805,9504.099609,9504.099609,259300.0,-245538.0575093616
675,2017-06-30,9478.5,9535.799805,9448.75,9520.900391,9520.900391,179600.0,-76040.56570306263
676,2017-07-03,9587.950195,9624.0,9543.549805,9615.0,9615.0,183000.0,260174.86746895048
677,2017-07-04,9645.900391,9650.650391,9595.5,9613.299805,9613.299805,144800.0,90723.89872153432
678,2017-07-05,9619.75,9643.650391,9607.349609,9637.599609,9637.599609,130800.0,35863.78941045092
679,2017-07-06,9653.599609,9700.700195,9639.950195,9674.549805,9674.549805,147400.0,107695.96268976321
680,2017-07-07,9670.349609,9684.25,9642.650391,9665.799805,9665.799805,141800.0,36518.82037071597
681,2017-07-10,9719.299805,9782.150391,9646.450195,9771.049805,9771.049805,37500.0,47382.99015814298
682,2017-07-11,9797.450195,9830.049805,9778.849609,9786.049805,9786.049805,179700.0,-97793.36396768081
683,2017-07-12,9807.299805,9824.950195,9787.700195,9816.099609,9816.099609,145500.0,-52799.68328309458
684,2017-07-13,9855.799805,9897.25,9853.450195,9891.700195,9891.700195,181300.0,211714.0287258982
685,2017-07-14,9913.299805,9913.299805,9845.450195,9886.349609,9886.349609,159600.0,168167.72259271413
686,2017-07-17,9908.150391,9928.200195,9894.700195,9915.950195,9915.950195,163500.0,76737.5763702823
687,2017-07-18,9832.700195,9885.349609,9792.049805,9827.150391,9827.150391,293900.0,-28836.708389453182
688,2017-07-19,9855.950195,9905.049805,9851.650391,9899.599609,9899.599609,200200.0,86571.2063733505
689,2017-07-20,9920.200195,9922.549805,9863.450195,9873.299805,9873.299805,161100.0,51931.51605803362
690,2017-07-21,9899.599609,9924.700195,9838.0,9915.25,9915.25,187500.0,39223.77424531567
692,2017-07-25,10010.549805,10011.299805,9949.099609,9964.549805,9964.549805,185500.0,53279.9617393091
693,2017-07-26,9983.650391,10025.950195,9965.950195,10020.650391,10020.650391,197600.0,69346.37330822687
694,2017-07-27,10063.25,10114.849609,10005.5,10020.549805,10020.549805,287900.0,-45960.59191453847
695,2017-07-28,9996.549805,10026.049805,9944.5,10014.5,10014.5,191600.0,-71324.72441856659
696,2017-07-31,10034.700195,10085.900391,10016.950195,10077.099609,10077.099609,237700.0,314347.91406102676
697,2017-08-01,10101.049805,10128.599609,10065.75,10114.650391,10114.650391,184300.0,279510.8010480465
698,2017-08-02,10136.299805,10137.849609,10054.200195,10081.5,10081.5,161500.0,46404.923585551805
699,2017-08-03,10081.150391,10081.150391,9998.25,10013.650391,10013.650391,192700.0,-177190.09859317238
700,2017-08-04,10008.599609,10075.25,9988.349609,10066.400391,10066.400391,178600.0,21119.78533364531
701,2017-08-07,10074.799805,10088.099609,10046.349609,10057.400391,10057.400391,137400.0,77560.73953411955
702,2017-08-08,10068.349609,10083.799805,9947.0,9978.549805,9978.549805,203300.0,-174190.19064625842
703,2017-08-09,9961.150391,9969.799805,9893.049805,9908.049805,9908.049805,169200.0,-212590.0269867424
704,2017-08-10,9872.849609,9892.650391,9776.200195,9820.25,9820.25,235500.0,-160397.25629166875
705,2017-08-11,9712.150391,9771.650391,9685.549805,9710.799805,9710.799805,285900.0,-175547.0520835768
706,2017-08-14,9755.75,9818.299805,9752.099609,9794.150391,9794.150391,195600.0,-65320.28081678314
707,2017-08-16,9825.849609,9903.950195,9773.849609,9897.299805,9897.299805,219500.0,249952.21476805804
708,2017-08-17,9945.549805,9947.799805,9883.75,9904.150391,9904.150391,197600.0,125333.96613853259
709,2017-08-18,9865.950195,9865.950195,9783.650391,9837.400391,9837.400391,246300.0,3691.5066026314016
710,2017-08-21,9864.25,9884.349609,9740.099609,9754.349609,9754.349609,205300.0,-89321.0801749452
711,2017-08-22,9815.75,9828.450195,9752.599609,9765.549805,9765.549805,183600.0,-285644.98081363254
712,2017-08-23,9803.049805,9857.900391,9786.75,9852.5,9852.5,168600.0,22099.305721139404
713,2017-08-24,9881.200195,9881.5,9848.849609,9857.049805,9857.049805,184700.0,51081.53737331451
714,2017-08-28,9907.150391,9925.75,9882.0,9912.799805,9912.799805,159600.0,-26809.243631886646
715,2017-08-29,9886.400391,9887.349609,9783.75,9796.049805,9796.049805,173300.0,-67034.73369869505
716,2017-08-30,9859.5,9909.450195,9850.799805,9884.400391,9884.400391,157800.0,-109144.06788845237
717,2017-08-31,9905.700195,9925.099609,9856.950195,9917.900391,9917.900391,327700.0,281470.4150744148
718,2017-09-01,9937.650391,9983.450195,9909.849609,9974.400391,9974.400391,157800.0,377458.72793127794
719,2017-09-04,9984.150391,9988.400391,9861.0,9912.849609,9912.849609,148800.0,91312.06616198935
720,2017-09-05,9933.25,9963.099609,9901.049805,9952.200195,9952.200195,139200.0,62615.10840165911
721,2017-09-06,9899.25,9931.549805,9882.549805,9916.200195,9916.200195,149200.0,146021.4058602423
722,2017-09-07,9945.849609,9964.849609,9917.200195,9929.900391,9929.900391,188800.0,-32432.697750033694
723,2017-09-08,9958.650391,9963.599609,9913.299805,9934.799805,9934.799805,163600.0,-111899.30160538258
724,2017-09-11,9971.75,10028.650391,9968.799805,10006.049805,10006.049805,173000.0,18601.995431640877
725,2017-09-12,10056.849609,10097.549805,10028.049805,10093.049805,10093.049805,182600.0,201298.5484480596
726,2017-09-13,10099.25,10131.950195,10063.150391,10079.299805,10079.299805,215000.0,44888.08187943156
727,2017-09-14,10107.400391,10126.5,10070.349609,10086.599609,10086.599609,225600.0,-209087.97746548045
728,2017-09-15,10062.349609,10115.150391,10043.650391,10085.400391,10085.400391,266600.0,-50278.04656632368
729,2017-09-18,10133.099609,10171.700195,10131.299805,10153.099609,10153.099609,156100.0,57105.271511535815
730,2017-09-19,10175.599609,10178.950195,10129.950195,10147.549805,10147.549805,187500.0,-40447.891575368696
731,2017-09-20,10160.950195,10171.049805,10134.200195,10141.150391,10141.150391,199400.0,-176991.53591754043
732,2017-09-21,10139.599609,10158.900391,10058.599609,10121.900391,10121.900391,191800.0,-73888.80307195528
733,2017-09-22,10094.349609,10095.049805,9952.799805,9964.400391,9964.400391,226600.0,-139347.60048215344
734,2017-09-25,9960.099609,9960.5,9816.049805,9872.599609,9872.599609,221400.0,-237692.52830877987
735,2017-09-26,9875.25,9891.349609,9813.0,9871.5,9871.5,190900.0,46120.95650090783
736,2017-09-27,9920.599609,9921.049805,9714.400391,9735.75,9735.75,200100.0,-64581.80500685502
737,2017-09-28,9736.400391,9789.200195,9687.549805,9768.950195,9768.950195,385000.0,72852.52587577395
738,2017-09-29,9814.299805,9854.0,9775.349609,9788.599609,9788.599609,196300.0,101446.75656648236
739,2017-10-03,9893.299805,9895.400391,9831.049805,9859.5,9859.5,162800.0,-149008.0204119953
740,2017-10-04,9884.349609,9938.299805,9850.650391,9914.900391,9914.900391,156200.0,53951.632196878476
741,2017-10-05,9927.0,9945.950195,9881.849609,9888.700195,9888.700195,147800.0,-43408.687212184785
742,2017-10-06,9908.150391,9989.349609,9906.599609,9979.700195,9979.700195,195800.0,33927.31762259842
743,2017-10-09,9988.200195,10015.75,9959.450195,9988.75,9988.75,143900.0,156014.03206488944
744,2017-10-10,10013.700195,10034.0,10002.299805,10016.950195,10016.950195,148600.0,-5369.454132025941
745,2017-10-11,10042.599609,10067.25,9955.799805,9984.799805,9984.799805,189700.0,-102225.53743053447
746,2017-10-12,10011.200195,10104.450195,9977.099609,10096.400391,10096.400391,200900.0,84524.43000256666
747,2017-10-13,10123.700195,10191.900391,10120.099609,10167.450195,10167.450195,230100.0,248891.1963919258
748,2017-10-16,10207.400391,10242.950195,10175.099609,10230.849609,10230.849609,203000.0,203982.1775260464
749,2017-10-17,10227.650391,10251.849609,10212.599609,10234.450195,10234.450195,195700.0,152786.7737621776
750,2017-10-18,10209.400391,10236.450195,10175.75,10210.849609,10210.849609,254200.0,61973.45211992206
751,2017-10-19,10210.349609,10211.950195,10123.349609,10146.549805,10146.549805,30200.0,25395.795595587562
752,2017-10-23,10176.650391,10224.150391,10124.5,10184.849609,10184.849609,218100.0,31684.38185400538
753,2017-10-24,10218.549805,10237.75,10182.400391,10207.700195,10207.700195,217200.0,27428.84949598277
754,2017-10-25,10321.150391,10340.549805,10240.900391,10295.349609,10295.349609,594200.0,36511.33855783762
755,2017-10-26,10291.799805,10355.650391,10271.849609,10343.799805,10343.799805,429700.0,363320.0313487707
756,2017-10-27,10362.299805,10366.150391,10311.299805,10323.049805,10323.049805,312700.0,129441.12374814972
757,2017-10-30,10353.849609,10384.5,10344.299805,10363.650391,10363.650391,236900.0,-187561.61894308956
758,2017-10-31,10364.900391,10367.700195,10323.950195,10335.299805,10335.299805,232600.0,-120751.72739063566
759,2017-11-01,10390.349609,10451.650391,10383.049805,10440.5,10440.5,260300.0,63763.30776771309
760,2017-11-02,10440.5,10453.0,10412.549805,10423.799805,10423.799805,201500.0,86263.5612365587
761,2017-11-03,10461.549805,10461.700195,10403.599609,10452.5,10452.5,199900.0,47174.173626607706
762,2017-11-06,10431.75,10490.450195,10413.75,10451.799805,10451.799805,193600.0,135075.9509301153
763,2017-11-07,10477.150391,10485.75,10340.799805,10350.150391,10350.150391,286900.0,-251400.70478805844
764,2017-11-08,10361.950195,10384.25,10285.5,10303.150391,10303.150391,274500.0,-426257.5230101205
765,2017-11-09,10358.650391,10368.450195,10266.950195,10308.950195,10308.950195,240200.0,-217786.55605028808
766,2017-11-10,10304.349609,10344.950195,10254.099609,10321.75,10321.75,279400.0,95287.41389151949
767,2017-11-13,10322.0,10334.150391,10216.25,10224.950195,10224.950195,210300.0,-42561.55906575048
768,2017-11-14,10223.400391,10248.0,10175.549805,10186.599609,10186.599609,305000.0,-391228.08975653176
769,2017-11-15,10171.950195,10175.450195,10094.0,10118.049805,10118.049805,207400.0,-296887.2975351604
770,2017-11-16,10152.900391,10232.25,10139.200195,10214.75,10214.75,182600.0,28994.378731193618
771,2017-11-17,10324.549805,10343.599609,10268.049805,10283.599609,10283.599609,203300.0,-5696.463986864896
772,2017-11-20,10287.200195,10309.849609,10261.5,10298.75,10298.75,147200.0,-39998.15917310628
773,2017-11-21,10329.25,10358.700195,10315.049805,10326.900391,10326.900391,186100.0,-5437.262422153668
774,2017-11-22,10350.799805,10368.700195,10309.549805,10342.299805,10342.299805,157600.0,-68134.05103161972
775,2017-11-23,10358.450195,10374.299805,10307.299805,10348.75,10348.75,153000.0,53227.71459572599
776,2017-11-24,10366.799805,10404.5,10362.25,10389.700195,10389.700195,129200.0,74994.58873213214
777,2017-11-27,10361.049805,10407.150391,10340.200195,10399.549805,10399.549805,141900.0,148366.0723818859
778,2017-11-28,10387.900391,10409.549805,10355.200195,10370.25,10370.25,196000.0,22229.00000591087
779,2017-11-29,10376.650391,10392.950195,10345.900391,10361.299805,10361.299805,152500.0,-140125.74421476567
780,2017-11-30,10332.700195,10332.700195,10211.25,10226.549805,10226.549805,342500.0,-308879.88162725116
781,2017-12-01,10263.700195,10272.700195,10108.549805,10121.799805,10121.799805,143400.0,-376456.3543493131
782,2017-12-04,10175.049805,10179.200195,10095.700195,10127.75,10127.75,148600.0,-154775.61147208977
783,2017-12-05,10118.25,10147.950195,10069.099609,10118.25,10118.25,155500.0,3831.701498399896
784,2017-12-06,10088.799805,10104.200195,10033.349609,10044.099609,10044.099609,166100.0,-77338.61595142062
785,2017-12-07,10063.450195,10182.650391,10061.900391,10166.700195,10166.700195,166200.0,6596.338257014373
786,2017-12-08,10198.450195,10270.849609,10195.25,10265.650391,10265.650391,200000.0,294783.1474831503
787,2017-12-11,10310.5,10329.200195,10282.049805,10322.25,10322.25,147400.0,276435.8252827371
788,2017-12-12,10324.900391,10326.099609,10230.200195,10240.150391,10240.150391,175100.0,-34819.38533157435
789,2017-12-13,10236.599609,10296.549805,10169.849609,10192.950195,10192.950195,181600.0,-254144.08091211726
790,2017-12-14,10229.299805,10276.099609,10141.549805,10252.099609,10252.099609,154300.0,-16125.426175011016
791,2017-12-15,10345.650391,10373.099609,10319.650391,10333.25,10333.25,255100.0,-26030.595822486357
792,2017-12-18,10263.099609,10443.549805,10074.799805,10388.75,10388.75,230400.0,36635.869853993994
793,2017-12-19,10414.799805,10472.200195,10406.0,10463.200195,10463.200195,169100.0,285041.96104764234
794,2017-12-20,10494.400391,10494.450195,10437.150391,10444.200195,10444.200195,175200.0,-8967.72575387935
795,2017-12-21,10473.950195,10473.950195,10426.900391,10440.299805,10440.299805,151900.0,-197469.1594684171
796,2017-12-22,10457.299805,10501.099609,10448.25,10493.0,10493.0,138800.0,30875.51497539125
797,2017-12-26,10512.299805,10545.450195,10477.950195,10531.5,10531.5,155600.0,187540.0995289929
798,2017-12-27,10531.049805,10552.400391,10469.25,10490.75,10490.75,165200.0,11515.181113014696
799,2017-12-28,10498.200195,10534.549805,10460.450195,10477.900391,10477.900391,272900.0,-224135.2841691158
800,2017-12-29,10492.349609,10538.700195,10488.650391,10530.700195,10530.700195,152000.0,-40957.629851203994
802,2018-01-02,10477.549805,10495.200195,10404.650391,10442.200195,10442.200195,153400.0,77234.29624378281
803,2018-01-03,10482.650391,10503.599609,10429.549805,10443.200195,10443.200195,167300.0,-131793.71887528364
804,2018-01-04,10469.400391,10513.0,10441.450195,10504.799805,10504.799805,174900.0,29190.434518701353
805,2018-01-05,10534.25,10566.099609,10520.099609,10558.849609,10558.849609,180900.0,258687.2224309985
806,2018-01-08,10591.700195,10631.200195,10588.549805,10623.599609,10623.599609,169000.0,232643.30341386131
807,2018-01-09,10645.099609,10659.150391,10603.599609,10637.0,10637.0,205000.0,150282.1967273794
808,2018-01-10,10652.049805,10655.5,10592.700195,10632.200195,10632.200195,176400.0,87021.21486197022
809,2018-01-11,10637.049805,10664.599609,10612.349609,10651.200195,10651.200195,153800.0,120421.70751291272
810,2018-01-12,10682.549805,10690.400391,10597.099609,10681.25,10681.25,175200.0,215751.39232296223
811,2018-01-15,10718.5,10782.650391,10713.799805,10741.549805,10741.549805,175900.0,106726.65394135934
812,2018-01-16,10761.5,10762.349609,10687.849609,10700.450195,10700.450195,211000.0,-173733.04706786483
813,2018-01-17,10702.450195,10803.0,10666.75,10788.549805,10788.549805,252700.0,59474.18792797922
814,2018-01-18,10873.400391,10887.5,10782.400391,10817.0,10817.0,312000.0,92524.71146254844
815,2018-01-19,10829.200195,10906.849609,10793.900391,10894.700195,10894.700195,207600.0,56364.55167037589
816,2018-01-22,10883.200195,10975.099609,10881.400391,10966.200195,10966.200195,231600.0,350544.8415432046
817,2018-01-23,10997.400391,11092.900391,10994.549805,11083.700195,11083.700195,284600.0,418960.1862143957
818,2018-01-24,11069.349609,11110.099609,11046.150391,11086.0,11086.0,283400.0,301152.592931527
819,2018-01-25,11095.599609,11095.599609,11009.200195,11069.650391,11069.650391,330300.0,201693.60994063184
820,2018-01-29,11079.349609,11171.549805,11075.950195,11130.400391,11130.400391,241700.0,165523.0002650037
821,2018-01-30,11120.849609,11121.099609,11033.900391,11049.650391,11049.650391,228000.0,-112009.13417033739
822,2018-01-31,11018.799805,11058.5,10979.299805,11027.700195,11027.700195,245900.0,-90990.74984960123
823,2018-02-01,11044.549805,11117.349609,10878.799805,11016.900391,11016.900391,306200.0,102975.02309986792
824,2018-02-02,10938.200195,10954.950195,10736.099609,10760.599609,10760.599609,282700.0,-171075.40784110664
825,2018-02-05,10604.299805,10702.75,10586.799805,10666.549805,10666.549805,240100.0,-129224.9981759363
826,2018-02-06,10295.150391,10594.150391,10276.299805,10498.25,10498.25,266500.0,195865.0414471945
827,2018-02-07,10607.200195,10614.0,10446.400391,10476.700195,10476.700195,250400.0,-54176.21473263031
828,2018-02-08,10518.5,10637.799805,10479.549805,10576.849609,10576.849609,232200.0,-106526.22148416431
829,2018-02-09,10416.5,10480.200195,10398.200195,10454.950195,10454.950195,191600.0,126938.1671608838
830,2018-02-12,10518.200195,10555.5,10485.400391,10539.75,10539.75,217400.0,193311.45190347885
831,2018-02-14,10585.75,10590.549805,10456.650391,10500.900391,10500.900391,229200.0,41997.35322387755
832,2018-02-15,10537.900391,10618.099609,10511.049805,10545.5,10545.5,210600.0,-152763.32988900493
833,2018-02-16,10596.200195,10612.900391,10434.049805,10452.299805,10452.299805,184300.0,-221739.54857152514
834,2018-02-19,10488.900391,10489.349609,10302.75,10378.400391,10378.400391,187300.0,-182119.197473563
835,2018-02-20,10391.0,10429.349609,10347.650391,10360.400391,10360.400391,187700.0,-164546.30305893475
836,2018-02-21,10426.0,10426.099609,10349.599609,10397.450195,10397.450195,234100.0,-70356.8876459871
837,2018-02-22,10354.349609,10397.549805,10340.650391,10382.700195,10382.700195,313600.0,208671.42997857582
838,2018-02-23,10408.099609,10499.099609,10396.650391,10491.049805,10491.049805,210600.0,327418.13286937505
839,2018-02-26,10526.549805,10592.950195,10520.200195,10582.599609,10582.599609,171900.0,300490.2772875091
840,2018-02-27,10615.200195,10631.650391,10537.25,10554.299805,10554.299805,187500.0,3214.8255012193695
841,2018-02-28,10488.950195,10535.5,10461.549805,10492.849609,10492.849609,286000.0,-163668.6826641336
842,2018-03-01,10479.950195,10525.5,10447.150391,10458.349609,10458.349609,176000.0,-169583.48749328102
843,2018-03-05,10428.299805,10428.700195,10323.900391,10358.849609,10358.849609,194000.0,-190293.07247702553
844,2018-03-06,10420.5,10441.349609,10215.900391,10249.25,10249.25,222900.0,-221562.58393074738
845,2018-03-07,10232.950195,10243.349609,10141.549805,10154.200195,10154.200195,249500.0,-344445.5704352171
846,2018-03-08,10216.25,10270.349609,10146.400391,10242.650391,10242.650391,226400.0,-62278.8632493521
847,2018-03-09,10271.299805,10296.700195,10211.900391,10226.849609,10226.849609,186500.0,4467.294913037011
848,2018-03-12,10301.599609,10433.650391,10295.450195,10421.400391,10421.400391,216400.0,57292.36935768287
849,2018-03-13,10389.5,10478.599609,10377.849609,10426.849609,10426.849609,266700.0,170757.1601238079
850,2018-03-14,10393.049805,10420.349609,10336.299805,10410.900391,10410.900391,181400.0,133332.90795684088
851,2018-03-15,10405.450195,10420.0,10346.200195,10360.150391,10360.150391,173900.0,32456.340898845345
852,2018-03-16,10345.150391,10346.299805,10180.25,10195.150391,10195.150391,328500.0,-377700.673843937
853,2018-03-19,10215.349609,10224.549805,10075.299805,10094.25,10094.25,210200.0,-426366.4844786414
854,2018-03-20,10051.549805,10155.650391,10049.099609,10124.349609,10124.349609,203000.0,-73090.2069690684
855,2018-03-21,10181.950195,10227.299805,10132.950195,10155.25,10155.25,204800.0,-24258.0242177077
856,2018-03-22,10167.5,10207.849609,10105.400391,10114.75,10114.75,230500.0,-296418.5674224318
857,2018-03-23,9968.799805,10027.700195,9951.900391,9998.049805,9998.049805,285700.0,-126241.6044999698
858,2018-03-26,9989.150391,10143.5,9958.549805,10130.650391,10130.650391,262600.0,288298.2939023993
859,2018-03-27,10188.0,10207.900391,10139.650391,10184.150391,10184.150391,225700.0,294730.59244614956
860,2018-03-28,10143.599609,10158.349609,10096.900391,10113.700195,10113.700195,344400.0,-87467.2865492583
861,2018-04-02,10151.650391,10220.099609,10127.75,10211.799805,10211.799805,225400.0,28798.22119244639
862,2018-04-03,10186.849609,10255.349609,10171.049805,10245.0,10245.0,205300.0,339774.96512788266
863,2018-04-04,10274.599609,10279.849609,10111.299805,10128.400391,10128.400391,231100.0,-29316.45288253241
864,2018-04-05,10228.450195,10331.799805,10227.450195,10325.150391,10325.150391,236800.0,22414.545910462824
865,2018-04-06,10322.75,10350.450195,10290.849609,10331.599609,10331.599609,200200.0,280181.7734042545
866,2018-04-09,10333.700195,10397.700195,10328.5,10379.349609,10379.349609,221600.0,177632.45372852165
867,2018-04-10,10412.900391,10424.849609,10381.5,10402.25,10402.25,251700.0,93332.37346324911
868,2018-04-11,10428.150391,10428.150391,10355.599609,10417.150391,10417.150391,250400.0,163730.38730191052
869,2018-04-12,10410.650391,10469.900391,10395.25,10458.650391,10458.650391,238600.0,341154.5069364811
870,2018-04-13,10495.299805,10519.900391,10451.450195,10480.599609,10480.599609,213100.0,135081.4056264322
871,2018-04-16,10398.299805,10540.150391,10396.349609,10528.349609,10528.349609,195000.0,131391.90665435107
872,2018-04-17,10557.299805,10560.450195,10495.650391,10548.700195,10548.700195,206100.0,294351.98991079885
873,2018-04-18,10578.900391,10594.200195,10509.700195,10526.200195,10526.200195,205400.0,6172.10298447129
874,2018-04-19,10563.650391,10572.200195,10546.200195,10565.299805,10565.299805,262600.0,-1972.4933845927444
875,2018-04-20,10560.349609,10582.349609,10527.450195,10564.049805,10564.049805,244600.0,204745.46127391927
876,2018-04-23,10592.799805,10638.349609,10514.950195,10584.700195,10584.700195,194200.0,106871.6589615388
877,2018-04-24,10578.099609,10636.799805,10569.0,10614.349609,10614.349609,219200.0,99373.2129974412
878,2018-04-25,10612.400391,10612.599609,10536.450195,10570.549805,10570.549805,189200.0,54281.92837168666
879,2018-04-26,10586.5,10628.400391,10559.650391,10617.799805,10617.799805,335100.0,212008.6679753553
881,2018-04-30,10705.75,10759.0,10704.599609,10739.349609,10739.349609,173800.0,280002.31640782295
882,2018-05-02,10783.849609,10784.650391,10689.799805,10718.049805,10718.049805,229700.0,-44633.06642849512
883,2018-05-03,10720.150391,10720.599609,10647.450195,10679.650391,10679.650391,185200.0,-115024.5613346862
884,2018-05-04,10700.450195,10700.450195,10601.599609,10618.25,10618.25,186500.0,-145822.6978486062
885,2018-05-07,10653.150391,10725.650391,10635.650391,10715.5,10715.5,168400.0,6743.0947987880645
886,2018-05-08,10757.900391,10758.549805,10689.400391,10717.799805,10717.799805,269800.0,82226.74781394811
887,2018-05-09,10693.349609,10766.25,10689.849609,10741.700195,10741.700195,215400.0,28782.422754738902
888,2018-05-10,10779.650391,10785.549805,10705.0,10716.549805,10716.549805,192100.0,-60040.0101995633
889,2018-05-11,10741.950195,10812.049805,10724.450195,10806.5,10806.5,203100.0,40354.84929247681
890,2018-05-14,10815.150391,10834.849609,10774.75,10806.599609,10806.599609,171400.0,187631.35587710232
891,2018-05-15,10812.599609,10929.200195,10781.400391,10801.849609,10801.849609,254300.0,-173665.51251756822
892,2018-05-16,10751.950195,10790.450195,10699.700195,10741.099609,10741.099609,231100.0,-204179.46125740377
893,2018-05-17,10775.599609,10777.25,10664.5,10682.700195,10682.700195,214100.0,-165227.7227306813
894,2018-05-18,10671.849609,10674.950195,10589.099609,10596.400391,10596.400391,223000.0,-330051.5239708052
896,2018-05-22,10518.450195,10558.599609,10490.549805,10536.700195,10536.700195,241700.0,-98937.04156208342
897,2018-05-23,10521.099609,10533.549805,10417.799805,10430.349609,10430.349609,290900.0,-141685.4258107061
898,2018-05-24,10464.849609,10535.150391,10419.799805,10513.849609,10513.849609,297600.0,-40130.662801170634
899,2018-05-25,10533.049805,10628.049805,10524.0,10605.150391,10605.150391,260800.0,333695.2369149262
900,2018-05-28,10648.349609,10709.799805,10640.549805,10688.650391,10688.650391,232600.0,236530.40868827628
901,2018-05-29,10689.400391,10717.25,10616.099609,10633.299805,10633.299805,225800.0,-58482.52782687062
902,2018-05-30,10579.0,10648.700195,10558.450195,10614.349609,10614.349609,238700.0,-92013.3669009067
903,2018-05-31,10670.099609,10763.799805,10620.400391,10736.150391,10736.150391,610300.0,431945.200718734
904,2018-06-01,10738.450195,10764.75,10681.5,10696.200195,10696.200195,220600.0,232257.85582774543
905,2018-06-04,10765.950195,10770.299805,10618.349609,10628.5,10628.5,203800.0,-319265.3846918808
906,2018-06-05,10630.700195,10633.150391,10550.900391,10593.150391,10593.150391,167700.0,-171984.46572498383
907,2018-06-06,10603.450195,10698.349609,10587.5,10684.650391,10684.650391,189900.0,147550.40358868768
908,2018-06-07,10722.599609,10818.0,10722.599609,10768.349609,10768.349609,220900.0,133931.49409965583
909,2018-06-08,10736.400391,10779.450195,10709.049805,10767.650391,10767.650391,209400.0,130173.59243761488
910,2018-06-11,10781.849609,10850.549805,10777.049805,10786.950195,10786.950195,211400.0,-15244.221210137825
911,2018-06-12,10816.150391,10856.549805,10789.400391,10842.849609,10842.849609,198300.0,-37065.71754327745
912,2018-06-13,10887.5,10893.25,10842.650391,10856.700195,10856.700195,213400.0,22491.425777681987
913,2018-06-14,10832.900391,10833.700195,10773.549805,10808.049805,10808.049805,184300.0,-67776.95374017706
914,2018-06-15,10808.650391,10834.0,10755.400391,10817.700195,10817.700195,305400.0,205848.7977443255
915,2018-06-18,10830.200195,10830.200195,10787.349609,10799.849609,10799.849609,196600.0,96834.59146617874
916,2018-06-19,10789.450195,10789.450195,10701.200195,10710.450195,10710.450195,224500.0,-259336.79525024403
917,2018-06-20,10734.650391,10781.799805,10724.049805,10772.049805,10772.049805,193500.0,-49275.33939148669
918,2018-06-21,10808.450195,10809.599609,10725.900391,10741.099609,10741.099609,223600.0,-14229.134324884799
919,2018-06-22,10742.700195,10837.0,10710.450195,10821.849609,10821.849609,229800.0,32385.76678766453
920,2018-06-25,10822.900391,10831.049805,10753.049805,10762.450195,10762.450195,229600.0,519.0219543675776
921,2018-06-26,10742.700195,10805.25,10732.549805,10769.150391,10769.150391,220000.0,-172742.19695290376
922,2018-06-27,10785.5,10785.5,10652.400391,10671.400391,10671.400391,246000.0,-174250.86622443932
923,2018-06-28,10660.799805,10674.200195,10557.700195,10589.099609,10589.099609,352300.0,-338161.07403711125
924,2018-06-29,10612.849609,10723.049805,10612.349609,10714.299805,10714.299805,242800.0,42022.86285040929
925,2018-07-02,10732.349609,10736.150391,10604.650391,10657.299805,10657.299805,295400.0,145559.05681220163
926,2018-07-03,10668.599609,10713.299805,10630.25,10699.900391,10699.900391,202100.0,78027.60679207195
927,2018-07-04,10715.0,10777.150391,10677.75,10769.900391,10769.900391,173900.0,285417.9943239687
928,2018-07-05,10786.049805,10786.049805,10726.25,10749.75,10749.75,220500.0,101335.63425317865
930,2018-07-09,10838.299805,10860.349609,10807.150391,10852.900391,10852.900391,183600.0,84986.07796353534
931,2018-07-10,10902.75,10956.900391,10876.650391,10947.25,10947.25,197000.0,281802.72443656344
932,2018-07-11,10956.400391,10976.650391,10923.0,10948.299805,10948.299805,222300.0,136978.99857156942
933,2018-07-12,11006.950195,11078.299805,10999.650391,11023.200195,11023.200195,248300.0,-112245.15049917117
935,2018-07-16,11018.950195,11019.5,10926.25,10936.849609,10936.849609,210500.0,-262249.7268904821
936,2018-07-17,10939.650391,11018.5,10925.599609,11008.049805,11008.049805,210600.0,574.5176893041935
937,2018-07-18,11060.200195,11076.200195,10956.299805,10980.450195,10980.450195,225500.0,28560.603722127533
938,2018-07-19,10999.5,11006.5,10935.450195,10957.099609,10957.099609,215400.0,-218791.35435555052
939,2018-07-20,10963.5,11030.25,10946.200195,11010.200195,11010.200195,187300.0,13808.424631283633
940,2018-07-23,11019.849609,11093.400391,11010.950195,11084.75,11084.75,229100.0,278967.6318727108
941,2018-07-24,11109.0,11143.400391,11092.5,11134.299805,11134.299805,205800.0,313236.41802735697
942,2018-07-25,11148.400391,11157.150391,11113.25,11132.0,11132.0,205900.0,102190.30760026067
943,2018-07-26,11132.950195,11185.849609,11125.700195,11167.299805,11167.299805,365400.0,110005.7459757268
944,2018-07-27,11232.75,11283.400391,11210.25,11278.349609,11278.349609,314600.0,411180.53640808543
945,2018-07-30,11296.650391,11328.099609,11261.450195,11319.549805,11319.549805,278800.0,478426.84019117465
946,2018-07-31,11311.049805,11366.0,11267.75,11356.5,11356.5,256500.0,414167.87490042904
947,2018-08-01,11359.799805,11390.549805,11313.549805,11346.200195,11346.200195,269700.0,165919.28898046206
948,2018-08-02,11328.900391,11328.900391,11234.950195,11244.700195,11244.700195,210000.0,-207390.73414681814
949,2018-08-03,11297.799805,11368.0,11294.549805,11360.799805,11360.799805,218300.0,9087.784007141163
950,2018-08-06,11401.5,11427.650391,11370.599609,11387.099609,11387.099609,203700.0,89627.46634682713
951,2018-08-07,11423.150391,11428.950195,11359.700195,11389.450195,11389.450195,226400.0,-117749.20649707697
952,2018-08-08,11412.5,11459.950195,11379.299805,11450.0,11450.0,210500.0,126683.55737034367
953,2018-08-09,11493.25,11495.200195,11454.099609,11470.700195,11470.700195,302200.0,100477.40188881461
955,2018-08-13,11369.599609,11406.299805,11340.299805,11355.75,11355.75,246900.0,-189386.4178922651
956,2018-08-14,11381.700195,11452.450195,11370.799805,11435.099609,11435.099609,232600.0,2441.2442418282153
957,2018-08-16,11397.150391,11449.849609,11366.25,11385.049805,11385.049805,290600.0,-26154.57153572439
958,2018-08-17,11437.150391,11486.450195,11431.799805,11470.75,11470.75,234700.0,-60051.48166919478
959,2018-08-20,11502.099609,11565.299805,11499.650391,11551.75,11551.75,232600.0,236433.1627496102
960,2018-08-21,11576.200195,11581.75,11539.599609,11570.900391,11570.900391,224200.0,245365.1721777015
961,2018-08-23,11620.700195,11620.700195,11546.700195,11582.75,11582.75,248500.0,102399.07860525312
962,2018-08-24,11566.599609,11604.599609,11532.0,11557.099609,11557.099609,218800.0,-73891.796985495
963,2018-08-27,11605.849609,11700.950195,11595.599609,11691.950195,11691.950195,199500.0,97903.7289459206
964,2018-08-28,11731.950195,11760.200195,11710.5,11738.5,11738.5,241900.0,196076.1217360758
965,2018-08-29,11744.950195,11753.200195,11678.849609,11691.900391,11691.900391,251600.0,-132610.8331377058
966,2018-08-30,11694.75,11698.799805,11639.700195,11676.799805,11676.799805,313800.0,-83099.05118596257
967,2018-08-31,11675.849609,11727.650391,11640.099609,11680.5,11680.5,346500.0,53459.59700141658
968,2018-09-03,11751.799805,11751.799805,11567.400391,11582.349609,11582.349609,234400.0,-223108.98785276565
969,2018-09-04,11598.75,11602.549805,11496.849609,11520.299805,11520.299805,254800.0,-338136.8030775861
970,2018-09-05,11514.849609,11542.650391,11393.849609,11476.950195,11476.950195,246100.0,-112963.99468744919
971,2018-09-06,11514.150391,11562.25,11436.049805,11536.900391,11536.900391,247900.0,177087.85105041548
972,2018-09-07,11558.25,11603.0,11484.400391,11589.099609,11589.099609,295900.0,374847.99578525586
973,2018-09-10,11570.25,11573.0,11427.299805,11438.099609,11438.099609,286700.0,-17659.14133740915
975,2018-09-12,11340.099609,11380.75,11250.200195,11369.900391,11369.900391,268200.0,-20576.22334700459
976,2018-09-14,11443.5,11523.25,11430.549805,11515.200195,11515.200195,276600.0,452183.16162510286
977,2018-09-17,11464.950195,11464.950195,11366.900391,11377.75,11377.75,201400.0,71733.23834009556
978,2018-09-18,11381.549805,11411.450195,11268.950195,11278.900391,11278.900391,240900.0,-364086.40782931494
979,2018-09-19,11326.650391,11332.049805,11210.900391,11234.349609,11234.349609,250600.0,-360847.5053160562
980,2018-09-21,11271.299805,11346.799805,10866.450195,11143.099609,11143.099609,719000.0,-44397.3229044326
982,2018-09-25,10969.950195,11080.599609,10882.849609,11067.450195,11067.450195,405000.0,460331.2551158984
