,Date,Open,High,Low,Close,Adj Close,Volume,TSI
0,2014-09-29,7978.450195,7991.75,7934.700195,7958.899901999999,7958.899901999999,97300.0,
1,2014-09-30,7948.799805,8030.899901999999,7923.850098000001,7964.799805,7964.799805,141100.0,100.0
2,2014-10-01,7960.5,7977.5,7936.700195,7945.549805,7945.549805,113000.0,-7.936151167548595
3,2014-10-07,7897.399901999999,7943.049805,7842.700195,7852.399901999999,7852.399901999999,148200.0,-66.3696440521458
4,2014-10-08,7828.75,7869.899901999999,7815.75,7842.700195,7842.700195,135900.0,-75.83479928837387
5,2014-10-09,7886.5,7972.350098000001,7886.5,7960.549805,7960.549805,123800.0,-44.569693730819715
6,2014-10-10,7911.0,7924.049805,7848.450195,7859.950195,7859.950195,142900.0,-38.99284634392908
7,2014-10-13,7831.0,7901.149901999999,7796.0,7884.25,7884.25,118800.0,-34.00992421374993
8,2014-10-14,7923.25,7928.0,7825.450195,7864.0,7864.0,225500.0,-31.948797017010232
10,2014-10-16,7837.299805,7893.899901999999,7729.649901999999,7748.200195,7748.200195,213500.0,-34.14145327053296
11,2014-10-17,7733.75,7819.200195,7723.850098000001,7779.700195,7779.700195,177600.0,-34.015442301108145
12,2014-10-20,7896.950195,7905.950195,7856.950195,7879.399901999999,7879.399901999999,176200.0,-29.9206962822862
13,2014-10-21,7906.149901999999,7936.600098000001,7874.350098000001,7927.75,7927.75,163400.0,-25.48065891257343
14,2014-10-22,7997.799805,8005.0,7974.549805,7995.899901999999,7995.899901999999,151100.0,-20.388167651035754
15,2014-10-27,8064.350098000001,8064.399901999999,7985.649901999999,7991.700195,7991.700195,132800.0,-16.67799338076043
16,2014-10-28,8002.399901999999,8037.799805,7995.049805,8027.600098000001,8027.600098000001,124100.0,-13.06055824761291
17,2014-10-29,8077.049805,8097.950195,8052.25,8090.450195,8090.450195,148300.0,-9.042674911402232
18,2014-10-30,8085.200195,8181.549805,8085.200195,8169.200195,8169.200195,205700.0,-4.555477857566985
19,2014-10-31,8200.799805,8330.75,8198.049805,8322.200195,8322.200195,176200.0,1.2102063165420995
20,2014-11-03,8348.150391,8350.599609,8297.650391,8324.150391,8324.150391,141100.0,5.78655348980911
21,2014-11-05,8351.25,8365.549805,8323.5,8338.299805,8338.299805,161600.0,9.656077399552775
22,2014-11-07,8331.849609,8360.349609,8290.25,8337.0,8337.0,153400.0,12.83754636525935
23,2014-11-10,8337.799805,8383.049805,8304.450195,8344.25,8344.25,130700.0,15.584625390938292
24,2014-11-11,8354.099609,8378.700195,8321.849609,8362.650391,8362.650391,122000.0,18.093310081266026
25,2014-11-12,8378.900391,8415.049805,8370.5,8383.299805,8383.299805,125200.0,20.428466445531864
26,2014-11-13,8405.25,8408.0,8320.349609,8357.849609,8357.849609,127400.0,22.13754668493922
27,2014-11-14,8360.700195,8400.650391,8346.799805,8389.900391,8389.900391,146800.0,23.875255575356295
28,2014-11-17,8378.400391,8438.099609,8349.099609,8430.75,8430.75,113900.0,25.69710890841412
29,2014-11-18,8441.25,8454.5,8407.25,8425.900391,8425.900391,134700.0,27.237741963535345
30,2014-11-19,8440.650391,8455.650391,8360.5,8382.299805,8382.299805,125400.0,28.07065904866809
31,2014-11-20,8406.5,8410.849609,8353.150391,8401.900391,8401.900391,122800.0,28.938536786043862
32,2014-11-21,8408.200195,8489.799805,8398.599609,8477.349609,8477.349609,137000.0,30.198170565814102
33,2014-11-24,8490.950195,8534.650391,8490.799805,8530.150391,8530.150391,140700.0,31.64001001182607
34,2014-11-25,8530.799805,8535.349609,8429.450195,8463.099609,8463.099609,271900.0,32.11994066673922
35,2014-11-26,8450.299805,8500.299805,8438.650391,8475.75,8475.75,151900.0,32.61712705856921
36,2014-11-27,8477.799805,8506.75,8456.349609,8494.200195,8494.200195,194300.0,33.1645101510096
37,2014-11-28,8516.799805,8617.0,8516.25,8588.25,8588.25,197200.0,34.18499698051382
38,2014-12-01,8605.099609,8623.0,8545.150391,8555.900391,8555.900391,152000.0,34.71597106695643
39,2014-12-02,8535.450195,8560.200195,8504.650391,8524.700195,8524.700195,137400.0,34.83345660937338
40,2014-12-03,8528.700195,8546.950195,8508.349609,8537.650391,8537.650391,153200.0,35.00729952702134
41,2014-12-04,8582.400391,8626.950195,8526.400391,8564.400391,8564.400391,143500.0,35.30466362449293
42,2014-12-05,8584.25,8588.349609,8523.900391,8538.299805,8538.299805,143300.0,35.28110726246108
43,2014-12-08,8538.650391,8546.349609,8432.25,8438.25,8438.25,163800.0,34.16575177072921
44,2014-12-09,8439.299805,8444.5,8330.5,8340.700195,8340.700195,146300.0,32.141277329631016
45,2014-12-10,8318.049805,8376.799805,8317.0,8355.650391,8355.650391,136700.0,30.442548793002956
46,2014-12-11,8338.849609,8348.299805,8272.400391,8292.900391,8292.900391,133900.0,28.309540914050036
47,2014-12-12,8302.0,8321.900391,8216.299805,8224.099609,8224.099609,138100.0,25.75792932892528
48,2014-12-15,8160.75,8242.400391,8152.5,8219.599609,8219.599609,137100.0,23.469331491424978
49,2014-12-16,8172.600098000001,8189.350098000001,8052.600098000001,8067.600098000001,8067.600098000001,197300.0,20.057790609786828
50,2014-12-17,8041.200195,8082.0,7961.350098000001,8029.799805,8029.799805,216200.0,16.751278480844224
51,2014-12-18,8138.899901999999,8174.299805,8084.899901999999,8159.299805,8159.299805,162100.0,14.66064254829617
52,2014-12-19,8230.450195,8263.450195,8208.599609,8225.200195,8225.200195,174800.0,13.253419343813738
53,2014-12-22,8255.0,8330.950195,8228.200195,8324.0,8324.0,139200.0,12.63485503599983
54,2014-12-23,8324.599609,8364.75,8252.849609,8267.0,8267.0,132200.0,11.664814489535928
55,2014-12-24,8272.049805,8286.400391,8155.25,8174.100098000001,8174.100098000001,221900.0,10.137504242369822
56,2014-12-26,8204.799805,8234.549805,8147.950195,8200.700195,8200.700195,75500.0,8.974864067967806
57,2014-12-29,8214.700195,8279.150391,8214.700195,8246.299805,8246.299805,82100.0,8.233056973703993
58,2014-12-30,8260.299805,8268.25,8220.549805,8248.25,8248.25,77700.0,7.596554763165658
59,2014-12-31,8243.900391,8291.0,8243.75,8282.700195,8282.700195,84500.0,7.238211372244963
61,2015-01-02,8288.700195,8410.599609,8288.700195,8395.450195,8395.450195,101900.0,7.575770180675062
62,2015-01-05,8407.950195,8445.599609,8363.900391,8378.400391,8378.400391,118200.0,7.758576965438471
63,2015-01-06,8325.299805,8327.849609,8111.350098000001,8127.350098000001,8127.350098000001,172800.0,6.282164480508344
64,2015-01-07,8118.649901999999,8151.200195,8065.450195,8102.100098000001,8102.100098000001,164100.0,4.848987065980972
65,2015-01-08,8191.399901999999,8243.5,8167.299805,8234.599609,8234.599609,143800.0,4.345817751933739
66,2015-01-09,8285.450195,8303.299805,8190.799805,8284.5,8284.5,148000.0,4.184769213942872
67,2015-01-12,8291.349609,8332.599609,8245.599609,8323.0,8323.0,103200.0,4.252932659935383
68,2015-01-13,8346.150391,8356.650391,8267.900391,8299.400391,8299.400391,129600.0,4.175457702476509
69,2015-01-14,8307.25,8326.450195,8236.650391,8277.549805,8277.549805,146100.0,3.982022665961652
70,2015-01-15,8424.5,8527.099609,8380.549805,8494.150391,8494.150391,232100.0,4.940314679841651
71,2015-01-16,8504.049805,8530.75,8452.25,8513.799805,8513.799805,176000.0,5.8723865861434
72,2015-01-19,8550.049805,8570.950195,8531.5,8550.700195,8550.700195,125400.0,6.8702724381729485
73,2015-01-20,8575.099609,8707.900391,8574.5,8695.599609,8695.599609,158700.0,8.443843919064273
74,2015-01-21,8719.650391,8741.849609,8689.599609,8729.5,8729.5,185900.0,9.975057639979697
75,2015-01-22,8745.849609,8774.150391,8727.0,8761.400391,8761.400391,175500.0,11.462803099389028
76,2015-01-23,8827.950195,8866.400391,8795.400391,8835.599609,8835.599609,191200.0,13.100999818133346
77,2015-01-27,8871.349609,8925.049805,8825.450195,8910.5,8910.5,192000.0,14.865179059038136
78,2015-01-28,8902.75,8985.049805,8874.049805,8914.299805,8914.299805,185100.0,16.43601002602191
79,2015-01-29,8901.5,8966.650391,8861.25,8952.349609,8952.349609,256300.0,17.98477502332001
80,2015-01-30,8996.599609,8996.599609,8775.099609,8808.900391,8808.900391,267300.0,18.521917409890346
81,2015-02-02,8802.5,8840.799805,8751.099609,8797.400391,8797.400391,210100.0,18.92950725387747
82,2015-02-03,8823.150391,8837.299805,8726.650391,8756.549805,8756.549805,208700.0,19.054379564874647
83,2015-02-04,8789.150391,8792.849609,8704.400391,8723.700195,8723.700195,195300.0,18.97544148563849
84,2015-02-05,8733.099609,8838.450195,8683.650391,8711.700195,8711.700195,173600.0,18.835622518806307
85,2015-02-06,8696.849609,8726.200195,8645.549805,8661.049805,8661.049805,171300.0,18.41794993830781
86,2015-02-09,8584.400391,8605.549805,8516.349609,8526.349609,8526.349609,146800.0,17.272883112581557
87,2015-02-10,8478.099609,8646.25,8470.5,8565.549805,8565.549805,196200.0,16.41135046274311
88,2015-02-11,8603.299805,8651.950195,8593.650391,8627.400391,8627.400391,161600.0,15.89367400214329
89,2015-02-12,8676.950195,8732.549805,8599.25,8711.549805,8711.549805,158800.0,15.773540698762426
90,2015-02-13,8741.5,8822.099609,8729.650391,8805.5,8805.5,221900.0,16.045606710639778
91,2015-02-16,8831.400391,8870.099609,8793.400391,8809.349609,8809.349609,136400.0,16.302765778277188
92,2015-02-18,8811.549805,8894.299805,8808.900391,8869.099609,8869.099609,147600.0,16.77048738052559
93,2015-02-19,8883.049805,8913.450195,8794.450195,8895.299805,8895.299805,213300.0,17.292050402959728
94,2015-02-20,8895.5,8899.950195,8816.299805,8833.599609,8833.599609,197600.0,17.413081542124537
95,2015-02-23,8856.849609,8869.0,8736.099609,8754.950195,8754.950195,139600.0,17.081104159502143
96,2015-02-24,8772.900391,8800.5,8726.75,8762.099609,8762.099609,149800.0,16.81255343780243
97,2015-02-25,8801.900391,8840.650391,8751.400391,8767.25,8767.25,135200.0,16.591786108354214
98,2015-02-26,8779.0,8786.049805,8669.450195,8683.849609,8683.849609,217500.0,15.92648166052182
99,2015-02-27,8729.5,8856.950195,8717.450195,8844.599609,8844.599609,249500.0,15.979254682408403
101,2015-03-02,8953.849609,8972.349609,8885.450195,8956.75,8956.75,218100.0,16.474642781192923
102,2015-03-03,8962.849609,9008.400391,8925.549805,8996.25,8996.25,177800.0,17.06977514279219
103,2015-03-04,9109.150391,9119.200195,8893.950195,8922.650391,8922.650391,248400.0,17.190405875974196
104,2015-03-05,8929.400391,8957.549805,8849.349609,8937.75,8937.75,160100.0,17.356524690345054
105,2015-03-09,8891.150391,8891.299805,8740.450195,8756.75,8756.75,155500.0,16.50936679862516
106,2015-03-10,8769.75,8778.0,8677.349609,8712.049805,8712.049805,163800.0,15.51986253928611
107,2015-03-11,8728.75,8755.599609,8682.349609,8699.950195,8699.950195,172800.0,14.578604401569006
108,2015-03-12,8740.650391,8787.200195,8732.900391,8776.0,8776.0,173900.0,14.043372970360203
109,2015-03-13,8844.049805,8849.75,8631.75,8647.75,8647.75,179200.0,12.897636798380246
110,2015-03-16,8656.75,8663.549805,8612.0,8633.150391,8633.150391,163300.0,11.808382130061752
111,2015-03-17,8689.099609,8742.549805,8630.799805,8723.299805,8723.299805,177000.0,11.205381323990169
112,2015-03-18,8742.900391,8747.25,8664.0,8685.900391,8685.900391,156400.0,10.481567563661647
113,2015-03-19,8749.450195,8788.200195,8614.650391,8634.650391,8634.650391,163500.0,9.58140407355496
114,2015-03-20,8627.900391,8627.900391,8553.0,8570.900391,8570.900391,174600.0,8.464477332611747
115,2015-03-23,8591.549805,8608.349609,8540.549805,8550.900391,8550.900391,150700.0,7.370626201554891
116,2015-03-24,8537.049805,8627.75,8535.849609,8542.950195,8542.950195,156700.0,6.352465888915032
117,2015-03-25,8568.900391,8573.75,8516.549805,8530.799805,8530.799805,161000.0,5.377969822207451
118,2015-03-26,8474.950195,8499.450195,8325.349609,8342.150391,8342.150391,280100.0,3.6013781279145602
119,2015-03-27,8396.0,8413.200195,8269.150391,8341.400391,8341.400391,193000.0,2.012524710884577
120,2015-03-30,8390.950195,8492.299805,8380.75,8492.299805,8492.299805,134700.0,1.2674637733248149
121,2015-03-31,8527.599609,8550.450195,8454.150391,8491.0,8491.0,167200.0,0.5983079472201528
122,2015-04-01,8483.700195,8603.400391,8464.75,8586.25,8586.25,125500.0,0.43052671413889915
123,2015-04-06,8615.799805,8667.549805,8573.75,8659.900391,8659.900391,146900.0,0.612596392496952
124,2015-04-07,8684.450195,8693.599609,8586.849609,8660.299805,8660.299805,148700.0,0.7767899019212926
125,2015-04-08,8698.950195,8730.5,8679.799805,8714.400391,8714.400391,148200.0,1.1666905247094852
126,2015-04-09,8756.200195,8785.5,8682.450195,8778.299805,8778.299805,152700.0,1.801632684236381
127,2015-04-10,8774.349609,8787.400391,8733.599609,8780.349609,8780.349609,139000.0,2.380206747957494
128,2015-04-13,8801.75,8841.650391,8762.099609,8834.0,8834.0,121600.0,3.139221907991521
130,2015-04-16,8757.049805,8760.0,8645.650391,8706.700195,8706.700195,142900.0,3.2206281568190844
131,2015-04-17,8698.049805,8699.849609,8596.700195,8606.0,8606.0,150400.0,2.8201595230805467
132,2015-04-20,8618.799805,8619.950195,8422.75,8448.099609,8448.099609,148900.0,1.7310673307901208
133,2015-04-21,8416.099609,8469.349609,8352.700195,8377.75,8377.75,407800.0,0.4482491950841047
134,2015-04-22,8400.400391,8449.950195,8284.700195,8429.700195,8429.700195,171800.0,-0.4537902080098023
135,2015-04-23,8478.200195,8504.950195,8361.849609,8398.299805,8398.299805,156000.0,-1.3926038357396637
136,2015-04-24,8405.700195,8413.299805,8273.349609,8305.25,8305.25,173600.0,-2.6329215578858496
137,2015-04-27,8330.549805,8334.450195,8202.349609,8213.799805,8213.799805,171500.0,-4.124505232790561
138,2015-04-28,8215.549805,8308.0,8185.149901999999,8285.599609,8285.599609,174600.0,-5.114737014950775
139,2015-04-29,8274.799805,8308.200195,8219.200195,8239.75,8239.75,160400.0,-6.182540468070263
140,2015-04-30,8224.5,8229.400391,8144.75,8181.5,8181.5,267700.0,-7.36894494135671
141,2015-05-04,8230.049805,8346.0,8220.450195,8331.950195,8331.950195,131700.0,-7.716758552451116
142,2015-05-05,8338.400391,8355.650391,8280.599609,8324.799805,8324.799805,155500.0,-8.05293538462193
143,2015-05-06,8316.599609,8331.950195,8083.0,8097.0,8097.0,209600.0,-9.247167829396084
144,2015-05-07,8077.0,8122.600098000001,7997.149901999999,8057.299805,8057.299805,161600.0,-10.4480806739049
145,2015-05-08,8131.5,8224.950195,8123.450195,8191.5,8191.5,183100.0,-10.877394998760622
146,2015-05-11,8243.200195,8332.75,8224.650391,8325.25,8325.25,192000.0,-10.635174203040398
147,2015-05-12,8326.150391,8326.650391,8115.299805,8126.950195,8126.950195,173400.0,-11.151066327298429
148,2015-05-13,8181.549805,8254.950195,8089.799805,8235.450195,8235.450195,169800.0,-11.110885704984646
149,2015-05-14,8232.450195,8236.25,8137.299805,8224.200195,8224.200195,134800.0,-11.115859853405313
150,2015-05-15,8240.299805,8279.200195,8212.200195,8262.349609,8262.349609,129800.0,-10.952535017502647
151,2015-05-18,8284.950195,8384.599609,8271.950195,8373.650391,8373.650391,148700.0,-10.32543543645064
152,2015-05-19,8356.200195,8427.799805,8335.0,8365.650391,8365.650391,140300.0,-9.801944412876045
153,2015-05-20,8392.650391,8440.349609,8391.450195,8423.25,8423.25,123600.0,-9.094281694107783
154,2015-05-21,8434.5,8446.349609,8382.5,8421.0,8421.0,143800.0,-8.47429042610858
155,2015-05-22,8432.5,8489.549805,8420.599609,8458.950195,8458.950195,187300.0,-7.762308721973154
156,2015-05-25,8438.150391,8441.950195,8364.150391,8370.25,8370.25,121300.0,-7.443513329164713
157,2015-05-26,8377.099609,8378.900391,8320.049805,8339.349609,8339.349609,116800.0,-7.269524797426097
158,2015-05-27,8302.75,8342.849609,8277.950195,8334.599609,8334.599609,165500.0,-7.13062097355542
159,2015-05-28,8345.700195,8364.5,8270.150391,8319.0,8319.0,232300.0,-7.062079500467322
160,2015-05-29,8327.099609,8443.900391,8305.700195,8433.650391,8433.650391,363900.0,-6.519957208482924
161,2015-06-01,8417.25,8467.150391,8405.400391,8433.400391,8433.400391,122200.0,-6.032829336432986
162,2015-06-02,8442.799805,8445.349609,8226.049805,8236.450195,8236.450195,146800.0,-6.323676462875103
163,2015-06-03,8232.450195,8236.700195,8094.149901999999,8135.100098000001,8135.100098000001,171400.0,-6.955870306627237
164,2015-06-04,8155.149901999999,8160.049805,8056.75,8130.649901999999,8130.649901999999,154700.0,-7.536547578881783
165,2015-06-05,8119.149901999999,8191.0,8100.149901999999,8114.700195,8114.700195,162100.0,-8.11559196254714
166,2015-06-08,8124.350098000001,8131.0,8030.549805,8044.149901999999,8044.149901999999,135900.0,-8.892344189797571
167,2015-06-09,8026.5,8057.149901999999,8005.149901999999,8022.399901999999,8022.399901999999,136000.0,-9.669808349583104
168,2015-06-10,8024.149901999999,8152.25,8023.799805,8124.450195,8124.450195,136800.0,-9.92293931089576
169,2015-06-11,8157.299805,8163.049805,7958.25,7965.350098000001,7965.350098000001,166200.0,-10.719835957450671
170,2015-06-12,7959.850098000001,7995.600098000001,7940.299805,7982.899901999999,7982.899901999999,136600.0,-11.353829145293053
171,2015-06-15,7986.600098000001,8057.700195,7944.850098000001,8013.899901999999,8013.899901999999,133000.0,-11.783963903098332
172,2015-06-16,8004.200195,8061.850098000001,7952.350098000001,8047.299805,8047.299805,124000.0,-12.020662028540443
173,2015-06-17,8084.200195,8136.850098000001,8048.950195,8091.549805,8091.549805,152500.0,-12.034108000430805
174,2015-06-18,8113.700195,8186.899901999999,8101.799805,8174.600098000001,8174.600098000001,144800.0,-11.67046198524837
175,2015-06-19,8201.150391,8250.799805,8195.650391,8224.950195,8224.950195,147100.0,-11.115726911167181
176,2015-06-22,8259.299805,8369.450195,8257.400391,8353.099609,8353.099609,122700.0,-10.040824153778699
177,2015-06-23,8377.450195,8398.450195,8334.950195,8381.549805,8381.549805,131700.0,-8.950966127330053
178,2015-06-24,8399.400391,8421.349609,8338.900391,8360.849609,8360.849609,130100.0,-8.048744649601137
179,2015-06-25,8336.25,8423.150391,8329.5,8398.0,8398.0,201200.0,-7.071587638281803
180,2015-06-26,8393.950195,8408.549805,8339.700195,8381.099609,8381.099609,110600.0,-6.254185980566625
181,2015-06-29,8247.049805,8329.450195,8195.650391,8318.400391,8318.400391,132000.0,-5.759335743668949
182,2015-06-30,8316.349609,8378.0,8298.950195,8368.5,8368.5,158500.0,-5.091078644584204
183,2015-07-01,8376.25,8481.599609,8370.150391,8453.049805,8453.049805,131800.0,-4.115532950196055
184,2015-07-02,8471.950195,8479.25,8433.200195,8444.900391,8444.900391,112000.0,-3.267830105882716
185,2015-07-03,8440.099609,8497.75,8424.150391,8484.900391,8484.900391,88400.0,-2.3252025962480167
186,2015-07-06,8386.150391,8533.150391,8386.150391,8522.150391,8522.150391,101500.0,-1.3082911509220607
187,2015-07-07,8525.5,8561.349609,8483.849609,8510.799805,8510.799805,122200.0,-0.43381806520492755
188,2015-07-08,8439.200195,8457.5,8341.400391,8363.049805,8363.049805,188100.0,-0.2808078478797067
189,2015-07-09,8364.849609,8400.299805,8323.0,8328.549805,8328.549805,131300.0,-0.2929050816060008
190,2015-07-10,8365.700195,8377.099609,8315.400391,8360.549805,8360.549805,154100.0,-0.16303524179893014
191,2015-07-13,8397.25,8471.650391,8355.400391,8459.650391,8459.650391,117800.0,0.39115755847569933
192,2015-07-14,8470.599609,8480.25,8424.099609,8454.099609,8454.099609,101700.0,0.8661046341577133
193,2015-07-15,8463.400391,8531.400391,8462.950195,8523.799805,8523.799805,105500.0,1.6023761800703622
194,2015-07-16,8546.150391,8616.099609,8542.900391,8608.049805,8608.049805,116000.0,2.635602259365743
195,2015-07-17,8623.650391,8642.950195,8593.150391,8609.849609,8609.849609,105000.0,3.5745304637247814
196,2015-07-20,8623.900391,8624.099609,8559.0,8603.450195,8603.450195,90600.0,4.3941749012466556
197,2015-07-21,8601.5,8646.75,8517.900391,8529.450195,8529.450195,164100.0,4.78434859558277
198,2015-07-22,8512.25,8643.900391,8498.650391,8633.5,8633.5,136800.0,5.589139342180462
199,2015-07-23,8643.950195,8654.75,8573.799805,8589.799805,8589.799805,132900.0,6.1014083452103725
200,2015-07-24,8588.150391,8589.150391,8513.5,8521.549805,8521.549805,127400.0,6.2286375087015395
201,2015-07-27,8492.099609,8492.200195,8351.549805,8361.0,8361.0,136600.0,5.558418360445771
202,2015-07-28,8371.099609,8397.400391,8321.75,8337.0,8337.0,174600.0,4.8445730750590315
203,2015-07-29,8365.599609,8381.5,8338.450195,8375.049805,8375.049805,141000.0,4.3731164511925815
204,2015-07-30,8417.0,8458.900391,8408.299805,8421.799805,8421.799805,215200.0,4.157122662411618
205,2015-07-31,8456.099609,8548.950195,8448.0,8532.849609,8532.849609,203300.0,4.454211814190388
206,2015-08-03,8510.650391,8563.950195,8508.099609,8543.049805,8543.049805,156700.0,4.764509574864111
207,2015-08-04,8564.099609,8565.150391,8448.25,8516.900391,8516.900391,187400.0,4.916060319324304
208,2015-08-05,8547.450195,8591.849609,8545.849609,8567.950195,8567.950195,132800.0,5.277214300286984
209,2015-08-06,8585.799805,8606.299805,8551.5,8588.650391,8588.650391,134900.0,5.693339205290312
210,2015-08-07,8580.799805,8595.950195,8552.700195,8564.599609,8564.599609,143700.0,5.949546472848338
211,2015-08-10,8577.0,8621.549805,8497.799805,8525.599609,8525.599609,123400.0,5.986291503882227
212,2015-08-11,8548.450195,8556.25,8441.299805,8462.349609,8462.349609,154400.0,5.702061030172242
213,2015-08-12,8445.700195,8446.950195,8337.950195,8349.450195,8349.450195,190000.0,4.88036051156325
214,2015-08-13,8384.450195,8429.5,8339.75,8355.849609,8355.849609,189200.0,4.1711739063838005
215,2015-08-14,8402.349609,8530.099609,8381.200195,8518.549805,8518.549805,155900.0,4.277930148921022
216,2015-08-17,8530.5,8530.599609,8428.049805,8477.299805,8477.299805,174700.0,4.168505127366957
217,2015-08-18,8505.849609,8525.75,8433.599609,8466.549805,8466.549805,153300.0,4.017280503240687
218,2015-08-19,8468.049805,8520.450195,8425.950195,8495.150391,8495.150391,130500.0,4.012804311352155
219,2015-08-20,8471.049805,8501.349609,8359.75,8372.75,8372.75,184100.0,3.4003704522366203
220,2015-08-21,8305.400391,8322.200195,8225.049805,8299.950195,8299.950195,201300.0,2.4948926776942137
221,2015-08-24,8055.950195,8060.049805,7769.399901999999,7809.0,7809.0,312400.0,-0.6472823441928248
222,2015-08-25,7895.399901999999,7925.399901999999,7667.25,7880.700195,7880.700195,299100.0,-3.010257757141449
223,2015-08-26,7865.25,7930.049805,7777.100098000001,7791.850098000001,7791.850098000001,216600.0,-5.430313947424658
224,2015-08-27,7921.600098000001,7963.600098000001,7862.299805,7948.950195,7948.950195,305000.0,-6.778974287854365
225,2015-08-28,8053.700195,8091.799805,7961.649901999999,8001.950195,8001.950195,195600.0,-7.693405728150669
226,2015-08-31,8009.25,8043.600098000001,7947.950195,7971.299805,7971.299805,198200.0,-8.605803893139754
227,2015-09-01,7907.950195,7929.100098000001,7746.5,7785.850098000001,7785.850098000001,184900.0,-10.107789906716047
228,2015-09-02,7856.649901999999,7862.549805,7699.25,7717.0,7717.0,215300.0,-11.661962598838185
229,2015-09-03,7774.450195,7845.600098000001,7754.049805,7823.0,7823.0,155800.0,-12.525514016877684
230,2015-09-04,7803.399901999999,7804.899901999999,7626.850098000001,7655.049805,7655.049805,193600.0,-13.860539261746116
231,2015-09-07,7685.850098000001,7705.049805,7545.899901999999,7558.799805,7558.799805,141400.0,-15.339878079249559
232,2015-09-08,7587.700195,7720.899901999999,7539.5,7688.25,7688.25,172200.0,-16.03907202752701
233,2015-09-09,7805.850098000001,7846.049805,7764.549805,7818.600098000001,7818.600098000001,208400.0,-16.066228458422085
234,2015-09-10,7729.049805,7819.850098000001,7678.5,7788.100098000001,7788.100098000001,160300.0,-16.186035149518624
235,2015-09-11,7833.799805,7864.850098000001,7759.899901999999,7789.299805,7789.299805,136400.0,-16.285444505536535
236,2015-09-14,7811.100098000001,7879.950195,7761.850098000001,7872.25,7872.25,122800.0,-16.01615043988933
237,2015-09-15,7867.350098000001,7880.0,7799.75,7829.100098000001,7829.100098000001,136500.0,-15.91230490728965
238,2015-09-16,7886.850098000001,7913.899901999999,7853.299805,7899.149901999999,7899.149901999999,140000.0,-15.524027053663497
239,2015-09-18,7967.450195,8055.0,7955.850098000001,7981.899901999999,7981.899901999999,241800.0,-14.833475102369286
240,2015-09-21,7911.5,7987.899901999999,7908.350098000001,7977.100098000001,7977.100098000001,121800.0,-14.236033034328296
241,2015-09-22,8014.799805,8021.600098000001,7787.75,7812.0,7812.0,168400.0,-14.217408576520455
242,2015-09-23,7737.350098000001,7882.899901999999,7723.25,7845.950195,7845.950195,146700.0,-14.061331403063107
243,2015-09-24,7838.399901999999,7894.5,7804.100098000001,7868.5,7868.5,202500.0,-13.829943715658
244,2015-09-28,7892.799805,7893.950195,7787.950195,7795.700195,7795.700195,136300.0,-13.849128758923134
245,2015-09-29,7725.700195,7926.549805,7691.200195,7843.299805,7843.299805,240700.0,-13.671282905269095
246,2015-09-30,7924.25,7957.700195,7874.5,7948.899901999999,7948.899901999999,210700.0,-13.080784583420368
247,2015-10-01,7992.049805,8008.25,7930.649901999999,7950.899901999999,7950.899901999999,156900.0,-12.54446420029119
248,2015-10-05,8005.100098000001,8128.899901999999,8005.100098000001,8119.299805,8119.299805,183100.0,-11.382935861469843
249,2015-10-06,8180.450195,8180.950195,8096.5,8152.899901999999,8152.899901999999,178500.0,-10.212062064666332
250,2015-10-07,8146.200195,8188.899901999999,8132.899901999999,8177.399901999999,8177.399901999999,193900.0,-9.066501235139102
251,2015-10-08,8196.75,8196.75,8105.850098000001,8129.350098000001,8129.350098000001,171700.0,-8.196519201784993
252,2015-10-09,8186.350098000001,8232.200195,8139.649901999999,8189.700195,8189.700195,199700.0,-7.177785903007686
253,2015-10-12,8231.5,8244.5,8128.200195,8143.600098000001,8143.600098000001,199100.0,-6.417629654224363
254,2015-10-13,8121.950195,8150.25,8088.600098000001,8131.700195,8131.700195,145900.0,-5.77303266031591
255,2015-10-14,8102.399901999999,8139.299805,8096.350098000001,8107.899901999999,8107.899901999999,138900.0,-5.272771829635679
256,2015-10-15,8134.350098000001,8190.549805,8129.799805,8179.5,8179.5,167200.0,-4.539690778102729
257,2015-10-16,8193.650391,8246.400391,8147.649901999999,8238.150391,8238.150391,156400.0,-3.6471462337903366
258,2015-10-19,8262.549805,8283.049805,8239.200195,8275.049805,8275.049805,124500.0,-2.695147373789882
259,2015-10-20,8280.299805,8294.049805,8229.200195,8261.650391,8261.650391,155100.0,-1.8811113454401618
260,2015-10-21,8258.349609,8294.400391,8217.150391,8251.700195,8251.700195,144800.0,-1.1778971880579083
261,2015-10-23,8308.25,8328.099609,8280.75,8295.450195,8295.450195,152000.0,-0.3652142719925877
262,2015-10-26,8333.650391,8336.299805,8252.049805,8260.549805,8260.549805,133900.0,0.23939146076422227
263,2015-10-27,8230.349609,8241.950195,8217.049805,8232.900391,8232.900391,156700.0,0.6812823894848599
264,2015-10-28,8188.899901999999,8209.099609,8131.799805,8171.200195,8171.200195,188900.0,0.835487358969861
265,2015-10-29,8175.450195,8179.600098000001,8098.0,8111.75,8111.75,217500.0,0.7332820949747437
266,2015-10-30,8123.549805,8146.100098000001,8044.399901999999,8065.799805,8065.799805,199500.0,0.4509595699283618
267,2015-11-02,8054.549805,8060.700195,7995.600098000001,8050.799805,8050.799805,136100.0,0.1313125674913494
268,2015-11-03,8086.350098000001,8100.350098000001,8031.75,8060.700195,8060.700195,132500.0,-0.11941701545652407
269,2015-11-04,8104.899901999999,8116.100098000001,8027.299805,8040.200195,8040.200195,122100.0,-0.43581494360643414
270,2015-11-05,8030.350098000001,8031.200195,7944.100098000001,7955.450195,7955.450195,132100.0,-1.0867926277614608
271,2015-11-06,7956.549805,8002.649901999999,7926.149901999999,7954.299805,7954.299805,219500.0,-1.6867432330710288
272,2015-11-09,7788.25,7937.75,7771.700195,7915.200195,7915.200195,211800.0,-2.4048629685176675
273,2015-11-10,7877.600098000001,7885.100098000001,7772.850098000001,7783.350098000001,7783.350098000001,165200.0,-3.629406327222763
274,2015-11-13,7762.450195,7775.100098000001,7730.899901999999,7762.25,7762.25,160900.0,-4.832705314949257
275,2015-11-16,7732.950195,7838.850098000001,7714.149901999999,7806.600098000001,7806.600098000001,149500.0,-5.717009733376545
276,2015-11-17,7848.75,7860.450195,7793.0,7837.549805,7837.549805,145000.0,-6.37228230385483
277,2015-11-18,7823.149901999999,7843.399901999999,7725.049805,7731.799805,7731.799805,143600.0,-7.420567845310025
278,2015-11-19,7788.5,7854.899901999999,7765.450195,7842.75,7842.75,132600.0,-7.817665571447057
279,2015-11-20,7841.899901999999,7906.950195,7817.799805,7856.549805,7856.549805,151900.0,-8.106506984897823
280,2015-11-23,7869.5,7877.5,7825.200195,7849.25,7849.25,127000.0,-8.398828639226556
281,2015-11-24,7837.0,7870.350098000001,7812.649901999999,7831.600098000001,7831.600098000001,130600.0,-8.739795159134434
282,2015-11-26,7837.149901999999,7897.100098000001,7832.0,7883.799805,7883.799805,219800.0,-8.780576594778328
283,2015-11-27,7910.600098000001,7959.299805,7879.450195,7942.700195,7942.700195,150300.0,-8.51222458715617
284,2015-11-30,7936.25,7966.0,7922.799805,7935.25,7935.25,216300.0,-8.301611580869851
285,2015-12-01,7958.149901999999,7972.149901999999,7934.149901999999,7954.899901999999,7954.899901999999,138600.0,-8.006816921393572
286,2015-12-02,7976.700195,7979.299805,7910.799805,7931.350098000001,7931.350098000001,126300.0,-7.844537149064652
287,2015-12-03,7902.299805,7912.299805,7853.299805,7864.149901999999,7864.149901999999,125700.0,-8.003169107888462
288,2015-12-04,7817.600098000001,7821.399901999999,7775.700195,7781.899901999999,7781.899901999999,152500.0,-8.523689745856917
289,2015-12-07,7816.549805,7825.399901999999,7746.049805,7765.399901999999,7765.399901999999,137600.0,-9.070876959860133
290,2015-12-08,7738.5,7771.25,7685.450195,7701.700195,7701.700195,135100.0,-9.859039008258497
291,2015-12-09,7695.5,7702.850098000001,7606.899901999999,7612.5,7612.5,140000.0,-10.978093705055496
292,2015-12-10,7643.299805,7691.950195,7610.0,7683.299805,7683.299805,140800.0,-11.58464370344549
293,2015-12-11,7699.600098000001,7703.049805,7575.299805,7610.450195,7610.450195,167800.0,-12.456733328477908
294,2015-12-14,7558.200195,7663.950195,7551.049805,7650.049805,7650.049805,148900.0,-13.01097542539195
295,2015-12-15,7659.149901999999,7705.0,7625.100098000001,7700.899901999999,7700.899901999999,134300.0,-13.213958462245454
296,2015-12-16,7725.25,7776.600098000001,7715.75,7750.899901999999,7750.899901999999,154300.0,-13.105764068959584
297,2015-12-17,7783.049805,7852.899901999999,7737.549805,7844.350098000001,7844.350098000001,175900.0,-12.467264591567663
298,2015-12-18,7828.899901999999,7836.149901999999,7753.350098000001,7761.950195,7761.950195,191400.0,-12.267288831306601
299,2015-12-21,7745.649901999999,7840.75,7733.450195,7834.450195,7834.450195,126300.0,-11.674018371642521
300,2015-12-22,7829.399901999999,7846.299805,7776.850098000001,7786.100098000001,7786.100098000001,125700.0,-11.364169666892833
301,2015-12-23,7830.450195,7871.450195,7826.100098000001,7865.950195,7865.950195,117900.0,-10.637201531128762
302,2015-12-24,7888.75,7888.75,7835.5,7861.049805,7861.049805,93500.0,-10.012427197594977
303,2015-12-28,7863.200195,7937.200195,7863.0,7925.149901999999,7925.149901999999,122900.0,-9.097193181298106
304,2015-12-29,7929.200195,7942.149901999999,7902.75,7928.950195,7928.950195,113000.0,-8.257884228552038
305,2015-12-30,7938.600098000001,7944.75,7889.850098000001,7896.25,7896.25,106800.0,-7.657876874660912
306,2015-12-31,7897.799805,7955.549805,7891.149901999999,7946.350098000001,7946.350098000001,150900.0,-6.843367415189039
308,2016-01-04,7924.549805,7937.549805,7781.100098000001,7791.299805,7791.299805,134700.0,-6.852672890285046
309,2016-01-05,7828.399901999999,7831.200195,7763.25,7784.649901999999,7784.649901999999,145200.0,-6.892543962773383
310,2016-01-06,7788.049805,7800.950195,7721.200195,7741.0,7741.0,147100.0,-7.135501002077536
311,2016-01-07,7673.350098000001,7674.950195,7556.600098000001,7568.299805,7568.299805,188900.0,-8.164950791634014
312,2016-01-08,7611.649901999999,7634.100098000001,7581.049805,7601.350098000001,7601.350098000001,157400.0,-8.894743624218588
313,2016-01-11,7527.450195,7605.100098000001,7494.350098000001,7563.850098000001,7563.850098000001,189000.0,-9.71428957184624
314,2016-01-12,7587.200195,7588.299805,7487.799805,7510.299805,7510.299805,163900.0,-10.68555631865866
315,2016-01-13,7557.899901999999,7590.950195,7425.799805,7562.399901999999,7562.399901999999,215200.0,-11.259684698755477
316,2016-01-14,7467.399901999999,7604.799805,7443.799805,7536.799805,7536.799805,200800.0,-11.885181636751325
317,2016-01-15,7561.649901999999,7566.5,7427.299805,7437.799805,7437.799805,197500.0,-12.878811267987276
318,2016-01-18,7420.350098000001,7463.649901999999,7336.399901999999,7351.0,7351.0,233600.0,-14.137593167194709
319,2016-01-19,7381.799805,7462.75,7364.149901999999,7435.100098000001,7435.100098000001,188300.0,-14.775547651675073
320,2016-01-20,7357.0,7470.899901999999,7241.5,7309.299805,7309.299805,225600.0,-15.866043891639436
321,2016-01-21,7376.649901999999,7398.700195,7250.0,7276.799805,7276.799805,240700.0,-16.96058547126695
322,2016-01-22,7355.700195,7433.399901999999,7327.600098000001,7422.450195,7422.450195,229200.0,-17.096847485966606
323,2016-01-25,7468.75,7487.149901999999,7421.200195,7436.149901999999,7436.149901999999,163200.0,-17.139287901292473
324,2016-01-27,7469.600098000001,7477.899901999999,7419.700195,7437.75,7437.75,187600.0,-17.167826016219028
325,2016-01-28,7426.5,7468.850098000001,7409.600098000001,7424.649901999999,7424.649901999999,274500.0,-17.245348584494895
326,2016-01-29,7413.350098000001,7575.649901999999,7402.799805,7563.549805,7563.549805,298700.0,-16.53527851388097
327,2016-02-01,7589.5,7600.450195,7541.25,7555.950195,7555.950195,200400.0,-15.935265095197748
328,2016-02-02,7566.649901999999,7576.299805,7428.049805,7455.549805,7455.549805,230200.0,-15.803881873838874
329,2016-02-03,7392.450195,7419.399901999999,7350.299805,7361.799805,7361.799805,192000.0,-16.061480624071663
330,2016-02-04,7411.450195,7457.049805,7365.950195,7404.0,7404.0,222700.0,-16.05836850815308
331,2016-02-05,7418.25,7503.149901999999,7406.649901999999,7489.100098000001,7489.100098000001,249800.0,-15.591309844766354
332,2016-02-08,7489.700195,7512.549805,7363.200195,7387.25,7387.25,171500.0,-15.58030717658009
333,2016-02-09,7303.950195,7323.450195,7275.149901999999,7298.200195,7298.200195,212100.0,-15.91961823062583
334,2016-02-10,7264.299805,7271.850098000001,7177.75,7215.700195,7215.700195,246900.0,-16.538300032974345
335,2016-02-11,7203.600098000001,7208.649901999999,6959.950195,6976.350098000001,6976.350098000001,292300.0,-17.986911298405968
336,2016-02-12,7023.649901999999,7034.799805,6869.0,6980.950195,6980.950195,333900.0,-19.22456770310113
337,2016-02-15,7057.350098000001,7182.799805,7056.799805,7162.950195,7162.950195,354200.0,-19.340595177730872
338,2016-02-16,7201.25,7204.649901999999,7037.700195,7048.25,7048.25,253800.0,-19.845391725939884
339,2016-02-17,7058.850098000001,7123.700195,6960.649901999999,7108.450195,7108.450195,260000.0,-19.972543272120348
340,2016-02-18,7177.399901999999,7215.100098000001,7127.850098000001,7191.75,7191.75,246700.0,-19.65755986951877
341,2016-02-19,7170.549805,7226.850098000001,7145.950195,7210.75,7210.75,192300.0,-19.286285052261473
342,2016-02-22,7208.850098000001,7252.399901999999,7200.700195,7234.549805,7234.549805,154400.0,-18.840686615434112
343,2016-02-23,7240.299805,7241.700195,7090.700195,7109.549805,7109.549805,194400.0,-18.870648546647658
344,2016-02-24,7075.0,7090.799805,7009.75,7018.700195,7018.700195,199700.0,-19.20123812488601
345,2016-02-25,7029.850098000001,7034.200195,6961.399901999999,6970.600098000001,6970.600098000001,283100.0,-19.651553775350948
346,2016-02-26,7039.299805,7052.899901999999,6985.100098000001,7029.75,7029.75,206700.0,-19.760168106914495
347,2016-02-29,7050.450195,7094.600098000001,6825.799805,6987.049805,6987.049805,473400.0,-19.99550961715032
348,2016-03-01,7038.25,7235.5,7035.100098000001,7222.299805,7222.299805,275100.0,-19.06702007298137
349,2016-03-02,7321.700195,7380.350098000001,7308.149901999999,7368.850098000001,7368.850098000001,338500.0,-17.562630164566894
350,2016-03-03,7429.549805,7483.950195,7406.049805,7475.600098000001,7475.600098000001,278600.0,-15.758744750807278
351,2016-03-04,7505.399901999999,7505.899901999999,7444.100098000001,7485.350098000001,7485.350098000001,281700.0,-14.136891053693358
352,2016-03-08,7486.399901999999,7527.149901999999,7442.149901999999,7485.299805,7485.299805,257000.0,-12.707773835513056
353,2016-03-09,7436.100098000001,7539.0,7424.299805,7531.799805,7531.799805,245100.0,-11.239360850559878
354,2016-03-10,7545.350098000001,7547.100098000001,7447.399901999999,7486.149901999999,7486.149901999999,224700.0,-10.091223029880462
355,2016-03-11,7484.850098000001,7543.950195,7460.600098000001,7510.200195,7510.200195,198700.0,-8.965789446032044
356,2016-03-14,7542.600098000001,7583.700195,7515.049805,7538.75,7538.75,166900.0,-7.838838916383928
357,2016-03-15,7535.850098000001,7545.200195,7452.799805,7460.600098000001,7460.600098000001,193700.0,-7.108164228069297
358,2016-03-16,7457.049805,7508.0,7405.149901999999,7498.75,7498.75,195400.0,-6.294865325128711
359,2016-03-17,7557.399901999999,7585.299805,7479.399901999999,7512.549805,7512.549805,239600.0,-5.5065819431595
360,2016-03-18,7534.649901999999,7613.600098000001,7517.899901999999,7604.350098000001,7604.350098000001,237400.0,-4.419003405240638
361,2016-03-21,7619.200195,7713.549805,7617.700195,7704.25,7704.25,196800.0,-3.0350760171424422
362,2016-03-22,7695.549805,7728.200195,7643.799805,7714.899901999999,7714.899901999999,208900.0,-1.749590164629818
363,2016-03-23,7717.450195,7726.850098000001,7670.600098000001,7716.5,7716.5,199600.0,-0.5839845572216731
364,2016-03-28,7741.0,7749.399901999999,7587.700195,7615.100098000001,7615.100098000001,242400.0,0.06738853538082037
365,2016-03-29,7606.549805,7652.899901999999,7582.25,7597.0,7597.0,216800.0,0.5825193461744187
366,2016-03-30,7651.100098000001,7741.950195,7643.450195,7735.200195,7735.200195,232600.0,1.5961440685056925
367,2016-03-31,7727.649901999999,7777.600098000001,7702.0,7738.399901999999,7738.399901999999,380100.0,2.520412327642525
368,2016-04-01,7718.049805,7740.149901999999,7666.100098000001,7713.049805,7713.049805,183900.0,3.2495165956969454
369,2016-04-04,7733.149901999999,7764.450195,7704.399901999999,7758.799805,7758.799805,155500.0,4.088837950175777
370,2016-04-05,7736.299805,7736.299805,7588.649901999999,7603.200195,7603.200195,203800.0,4.183754315076058
371,2016-04-06,7636.049805,7638.649901999999,7591.75,7614.350098000001,7614.350098000001,165600.0,4.312804315469953
372,2016-04-07,7630.399901999999,7630.75,7535.850098000001,7546.450195,7546.450195,234400.0,4.137669309052659
373,2016-04-08,7542.350098000001,7569.350098000001,7526.700195,7555.200195,7555.200195,143400.0,4.014511029758035
374,2016-04-11,7577.799805,7678.799805,7516.850098000001,7671.399901999999,7671.399901999999,179800.0,4.366289560893211
375,2016-04-12,7669.25,7717.399901999999,7663.350098000001,7708.950195,7708.950195,163400.0,4.832149652826763
376,2016-04-13,7777.149901999999,7864.799805,7772.200195,7850.450195,7850.450195,220400.0,5.810964991596642
377,2016-04-18,7908.149901999999,7920.600098000001,7842.75,7914.700195,7914.700195,184600.0,6.937834266684262
378,2016-04-20,7950.049805,7950.399901999999,7877.549805,7914.75,7914.75,205300.0,7.947706998404312
379,2016-04-21,7953.649901999999,7978.450195,7884.100098000001,7912.049805,7912.049805,223700.0,8.844862670478259
380,2016-04-22,7891.799805,7923.350098000001,7873.350098000001,7899.299805,7899.299805,183300.0,9.597239132800665
381,2016-04-25,7894.799805,7911.0,7827.0,7855.049805,7855.049805,146300.0,10.071893373533463
382,2016-04-26,7828.149901999999,7974.5,7822.549805,7962.649901999999,7962.649901999999,202400.0,10.91538661956112
383,2016-04-27,7942.0,7991.0,7940.549805,7979.899901999999,7979.899901999999,206800.0,11.74300588550469
384,2016-04-28,7967.399901999999,7992.0,7834.450195,7847.25,7847.25,292500.0,11.847753148440606
385,2016-04-29,7844.25,7889.049805,7788.700195,7849.799805,7849.799805,243700.0,11.95175226831057
386,2016-05-02,7822.700195,7829.799805,7777.299805,7805.899901999999,7805.899901999999,146300.0,11.83092885154255
387,2016-05-03,7824.799805,7890.25,7735.149901999999,7747.0,7747.0,186500.0,11.43285101701497
388,2016-05-04,7724.149901999999,7749.0,7697.25,7706.549805,7706.549805,199700.0,10.87483041659892
389,2016-05-05,7731.0,7777.549805,7706.850098000001,7735.5,7735.5,185100.0,10.485297433545467
390,2016-05-06,7717.649901999999,7738.899901999999,7678.350098000001,7733.450195,7733.450195,163600.0,10.122213726938217
391,2016-05-09,7755.25,7873.649901999999,7753.549805,7866.049805,7866.049805,160600.0,10.329877108866645
392,2016-05-10,7873.549805,7896.899901999999,7837.700195,7887.799805,7887.799805,162000.0,10.605354736744035
393,2016-05-11,7804.649901999999,7893.100098000001,7780.899901999999,7848.850098000001,7848.850098000001,214100.0,10.658185160401136
394,2016-05-12,7871.450195,7916.049805,7849.649901999999,7900.399901999999,7900.399901999999,152700.0,10.916711966680992
395,2016-05-13,7881.0,7881.0,7784.200195,7814.899901999999,7814.899901999999,179500.0,10.714022135963413
396,2016-05-16,7831.200195,7873.899901999999,7772.149901999999,7860.75,7860.75,205200.0,10.720471084912262
397,2016-05-17,7896.850098000001,7940.100098000001,7879.700195,7890.75,7890.75,183400.0,10.85054869722628
398,2016-05-18,7846.75,7882.049805,7810.75,7870.149901999999,7870.149901999999,156400.0,10.861422256944465
399,2016-05-19,7875.5,7876.200195,7766.799805,7783.399901999999,7783.399901999999,170400.0,10.42010851350264
400,2016-05-20,7792.200195,7812.399901999999,7735.75,7749.700195,7749.700195,157000.0,9.846757384077677
401,2016-05-23,7813.950195,7820.600098000001,7722.200195,7731.049805,7731.049805,172000.0,9.231529066729278
402,2016-05-24,7738.049805,7761.549805,7715.799805,7748.850098000001,7748.850098000001,147000.0,8.7515550517784
403,2016-05-25,7811.799805,7941.200195,7809.299805,7934.899901999999,7934.899901999999,176200.0,9.132081692494735
404,2016-05-26,7974.450195,8083.0,7948.5,8069.649901999999,8069.649901999999,264300.0,10.0556387117201
405,2016-05-27,8081.950195,8164.200195,8077.049805,8156.649901999999,8156.649901999999,260900.0,11.246572742241824
406,2016-05-30,8166.5,8200.0,8150.799805,8178.5,8178.5,247400.0,12.395691274575222
407,2016-05-31,8209.849609,8213.599609,8134.299805,8160.100098000001,8160.100098000001,471000.0,13.321817594874297
408,2016-06-01,8179.200195,8215.349609,8171.049805,8179.950195,8179.950195,194400.0,14.232363723555737
409,2016-06-02,8156.899901999999,8229.5,8154.75,8218.950195,8218.950195,181700.0,15.208665051342338
410,2016-06-03,8246.200195,8262.0,8209.849609,8220.799805,8220.799805,379000.0,16.09464989893537
411,2016-06-06,8228.75,8234.700195,8186.049805,8201.049805,8201.049805,171600.0,16.784191984698023
412,2016-06-07,8235.549805,8294.950195,8216.400391,8266.450195,8266.450195,241900.0,17.670976506782377
413,2016-06-08,8285.5,8288.900391,8252.049805,8273.049805,8273.049805,174300.0,18.499238253484435
414,2016-06-09,8273.349609,8273.349609,8184.600098000001,8203.599609,8203.599609,174900.0,18.844141005681927
415,2016-06-10,8180.25,8265.599609,8162.850098000001,8170.049805,8170.049805,182200.0,18.958731901190113
416,2016-06-13,8102.25,8125.25,8063.899901999999,8110.600098000001,8110.600098000001,169700.0,18.710702451474116
417,2016-06-14,8134.399901999999,8134.950195,8069.5,8108.850098000001,8108.850098000001,145500.0,18.475921543108818
418,2016-06-15,8139.399901999999,8213.200195,8123.149901999999,8206.599609,8206.599609,169800.0,18.664745704236015
419,2016-06-16,8180.649901999999,8180.649901999999,8074.450195,8140.75,8140.75,189200.0,18.440070507034548
420,2016-06-17,8176.649901999999,8195.25,8135.799805,8170.200195,8170.200195,166600.0,18.359695627349453
421,2016-06-20,8115.75,8244.150391,8107.350098000001,8238.5,8238.5,168600.0,18.571220913663105
422,2016-06-21,8255.400391,8257.25,8202.150391,8219.900391,8219.900391,137000.0,18.64881561541533
423,2016-06-22,8213.650391,8238.349609,8153.25,8203.700195,8203.700195,136100.0,18.6199318309099
424,2016-06-23,8201.150391,8285.599609,8188.299805,8270.450195,8270.450195,154100.0,18.87481708121389
425,2016-06-24,8029.100098000001,8100.700195,7927.049805,8088.600098000001,8088.600098000001,297600.0,17.987423807915032
426,2016-06-27,8039.350098000001,8120.649901999999,8039.350098000001,8094.700195,8094.700195,162500.0,17.22241370404699
427,2016-06-28,8096.049805,8146.350098000001,8086.850098000001,8127.850098000001,8127.850098000001,170400.0,16.67999864899652
428,2016-06-29,8173.100098000001,8212.400391,8157.649901999999,8204.0,8204.0,147000.0,16.523027838665133
429,2016-06-30,8260.25,8308.150391,8242.099609,8287.75,8287.75,279400.0,16.74398408566206
430,2016-07-01,8313.049805,8356.75,8308.650391,8328.349609,8328.349609,165500.0,17.11519382815481
431,2016-07-04,8376.75,8398.450195,8364.700195,8370.700195,8370.700195,154200.0,17.627436242411193
432,2016-07-05,8379.299805,8381.450195,8319.950195,8335.950195,8335.950195,139000.0,17.87413752318657
433,2016-07-07,8342.0,8361.950195,8317.700195,8337.900391,8337.900391,155500.0,18.103661744629594
434,2016-07-08,8350.0,8353.299805,8287.549805,8323.200195,8323.200195,137900.0,18.219947923402106
435,2016-07-11,8413.349609,8475.25,8407.049805,8467.900391,8467.900391,149800.0,18.940312589878445
436,2016-07-12,8502.599609,8526.599609,8479.200195,8521.049805,8521.049805,183600.0,19.807421826558222
437,2016-07-13,8540.450195,8550.25,8493.549805,8519.5,8519.5,195500.0,20.573668014176814
438,2016-07-14,8515.75,8571.400391,8500.700195,8565.0,8565.0,153900.0,21.450313222300498
439,2016-07-15,8565.450195,8594.799805,8510.049805,8541.400391,8541.400391,221700.0,22.087558600164748
440,2016-07-18,8564.049805,8587.099609,8494.349609,8508.700195,8508.700195,164300.0,22.450691967516267
441,2016-07-19,8514.299805,8540.049805,8476.700195,8528.549805,8528.549805,167900.0,22.85988813516832
442,2016-07-20,8515.450195,8569.900391,8512.549805,8565.849609,8565.849609,160300.0,23.383040890236273
443,2016-07-21,8582.700195,8585.25,8503.450195,8510.099609,8510.099609,150000.0,23.486384243498225
444,2016-07-22,8519.650391,8548.950195,8489.799805,8541.200195,8541.200195,143200.0,23.70798972434326
445,2016-07-25,8519.950195,8641.150391,8517.200195,8635.650391,8635.650391,150000.0,24.297193877309628
446,2016-07-26,8633.75,8644.900391,8577.150391,8590.650391,8590.650391,154800.0,24.522817652602036
447,2016-07-27,8599.400391,8665.0,8572.049805,8615.799805,8615.799805,184100.0,24.828923848437125
448,2016-07-28,8636.950195,8674.700195,8625.25,8666.299805,8666.299805,233500.0,25.31158120824778
449,2016-07-29,8668.299805,8670.349609,8631.150391,8638.5,8638.5,157000.0,25.554765767195086
450,2016-08-01,8654.299805,8711.299805,8590.5,8636.549805,8636.549805,188400.0,25.760737282718328
451,2016-08-02,8647.450195,8687.200195,8611.400391,8622.900391,8622.900391,169400.0,25.851771670383332
452,2016-08-03,8635.200195,8635.450195,8529.599609,8544.849609,8544.849609,163000.0,25.38447736423675
453,2016-08-04,8599.950195,8601.400391,8518.150391,8551.099609,8551.099609,164700.0,24.98817078218553
454,2016-08-05,8600.200195,8689.400391,8590.150391,8683.150391,8683.150391,157900.0,25.190458128841993
455,2016-08-08,8712.849609,8723.5,8697.599609,8711.349609,8711.349609,172600.0,25.491392584052658
456,2016-08-09,8727.799805,8728.349609,8638.200195,8678.25,8678.25,200100.0,25.525720362882844
457,2016-08-10,8686.700195,8690.099609,8564.599609,8575.299805,8575.299805,173600.0,24.82215218965513
458,2016-08-11,8572.799805,8601.150391,8540.049805,8592.150391,8592.150391,189200.0,24.265019757088343
460,2016-08-16,8670.25,8682.349609,8600.450195,8642.549805,8642.549805,224800.0,23.983583446734556
461,2016-08-17,8639.799805,8667.099609,8603.599609,8624.049805,8624.049805,174100.0,23.60005175544699
462,2016-08-18,8648.849609,8690.700195,8645.049805,8673.25,8673.25,164300.0,23.47116655747825
463,2016-08-19,8694.299805,8696.599609,8647.099609,8666.900391,8666.900391,191900.0,23.310092304375658
464,2016-08-22,8667.0,8684.849609,8614.0,8629.150391,8629.150391,152300.0,22.895512162992617
465,2016-08-23,8628.349609,8642.150391,8580.0,8632.599609,8632.599609,187500.0,22.536498913245904
466,2016-08-24,8648.5,8661.049805,8620.900391,8650.299805,8650.299805,149600.0,22.29170819227359
467,2016-08-25,8668.849609,8683.049805,8583.650391,8592.200195,8592.200195,213100.0,21.64998748908917
468,2016-08-26,8614.349609,8622.950195,8547.549805,8572.549805,8572.549805,147500.0,20.926692562647307
469,2016-08-29,8583.75,8622.0,8543.75,8607.450195,8607.450195,129700.0,20.43687966635571
470,2016-08-30,8646.75,8750.599609,8642.25,8744.349609,8744.349609,150200.0,20.64996075262998
471,2016-08-31,8754.049805,8819.200195,8754.049805,8786.200195,8786.200195,362200.0,21.040315749383147
472,2016-09-01,8793.599609,8813.25,8759.950195,8774.650391,8774.650391,238900.0,21.306045307382643
473,2016-09-02,8796.349609,8824.099609,8768.200195,8809.650391,8809.650391,191500.0,21.71156692306388
474,2016-09-06,8852.700195,8950.849609,8848.450195,8943.0,8943.0,195600.0,22.704502546422738
475,2016-09-07,8968.700195,8968.700195,8913.349609,8917.950195,8917.950195,290100.0,23.40292504522785
476,2016-09-08,8915.5,8960.349609,8896.0,8952.5,8952.5,217200.0,24.185716309564548
477,2016-09-09,8934.299805,8939.150391,8858.700195,8866.700195,8866.700195,175900.0,24.24155824509414
478,2016-09-12,8732.950195,8746.950195,8699.400391,8715.599609,8715.599609,184500.0,23.170427571787787
479,2016-09-14,8710.650391,8739.849609,8688.900391,8726.599609,8726.599609,184300.0,22.27745928443998
480,2016-09-15,8743.849609,8751.950195,8704.349609,8742.549805,8742.549805,145400.0,21.560265942108067
481,2016-09-16,8780.849609,8847.650391,8750.5,8779.849609,8779.849609,265800.0,21.096014786692354
482,2016-09-19,8788.450195,8824.299805,8774.200195,8808.400391,8808.400391,131700.0,20.815677492663916
483,2016-09-20,8816.099609,8816.450195,8759.299805,8775.900391,8775.900391,136500.0,20.333905382634722
484,2016-09-21,8790.299805,8826.849609,8757.299805,8777.150391,8777.150391,148800.0,19.90844870149245
485,2016-09-22,8873.349609,8893.349609,8837.799805,8867.450195,8867.450195,172800.0,19.955422689460008
486,2016-09-23,8880.75,8885.200195,8820.299805,8831.549805,8831.549805,185900.0,19.742509039345087
487,2016-09-26,8807.900391,8809.549805,8715.099609,8723.049805,8723.049805,164000.0,18.786510700817175
488,2016-09-27,8748.900391,8768.5,8690.5,8706.400391,8706.400391,151400.0,17.820118553996085
489,2016-09-28,8711.200195,8767.049805,8703.150391,8745.150391,8745.150391,165500.0,17.146244822782347
490,2016-09-29,8792.700195,8800.650391,8558.25,8591.25,8591.25,372900.0,15.494338342734762
491,2016-09-30,8581.5,8637.150391,8555.200195,8611.150391,8611.150391,181700.0,14.133797444257473
492,2016-10-03,8666.150391,8745.200195,8635.0,8738.099609,8738.099609,137300.0,13.56412406224709
493,2016-10-04,8770.0,8783.650391,8736.099609,8769.150391,8769.150391,184300.0,13.217102680591134
494,2016-10-05,8806.349609,8806.950195,8731.400391,8743.950195,8743.950195,157200.0,12.747819181714739
495,2016-10-06,8768.700195,8781.150391,8684.650391,8709.549805,8709.549805,163600.0,12.11138730500227
496,2016-10-07,8721.700195,8723.700195,8663.799805,8697.599609,8697.599609,150400.0,11.469336240247639
497,2016-10-10,8735.349609,8745.799805,8703.950195,8708.799805,8708.799805,108400.0,10.952268780780694
498,2016-10-13,8671.5,8681.549805,8541.349609,8573.349609,8573.349609,212300.0,9.639308902718334
499,2016-10-14,8594.0,8604.450195,8549.799805,8583.400391,8583.400391,162800.0,8.524263001821657
500,2016-10-17,8612.950195,8615.400391,8506.150391,8520.400391,8520.400391,197400.0,7.145108924395875
501,2016-10-18,8556.049805,8685.099609,8555.900391,8677.900391,8677.900391,216600.0,6.746130516538637
502,2016-10-19,8697.5,8698.75,8636.700195,8659.099609,8659.099609,172100.0,6.282495975516174
503,2016-10-20,8693.349609,8727.0,8678.299805,8699.400391,8699.400391,161000.0,6.08233587806026
504,2016-10-21,8708.599609,8709.099609,8652.049805,8693.049805,8693.049805,157300.0,5.867196787424203
505,2016-10-24,8709.849609,8736.950195,8684.150391,8708.950195,8708.950195,157100.0,5.758368753815415
506,2016-10-25,8721.700195,8722.650391,8663.450195,8691.299805,8691.299805,189800.0,5.556956462333193
507,2016-10-26,8657.299805,8657.299805,8596.599609,8615.25,8615.25,219300.0,4.929278244577617
508,2016-10-27,8607.099609,8624.849609,8550.25,8615.25,8615.25,242800.0,4.366609578444684
509,2016-10-28,8625.0,8653.75,8581.75,8638.0,8638.0,175500.0,3.98246684643148
510,2016-11-01,8653.150391,8669.599609,8614.5,8626.25,8626.25,165000.0,3.566803373865883
511,2016-11-02,8542.799805,8549.5,8504.849609,8514.0,8514.0,155300.0,2.5346274872610133
512,2016-11-03,8499.849609,8537.650391,8476.150391,8484.950195,8484.950195,170500.0,1.439659777965559
513,2016-11-04,8503.599609,8504.0,8400.25,8433.75,8433.75,224800.0,0.161489724380156
514,2016-11-07,8535.75,8535.849609,8481.450195,8497.049805,8497.049805,172800.0,-0.6237887096828875
515,2016-11-08,8540.0,8559.400391,8480.099609,8543.549805,8543.549805,195700.0,-1.059766939090804
516,2016-11-09,8067.5,8476.200195,8002.25,8432.0,8432.0,314300.0,-2.07639886095747
517,2016-11-10,8555.599609,8598.450195,8510.700195,8525.75,8525.75,263100.0,-2.435635714670241
518,2016-11-11,8456.650391,8460.599609,8284.950195,8296.299805,8296.299805,266900.0,-3.9994850164520606
519,2016-11-15,8284.849609,8288.549805,8093.200195,8108.450195,8108.450195,359200.0,-6.334129127301969
520,2016-11-16,8205.650391,8210.049805,8089.399901999999,8111.600098000001,8111.600098000001,269500.0,-8.32765785179822
521,2016-11-17,8105.100098000001,8151.25,8060.299805,8079.950195,8079.950195,191300.0,-10.21328010401791
522,2016-11-18,8097.549805,8128.950195,8048.299805,8074.100098000001,8074.100098000001,161200.0,-11.889636210144202
523,2016-11-21,8102.100098000001,8102.450195,7916.399901999999,7929.100098000001,7929.100098000001,218800.0,-14.02073254029393
524,2016-11-22,7989.149901999999,8019.049805,7938.149901999999,8002.299805,8002.299805,210200.0,-15.448059322317503
525,2016-11-23,8051.200195,8055.200195,7973.100098000001,8033.299805,8033.299805,181000.0,-16.51293812891648
526,2016-11-24,8011.799805,8024.850098000001,7952.549805,7965.5,7965.5,260500.0,-17.732188261739033
527,2016-11-25,8007.950195,8122.25,7976.75,8114.299805,8114.299805,177900.0,-17.92355755235714
528,2016-11-28,8080.649901999999,8146.5,8066.5,8126.899901999999,8126.899901999999,189700.0,-18.017288376593964
529,2016-11-29,8131.549805,8197.349609,8128.700195,8142.149901999999,8142.149901999999,189700.0,-18.01130600122903
530,2016-11-30,8172.149901999999,8234.25,8139.25,8224.5,8224.5,248000.0,-17.531890922360844
531,2016-12-01,8244.0,8250.799805,8185.049805,8192.900391,8192.900391,157700.0,-17.235272413747612
532,2016-12-02,8153.549805,8159.299805,8070.049805,8086.799805,8086.799805,171500.0,-17.39701342368164
533,2016-12-05,8088.75,8141.899901999999,8056.850098000001,8128.75,8128.75,126500.0,-17.303402676823715
534,2016-12-06,8153.149901999999,8178.700195,8130.850098000001,8143.149901999999,8143.149901999999,115300.0,-17.13961075066122
535,2016-12-07,8168.399901999999,8190.450195,8077.5,8102.049805,8102.049805,169800.0,-17.156722838671424
536,2016-12-08,8152.100098000001,8256.25,8151.75,8246.849609,8246.849609,142500.0,-16.36552880562106
537,2016-12-09,8271.700195,8274.950195,8241.950195,8261.75,8261.75,149700.0,-15.582775105357072
538,2016-12-12,8230.650391,8230.650391,8154.450195,8170.799805,8170.799805,108100.0,-15.25114108583659
539,2016-12-13,8196.150391,8228.849609,8155.799805,8221.799805,8221.799805,184000.0,-14.680666469614142
540,2016-12-14,8229.349609,8229.400391,8165.100098000001,8182.450195,8182.450195,144600.0,-14.331662406052834
541,2016-12-15,8128.399901999999,8225.900391,8121.950195,8153.600098000001,8153.600098000001,181800.0,-14.13681851160048
542,2016-12-16,8178.200195,8178.700195,8127.450195,8139.450195,8139.450195,203000.0,-14.019748410070845
543,2016-12-19,8126.0,8132.5,8094.850098000001,8104.350098000001,8104.350098000001,107400.0,-14.057025413163304
544,2016-12-20,8110.600098000001,8124.100098000001,8062.75,8082.399901999999,8082.399901999999,128000.0,-14.179817471337048
545,2016-12-21,8105.850098000001,8112.549805,8053.25,8061.299805,8061.299805,123700.0,-14.376665307068896
546,2016-12-22,8043.850098000001,8046.450195,7964.950195,7979.100098000001,7979.100098000001,122600.0,-14.890178965800235
547,2016-12-23,7972.5,8022.600098000001,7942.049805,7985.75,7985.75,124100.0,-15.316309798141296
548,2016-12-26,7965.100098000001,7970.049805,7893.799805,7908.25,7908.25,106900.0,-16.017147512416138
549,2016-12-27,7915.049805,8044.649901999999,7903.700195,8032.850098000001,8032.850098000001,118800.0,-15.948180524888677
550,2016-12-28,8047.549805,8100.549805,8028.399901999999,8034.850098000001,8034.850098000001,126700.0,-15.875158917895504
551,2016-12-29,8030.600098000001,8111.100098000001,8020.799805,8103.600098000001,8103.600098000001,178500.0,-15.423144882727277
552,2016-12-30,8119.649901999999,8197.0,8114.75,8185.799805,8185.799805,127600.0,-14.55780244889101
553,2017-01-02,8210.099609,8212.0,8133.799805,8179.5,8179.5,118300.0,-13.808469383745054
554,2017-01-03,8196.049805,8219.099609,8148.600098000001,8192.25,8192.25,127300.0,-13.06307253090829
555,2017-01-04,8202.650391,8218.5,8180.899901999999,8190.5,8190.5,132400.0,-12.397042210365646
556,2017-01-05,8226.650391,8282.650391,8223.700195,8273.799805,8273.799805,159100.0,-11.331468062562434
557,2017-01-06,8281.849609,8306.849609,8233.25,8243.799805,8243.799805,139400.0,-10.50231830613897
558,2017-01-09,8259.349609,8263.0,8227.75,8236.049805,8236.049805,99100.0,-9.78693673929836
559,2017-01-10,8262.700195,8293.799805,8261.0,8288.599609,8288.599609,142900.0,-8.847392755471251
560,2017-01-11,8327.799805,8389.0,8322.25,8380.650391,8380.650391,186500.0,-7.490624140038206
561,2017-01-12,8391.049805,8417.200195,8382.299805,8407.200195,8407.200195,172600.0,-6.122072894723943
562,2017-01-13,8457.650391,8461.049805,8373.150391,8400.349609,8400.349609,185300.0,-4.918030180839267
563,2017-01-16,8390.950195,8426.700195,8374.400391,8412.799805,8412.799805,124100.0,-3.7583851525272984
564,2017-01-17,8415.049805,8440.900391,8378.299805,8398.0,8398.0,122000.0,-2.7785310019386387
565,2017-01-18,8403.849609,8460.299805,8397.400391,8417.0,8417.0,163800.0,-1.78262244557271
566,2017-01-19,8418.400391,8445.150391,8404.049805,8435.099609,8435.099609,165900.0,-0.7753833171011946
567,2017-01-20,8404.349609,8423.650391,8340.950195,8349.349609,8349.349609,202600.0,-0.31705747891345953
568,2017-01-23,8329.599609,8404.150391,8327.200195,8391.5,8391.5,195000.0,0.32866665339002876
569,2017-01-24,8407.049805,8480.950195,8398.150391,8475.799805,8475.799805,179200.0,1.3719649586394178
570,2017-01-25,8499.450195,8612.599609,8493.950195,8602.75,8602.75,292500.0,2.9934338555543496
571,2017-01-27,8610.5,8672.700195,8606.900391,8641.25,8641.25,275400.0,4.648042349208431
572,2017-01-30,8635.549805,8662.599609,8617.75,8632.75,8632.75,304700.0,6.083120127081058
573,2017-01-31,8629.450195,8631.75,8552.400391,8561.299805,8561.299805,521000.0,6.954035372509355
574,2017-02-01,8570.349609,8722.400391,8537.5,8716.400391,8716.400391,327700.0,8.520323100877086
575,2017-02-02,8724.75,8757.599609,8685.799805,8734.25,8734.25,283500.0,9.999514566758915
576,2017-02-03,8735.150391,8748.25,8707.75,8740.950195,8740.950195,191000.0,11.351474777903196
577,2017-02-06,8785.450195,8814.099609,8770.200195,8801.049805,8801.049805,194400.0,12.85086335285042
578,2017-02-07,8805.700195,8809.299805,8741.049805,8768.299805,8768.299805,226300.0,13.988563277510075
579,2017-02-08,8774.549805,8791.25,8715.0,8769.049805,8769.049805,218700.0,15.012567663302356
580,2017-02-09,8795.549805,8821.400391,8724.099609,8778.400391,8778.400391,187500.0,15.97908343266593
581,2017-02-10,8812.349609,8822.099609,8771.200195,8793.549805,8793.549805,225900.0,16.923527767404124
582,2017-02-13,8819.799805,8826.900391,8754.200195,8805.049805,8805.049805,204900.0,17.83318548078928
583,2017-02-14,8819.900391,8820.450195,8772.5,8792.299805,8792.299805,188300.0,18.57482174096695
584,2017-02-15,8778.950195,8807.900391,8712.849609,8724.700195,8724.700195,216100.0,18.790949764837006
585,2017-02-16,8739.0,8783.950195,8719.599609,8778.0,8778.0,184600.0,19.235165624306187
586,2017-02-17,8883.700195,8896.450195,8804.25,8821.700195,8821.700195,298300.0,19.840621699335514
587,2017-02-20,8818.549805,8886.25,8809.799805,8879.200195,8879.200195,167800.0,20.654617105814836
588,2017-02-21,8890.75,8920.799805,8860.950195,8907.849609,8907.849609,175700.0,21.521511284291634
589,2017-02-22,8931.599609,8960.75,8905.25,8926.900391,8926.900391,247100.0,22.39259635388617
590,2017-02-23,8956.400391,8982.150391,8927.549805,8939.5,8939.5,377200.0,23.23947006400722
591,2017-02-27,8943.700195,8951.799805,8888.650391,8896.700195,8896.700195,189900.0,23.69257516955213
592,2017-02-28,8898.950195,8914.75,8867.599609,8879.599609,8879.599609,293600.0,23.976285063150506
593,2017-03-01,8904.400391,8960.799805,8898.599609,8945.799805,8945.799805,205900.0,24.537807122684878
594,2017-03-02,8982.849609,8992.5,8879.799805,8899.75,8899.75,218800.0,24.696166834277804
595,2017-03-03,8883.5,8907.099609,8860.099609,8897.549805,8897.549805,202600.0,24.822609742422124
596,2017-03-06,8915.099609,8967.799805,8914.0,8963.450195,8963.450195,174800.0,25.24240657123225
597,2017-03-07,8977.75,8977.849609,8932.799805,8946.900391,8946.900391,173400.0,25.493204927196878
598,2017-03-08,8950.700195,8957.049805,8891.950195,8924.299805,8924.299805,177800.0,25.54298605209468
599,2017-03-09,8914.5,8945.799805,8899.5,8927.0,8927.0,171500.0,25.600864217567178
600,2017-03-10,8953.700195,8975.700195,8903.950195,8934.549805,8934.549805,152700.0,25.689398206727898
601,2017-03-14,9091.650391,9122.75,9060.5,9087.0,9087.0,270300.0,26.4938062520357
602,2017-03-15,9086.849609,9106.549805,9075.5,9084.799805,9084.799805,240600.0,27.199516800843355
603,2017-03-16,9129.650391,9158.450195,9128.549805,9153.700195,9153.700195,208600.0,28.157579915040394
604,2017-03-17,9207.799805,9218.400391,9147.599609,9160.049805,9160.049805,286700.0,29.048945433276042
605,2017-03-20,9166.950195,9167.599609,9116.299805,9126.849609,9126.849609,332100.0,29.57382544003427
606,2017-03-21,9133.950195,9147.75,9087.200195,9121.5,9121.5,247700.0,30.002572366631767
607,2017-03-22,9047.200195,9072.900391,9019.299805,9030.450195,9030.450195,232300.0,29.611652479196103
608,2017-03-23,9048.75,9099.049805,9048.599609,9086.299805,9086.299805,191800.0,29.519664041435433
609,2017-03-24,9104.0,9133.549805,9089.400391,9108.0,9108.0,203700.0,29.53806801298697
610,2017-03-27,9093.450195,9094.849609,9024.650391,9045.200195,9045.200195,202700.0,29.017278669556646
611,2017-03-28,9081.5,9110.400391,9079.799805,9100.799805,9100.799805,183300.0,28.81242111254803
612,2017-03-29,9128.700195,9153.150391,9109.099609,9143.799805,9143.799805,243400.0,28.83168563248486
613,2017-03-30,9142.599609,9183.150391,9136.349609,9173.75,9173.75,323400.0,28.989783620121734
614,2017-03-31,9158.900391,9191.700195,9152.099609,9173.75,9173.75,190900.0,29.131529057413353
615,2017-04-03,9220.599609,9245.349609,9192.400391,9237.849609,9237.849609,139100.0,29.5604625486696
616,2017-04-05,9264.400391,9273.900391,9215.400391,9265.150391,9265.150391,184800.0,30.07295852135334
617,2017-04-06,9245.799805,9267.950195,9218.849609,9261.950195,9261.950195,186100.0,30.505886991478125
618,2017-04-07,9223.700195,9250.5,9188.099609,9198.299805,9198.299805,190000.0,30.338160585214585
619,2017-04-10,9225.599609,9225.650391,9174.849609,9181.450195,9181.450195,135800.0,30.039545744376483
620,2017-04-11,9184.549805,9242.700195,9172.849609,9237.0,9237.0,200100.0,30.033514306363855
621,2017-04-12,9242.5,9246.400391,9161.799805,9203.450195,9203.450195,161800.0,29.73279051227698
622,2017-04-13,9202.5,9202.650391,9144.950195,9150.799805,9150.799805,166500.0,28.999953667077015
624,2017-04-18,9163.0,9217.900391,9095.450195,9105.150391,9105.150391,174200.0,27.94404961831648
625,2017-04-19,9112.200195,9120.5,9075.150391,9103.5,9103.5,173700.0,26.982347059777606
626,2017-04-20,9108.099609,9143.900391,9102.650391,9136.400391,9136.400391,170300.0,26.281552528565133
627,2017-04-21,9179.099609,9183.650391,9088.75,9119.400391,9119.400391,155200.0,25.502773259271915
628,2017-04-24,9135.349609,9225.400391,9130.549805,9217.950195,9217.950195,167700.0,25.308480744984507
629,2017-04-25,9273.049805,9309.200195,9250.349609,9306.599609,9306.599609,168700.0,25.589397005687076
630,2017-04-26,9336.200195,9367.0,9301.349609,9351.849609,9351.849609,185700.0,26.06888810555439
631,2017-04-27,9359.150391,9367.150391,9322.650391,9342.150391,9342.150391,209400.0,26.41195016652857
632,2017-04-28,9340.950195,9342.650391,9282.25,9304.049805,9304.049805,162200.0,26.389053481678587
633,2017-05-02,9339.849609,9352.549805,9269.900391,9313.799805,9313.799805,161600.0,26.417680404386374
634,2017-05-03,9344.700195,9346.299805,9298.400391,9311.950195,9311.950195,151600.0,26.427329441082886
635,2017-05-04,9360.950195,9365.650391,9323.25,9359.900391,9359.900391,269600.0,26.679144203233168
636,2017-05-05,9374.549805,9377.099609,9272.0,9285.299805,9285.299805,231900.0,26.253186649344872
637,2017-05-08,9311.450195,9338.700195,9297.950195,9314.049805,9314.049805,174300.0,26.01859947372113
638,2017-05-09,9337.349609,9338.950195,9307.700195,9316.849609,9316.849609,132300.0,25.822485791262036
639,2017-05-10,9339.650391,9414.75,9336.0,9407.299805,9407.299805,152700.0,26.111531769831103
640,2017-05-11,9448.599609,9450.650391,9411.299805,9422.400391,9422.400391,171100.0,26.44731115359715
641,2017-05-12,9436.650391,9437.75,9372.549805,9400.900391,9400.900391,154300.0,26.559253572594105
642,2017-05-15,9433.549805,9449.25,9423.099609,9445.400391,9445.400391,140800.0,26.887377937695273
643,2017-05-16,9461.0,9517.200195,9456.349609,9512.25,9512.25,166500.0,27.52137403085494
644,2017-05-17,9517.599609,9532.599609,9486.099609,9525.75,9525.75,205500.0,28.15656071670039
645,2017-05-18,9453.200195,9489.099609,9418.099609,9429.450195,9429.450195,193300.0,27.864125285004913
646,2017-05-19,9469.900391,9505.75,9390.75,9427.900391,9427.900391,252100.0,27.58976377122424
647,2017-05-22,9480.25,9498.650391,9427.900391,9438.25,9438.25,196800.0,27.396421147756595
648,2017-05-23,9445.049805,9448.049805,9370.0,9386.150391,9386.150391,224400.0,26.759250330973323
649,2017-05-24,9410.900391,9431.900391,9341.650391,9360.549805,9360.549805,211800.0,25.961155187026876
650,2017-05-25,9384.049805,9523.299805,9379.200195,9509.75,9509.75,289200.0,26.020444757086814
651,2017-05-26,9507.75,9604.900391,9495.400391,9595.099609,9595.099609,218800.0,26.508658298710213
652,2017-05-29,9560.049805,9637.75,9547.700195,9604.900391,9604.900391,235000.0,26.988114054277734
653,2017-05-30,9590.650391,9635.299805,9581.200195,9624.549805,9624.549805,193900.0,27.510710880283067
654,2017-05-31,9636.549805,9649.599609,9609.25,9621.25,9621.25,414300.0,27.946749509914508
655,2017-06-01,9603.549805,9634.650391,9589.900391,9616.099609,9616.099609,176100.0,28.291481608857012
656,2017-06-02,9657.150391,9673.5,9637.450195,9653.5,9653.5,162200.0,28.784732513967203
657,2017-06-05,9656.299805,9687.200195,9640.700195,9675.099609,9675.099609,127700.0,29.333321605292646
658,2017-06-06,9704.25,9709.299805,9630.200195,9637.150391,9637.150391,145900.0,29.48686049354122
659,2017-06-07,9663.950195,9678.549805,9630.549805,9663.900391,9663.900391,160700.0,29.755598350571454
660,2017-06-08,9682.400391,9688.700195,9641.5,9647.25,9647.25,155400.0,29.846993399770856
661,2017-06-09,9638.549805,9676.25,9608.150391,9668.25,9668.25,159000.0,30.032623275682223
662,2017-06-12,9646.700195,9647.049805,9598.5,9616.400391,9616.400391,141400.0,29.725777758894385
663,2017-06-13,9615.549805,9654.150391,9595.400391,9606.900391,9606.900391,129700.0,29.36195605173949
664,2017-06-14,9621.549805,9627.400391,9580.450195,9618.150391,9618.150391,181800.0,29.089541770108855
665,2017-06-15,9617.900391,9621.400391,9560.799805,9578.049805,9578.049805,171100.0,28.471977236109936
666,2017-06-16,9595.450195,9615.849609,9565.5,9588.049805,9588.049805,213200.0,27.964515262861777
667,2017-06-19,9626.400391,9673.299805,9614.900391,9657.549805,9657.549805,141700.0,27.86913682854484
668,2017-06-20,9670.5,9676.5,9643.75,9653.5,9653.5,159500.0,27.745189832644407
669,2017-06-21,9648.099609,9650.450195,9608.599609,9633.599609,9633.599609,144000.0,27.445931478581098
670,2017-06-22,9642.650391,9698.849609,9617.75,9630.0,9630.0,198800.0,27.14030333411997
671,2017-06-23,9643.25,9647.650391,9565.299805,9574.950195,9574.950195,175200.0,26.33992481892934
672,2017-06-27,9594.049805,9615.400391,9473.450195,9511.400391,9511.400391,203300.0,25.014949386302888
673,2017-06-28,9520.200195,9522.5,9474.349609,9491.25,9491.25,172400.0,23.631327318047347
674,2017-06-29,9522.950195,9575.799805,9493.799805,9504.099609,9504.099609,259300.0,22.456699736169654
675,2017-06-30,9478.5,9535.799805,9448.75,9520.900391,9520.900391,179600.0,21.49356785536235
676,2017-07-03,9587.950195,9624.0,9543.549805,9615.0,9615.0,183000.0,21.19155771721989
677,2017-07-04,9645.900391,9650.650391,9595.5,9613.299805,9613.299805,144800.0,20.904407487498634
678,2017-07-05,9619.75,9643.650391,9607.349609,9637.599609,9637.599609,130800.0,20.79418647306302
679,2017-07-06,9653.599609,9700.700195,9639.950195,9674.549805,9674.549805,147400.0,20.92192575426064
680,2017-07-07,9670.349609,9684.25,9642.650391,9665.799805,9665.799805,141800.0,20.954562387041197
681,2017-07-10,9719.299805,9782.150391,9646.450195,9771.049805,9771.049805,37500.0,21.632760202904944
682,2017-07-11,9797.450195,9830.049805,9778.849609,9786.049805,9786.049805,179700.0,22.330718091913475
683,2017-07-12,9807.299805,9824.950195,9787.700195,9816.099609,9816.099609,145500.0,23.138266355114776
684,2017-07-13,9855.799805,9897.25,9853.450195,9891.700195,9891.700195,181300.0,24.312899608099166
685,2017-07-14,9913.299805,9913.299805,9845.450195,9886.349609,9886.349609,159600.0,25.30865960664569
686,2017-07-17,9908.150391,9928.200195,9894.700195,9915.950195,9915.950195,163500.0,26.372367261417796
687,2017-07-18,9832.700195,9885.349609,9792.049805,9827.150391,9827.150391,293900.0,26.445023985661543
688,2017-07-19,9855.950195,9905.049805,9851.650391,9899.599609,9899.599609,200200.0,26.922510792327458
689,2017-07-20,9920.200195,9922.549805,9863.450195,9873.299805,9873.299805,161100.0,27.086857166910903
690,2017-07-21,9899.599609,9924.700195,9838.0,9915.25,9915.25,187500.0,27.4674007929126
692,2017-07-25,10010.549805,10011.299805,9949.099609,9964.549805,9964.549805,185500.0,28.077493969228247
693,2017-07-26,9983.650391,10025.950195,9965.950195,10020.650391,10020.650391,197600.0,28.92309394565285
694,2017-07-27,10063.25,10114.849609,10005.5,10020.549805,10020.549805,287900.0,29.67074863614127
695,2017-07-28,9996.549805,10026.049805,9944.5,10014.5,10014.5,191600.0,30.277133906815664
696,2017-07-31,10034.700195,10085.900391,10016.950195,10077.099609,10077.099609,237700.0,31.147846932432564
697,2017-08-01,10101.049805,10128.599609,10065.75,10114.650391,10114.650391,184300.0,32.117626218433124
698,2017-08-02,10136.299805,10137.849609,10054.200195,10081.5,10081.5,161500.0,32.65026651874787
699,2017-08-03,10081.150391,10081.150391,9998.25,10013.650391,10013.650391,192700.0,32.446913598542054
700,2017-08-04,10008.599609,10075.25,9988.349609,10066.400391,10066.400391,178600.0,32.53347796623604
701,2017-08-07,10074.799805,10088.099609,10046.349609,10057.400391,10057.400391,137400.0,32.52118415206645
702,2017-08-08,10068.349609,10083.799805,9947.0,9978.549805,9978.549805,203300.0,31.733499109728218
703,2017-08-09,9961.150391,9969.799805,9893.049805,9908.049805,9908.049805,169200.0,30.352544344975886
704,2017-08-10,9872.849609,9892.650391,9776.200195,9820.25,9820.25,235500.0,28.302749620928157
705,2017-08-11,9712.150391,9771.650391,9685.549805,9710.799805,9710.799805,285900.0,25.50220292852114
706,2017-08-14,9755.75,9818.299805,9752.099609,9794.150391,9794.150391,195600.0,23.514546489729764
707,2017-08-16,9825.849609,9903.950195,9773.849609,9897.299805,9897.299805,219500.0,22.348464966313987
708,2017-08-17,9945.549805,9947.799805,9883.75,9904.150391,9904.150391,197600.0,21.376327778646036
709,2017-08-18,9865.950195,9865.950195,9783.650391,9837.400391,9837.400391,246300.0,19.981911326341237
710,2017-08-21,9864.25,9884.349609,9740.099609,9754.349609,9754.349609,205300.0,18.106024137325335
711,2017-08-22,9815.75,9828.450195,9752.599609,9765.549805,9765.549805,183600.0,16.535171078889636
712,2017-08-23,9803.049805,9857.900391,9786.75,9852.5,9852.5,168600.0,15.639729749981349
713,2017-08-24,9881.200195,9881.5,9848.849609,9857.049805,9857.049805,184700.0,14.882338042920972
714,2017-08-28,9907.150391,9925.75,9882.0,9912.799805,9912.799805,159600.0,14.522242109051053
715,2017-08-29,9886.400391,9887.349609,9783.75,9796.049805,9796.049805,173300.0,13.360813398072127
716,2017-08-30,9859.5,9909.450195,9850.799805,9884.400391,9884.400391,157800.0,12.82878941531125
717,2017-08-31,9905.700195,9925.099609,9856.950195,9917.900391,9917.900391,327700.0,12.54594699670078
718,2017-09-01,9937.650391,9983.450195,9909.849609,9974.400391,9974.400391,157800.0,12.600767224776824
719,2017-09-04,9984.150391,9988.400391,9861.0,9912.849609,9912.849609,148800.0,12.229898041765772
720,2017-09-05,9933.25,9963.099609,9901.049805,9952.200195,9952.200195,139200.0,12.11203133127298
721,2017-09-06,9899.25,9931.549805,9882.549805,9916.200195,9916.200195,149200.0,11.768623986831727
722,2017-09-07,9945.849609,9964.849609,9917.200195,9929.900391,9929.900391,188800.0,11.537202671843675
723,2017-09-08,9958.650391,9963.599609,9913.299805,9934.799805,9934.799805,163600.0,11.357481051037318
724,2017-09-11,9971.75,10028.650391,9968.799805,10006.049805,10006.049805,173000.0,11.569669974965766
725,2017-09-12,10056.849609,10097.549805,10028.049805,10093.049805,10093.049805,182600.0,12.208393923495665
726,2017-09-13,10099.25,10131.950195,10063.150391,10079.299805,10079.299805,215000.0,12.684239720583548
727,2017-09-14,10107.400391,10126.5,10070.349609,10086.599609,10086.599609,225600.0,13.145324879922363
728,2017-09-15,10062.349609,10115.150391,10043.650391,10085.400391,10085.400391,266600.0,13.550223200804872
729,2017-09-18,10133.099609,10171.700195,10131.299805,10153.099609,10153.099609,156100.0,14.256635719453525
730,2017-09-19,10175.599609,10178.950195,10129.950195,10147.549805,10147.549805,187500.0,14.85303869979312
731,2017-09-20,10160.950195,10171.049805,10134.200195,10141.150391,10141.150391,199400.0,15.346876016567194
732,2017-09-21,10139.599609,10158.900391,10058.599609,10121.900391,10121.900391,191800.0,15.660828572371898
733,2017-09-22,10094.349609,10095.049805,9952.799805,9964.400391,9964.400391,226600.0,14.857677772983733
734,2017-09-25,9960.099609,9960.5,9816.049805,9872.599609,9872.599609,221400.0,13.517544090715214
735,2017-09-26,9875.25,9891.349609,9813.0,9871.5,9871.5,190900.0,12.317993154263924
736,2017-09-27,9920.599609,9921.049805,9714.400391,9735.75,9735.75,200100.0,10.353409646202136
737,2017-09-28,9736.400391,9789.200195,9687.549805,9768.950195,9768.950195,385000.0,8.791260737914584
738,2017-09-29,9814.299805,9854.0,9775.349609,9788.599609,9788.599609,196300.0,7.510343181714746
739,2017-10-03,9893.299805,9895.400391,9831.049805,9859.5,9859.5,162800.0,6.756167567922963
740,2017-10-04,9884.349609,9938.299805,9850.650391,9914.900391,9914.900391,156200.0,6.388237329296595
741,2017-10-05,9927.0,9945.950195,9881.849609,9888.700195,9888.700195,147800.0,5.899368276072232
742,2017-10-06,9908.150391,9989.349609,9906.599609,9979.700195,9979.700195,195800.0,5.961349297378353
743,2017-10-09,9988.200195,10015.75,9959.450195,9988.75,9988.75,143900.0,6.065584022825935
744,2017-10-10,10013.700195,10034.0,10002.299805,10016.950195,10016.950195,148600.0,6.311623705106611
745,2017-10-11,10042.599609,10067.25,9955.799805,9984.799805,9984.799805,189700.0,6.33368587226118
746,2017-10-12,10011.200195,10104.450195,9977.099609,10096.400391,10096.400391,200900.0,6.956179123617426
747,2017-10-13,10123.700195,10191.900391,10120.099609,10167.450195,10167.450195,230100.0,7.887697856926053
748,2017-10-16,10207.400391,10242.950195,10175.099609,10230.849609,10230.849609,203000.0,9.046178557977958
749,2017-10-17,10227.650391,10251.849609,10212.599609,10234.450195,10234.450195,195700.0,10.09303060077541
750,2017-10-18,10209.400391,10236.450195,10175.75,10210.849609,10210.849609,254200.0,10.878048552736567
751,2017-10-19,10210.349609,10211.950195,10123.349609,10146.549805,10146.549805,30200.0,11.171700261446475
752,2017-10-23,10176.650391,10224.150391,10124.5,10184.849609,10184.849609,218100.0,11.627646675917445
753,2017-10-24,10218.549805,10237.75,10182.400391,10207.700195,10207.700195,217200.0,12.150490208454347
754,2017-10-25,10321.150391,10340.549805,10240.900391,10295.349609,10295.349609,594200.0,13.05659508223605
755,2017-10-26,10291.799805,10355.650391,10271.849609,10343.799805,10343.799805,429700.0,14.103914178270255
756,2017-10-27,10362.299805,10366.150391,10311.299805,10323.049805,10323.049805,312700.0,14.90366675710108
757,2017-10-30,10353.849609,10384.5,10344.299805,10363.650391,10363.650391,236900.0,15.81612474261962
758,2017-10-31,10364.900391,10367.700195,10323.950195,10335.299805,10335.299805,232600.0,16.445512859879575
759,2017-11-01,10390.349609,10451.650391,10383.049805,10440.5,10440.5,260300.0,17.50980838996625
760,2017-11-02,10440.5,10453.0,10412.549805,10423.799805,10423.799805,201500.0,18.34703879370104
761,2017-11-03,10461.549805,10461.700195,10403.599609,10452.5,10452.5,199900.0,19.230221194996123
762,2017-11-06,10431.75,10490.450195,10413.75,10451.799805,10451.799805,193600.0,20.01845782716731
763,2017-11-07,10477.150391,10485.75,10340.799805,10350.150391,10350.150391,286900.0,20.02407701082959
764,2017-11-08,10361.950195,10384.25,10285.5,10303.150391,10303.150391,274500.0,19.704560946984035
765,2017-11-09,10358.650391,10368.450195,10266.950195,10308.950195,10308.950195,240200.0,19.445153440753195
766,2017-11-10,10304.349609,10344.950195,10254.099609,10321.75,10321.75,279400.0,19.271552757295066
767,2017-11-13,10322.0,10334.150391,10216.25,10224.950195,10224.950195,210300.0,18.44551977175513
768,2017-11-14,10223.400391,10248.0,10175.549805,10186.599609,10186.599609,305000.0,17.441722337470612
769,2017-11-15,10171.950195,10175.450195,10094.0,10118.049805,10118.049805,207400.0,16.075587307498
770,2017-11-16,10152.900391,10232.25,10139.200195,10214.75,10214.75,182600.0,15.329433813034438
771,2017-11-17,10324.549805,10343.599609,10268.049805,10283.599609,10283.599609,203300.0,15.004266971367697
772,2017-11-20,10287.200195,10309.849609,10261.5,10298.75,10298.75,147200.0,14.789687709288216
773,2017-11-21,10329.25,10358.700195,10315.049805,10326.900391,10326.900391,186100.0,14.736795983974623
774,2017-11-22,10350.799805,10368.700195,10309.549805,10342.299805,10342.299805,157600.0,14.765398554050027
775,2017-11-23,10358.450195,10374.299805,10307.299805,10348.75,10348.75,153000.0,14.822996403427888
776,2017-11-24,10366.799805,10404.5,10362.25,10389.700195,10389.700195,129200.0,15.078093085419944
777,2017-11-27,10361.049805,10407.150391,10340.200195,10399.549805,10399.549805,141900.0,15.357093322843859
778,2017-11-28,10387.900391,10409.549805,10355.200195,10370.25,10370.25,196000.0,15.409862140733019
779,2017-11-29,10376.650391,10392.950195,10345.900391,10361.299805,10361.299805,152500.0,15.3962497721747
780,2017-11-30,10332.700195,10332.700195,10211.25,10226.549805,10226.549805,342500.0,14.458259626222162
781,2017-12-01,10263.700195,10272.700195,10108.549805,10121.799805,10121.799805,143400.0,12.908597697580305
782,2017-12-04,10175.049805,10179.200195,10095.700195,10127.75,10127.75,148600.0,11.557593356899952
783,2017-12-05,10118.25,10147.950195,10069.099609,10118.25,10118.25,155500.0,10.284031780372898
784,2017-12-06,10088.799805,10104.200195,10033.349609,10044.099609,10044.099609,166100.0,8.65492753770942
785,2017-12-07,10063.450195,10182.650391,10061.900391,10166.700195,10166.700195,166200.0,7.870445866456328
786,2017-12-08,10198.450195,10270.849609,10195.25,10265.650391,10265.650391,200000.0,7.715575903873884
787,2017-12-11,10310.5,10329.200195,10282.049805,10322.25,10322.25,147400.0,7.885547975498837
788,2017-12-12,10324.900391,10326.099609,10230.200195,10240.150391,10240.150391,175100.0,7.5194829440052455
789,2017-12-13,10236.599609,10296.549805,10169.849609,10192.950195,10192.950195,181600.0,6.903915413790098
790,2017-12-14,10229.299805,10276.099609,10141.549805,10252.099609,10252.099609,154300.0,6.678002062776679
791,2017-12-15,10345.650391,10373.099609,10319.650391,10333.25,10333.25,255100.0,6.910774338087894
792,2017-12-18,10263.099609,10443.549805,10074.799805,10388.75,10388.75,230400.0,7.407688363411198
793,2017-12-19,10414.799805,10472.200195,10406.0,10463.200195,10463.200195,169100.0,8.231383829465575
794,2017-12-20,10494.400391,10494.450195,10437.150391,10444.200195,10444.200195,175200.0,8.842235624378787
795,2017-12-21,10473.950195,10473.950195,10426.900391,10440.299805,10440.299805,151900.0,9.359796116660211
796,2017-12-22,10457.299805,10501.099609,10448.25,10493.0,10493.0,138800.0,10.085179910794926
797,2017-12-26,10512.299805,10545.450195,10477.950195,10531.5,10531.5,155600.0,10.922545537435921
798,2017-12-27,10531.049805,10552.400391,10469.25,10490.75,10490.75,165200.0,11.418016427666837
799,2017-12-28,10498.200195,10534.549805,10460.450195,10477.900391,10477.900391,272900.0,11.781196293744241
800,2017-12-29,10492.349609,10538.700195,10488.650391,10530.700195,10530.700195,152000.0,12.365080990037159
802,2018-01-02,10477.549805,10495.200195,10404.650391,10442.200195,10442.200195,153400.0,12.334386554749425
803,2018-01-03,10482.650391,10503.599609,10429.549805,10443.200195,10443.200195,167300.0,12.31184473328436
804,2018-01-04,10469.400391,10513.0,10441.450195,10504.799805,10504.799805,174900.0,12.592154493528643
805,2018-01-05,10534.25,10566.099609,10520.099609,10558.849609,10558.849609,180900.0,13.105632613104037
806,2018-01-08,10591.700195,10631.200195,10588.549805,10623.599609,10623.599609,169000.0,13.877008750908429
807,2018-01-09,10645.099609,10659.150391,10603.599609,10637.0,10637.0,205000.0,14.630759726436384
808,2018-01-10,10652.049805,10655.5,10592.700195,10632.200195,10632.200195,176400.0,15.276648521595416
809,2018-01-11,10637.049805,10664.599609,10612.349609,10651.200195,10651.200195,153800.0,15.949069214346878
810,2018-01-12,10682.549805,10690.400391,10597.099609,10681.25,10681.25,175200.0,16.6988030486524
811,2018-01-15,10718.5,10782.650391,10713.799805,10741.549805,10741.549805,175900.0,17.660296868808054
812,2018-01-16,10761.5,10762.349609,10687.849609,10700.450195,10700.450195,211000.0,18.250575115113634
813,2018-01-17,10702.450195,10803.0,10666.75,10788.549805,10788.549805,252700.0,19.192317348403847
814,2018-01-18,10873.400391,10887.5,10782.400391,10817.0,10817.0,312000.0,20.168464743812777
815,2018-01-19,10829.200195,10906.849609,10793.900391,10894.700195,10894.700195,207600.0,21.398422763080198
816,2018-01-22,10883.200195,10975.099609,10881.400391,10966.200195,10966.200195,231600.0,22.818329439896498
817,2018-01-23,10997.400391,11092.900391,10994.549805,11083.700195,11083.700195,284600.0,24.59621594305211
818,2018-01-24,11069.349609,11110.099609,11046.150391,11086.0,11086.0,283400.0,26.18364712157286
819,2018-01-25,11095.599609,11095.599609,11009.200195,11069.650391,11069.650391,330300.0,27.481945261840412
820,2018-01-29,11079.349609,11171.549805,11075.950195,11130.400391,11130.400391,241700.0,28.89207349133297
821,2018-01-30,11120.849609,11121.099609,11033.900391,11049.650391,11049.650391,228000.0,29.556779852727644
822,2018-01-31,11018.799805,11058.5,10979.299805,11027.700195,11027.700195,245900.0,29.987281479749445
823,2018-02-01,11044.549805,11117.349609,10878.799805,11016.900391,11016.900391,306200.0,30.292328705702694
824,2018-02-02,10938.200195,10954.950195,10736.099609,10760.599609,10760.599609,282700.0,28.682047983769404
825,2018-02-05,10604.299805,10702.75,10586.799805,10666.549805,10666.549805,240100.0,26.60154589892338
826,2018-02-06,10295.150391,10594.150391,10276.299805,10498.25,10498.25,266500.0,23.6293773437544
827,2018-02-07,10607.200195,10614.0,10446.400391,10476.700195,10476.700195,250400.0,20.909825572750876
828,2018-02-08,10518.5,10637.799805,10479.549805,10576.849609,10576.849609,232200.0,18.969103457198617
829,2018-02-09,10416.5,10480.200195,10398.200195,10454.950195,10454.950195,191600.0,16.52831258272147
830,2018-02-12,10518.200195,10555.5,10485.400391,10539.75,10539.75,217400.0,14.783084467556812
831,2018-02-14,10585.75,10590.549805,10456.650391,10500.900391,10500.900391,229200.0,13.042773018618337
832,2018-02-15,10537.900391,10618.099609,10511.049805,10545.5,10545.5,210600.0,11.721750582246125
833,2018-02-16,10596.200195,10612.900391,10434.049805,10452.299805,10452.299805,184300.0,10.051359911665095
834,2018-02-19,10488.900391,10489.349609,10302.75,10378.400391,10378.400391,187300.0,8.194319437576514
835,2018-02-20,10391.0,10429.349609,10347.650391,10360.400391,10360.400391,187700.0,6.473450378003344
836,2018-02-21,10426.0,10426.099609,10349.599609,10397.450195,10397.450195,234100.0,5.12707632073657
837,2018-02-22,10354.349609,10397.549805,10340.650391,10382.700195,10382.700195,313600.0,3.8619826869523637
838,2018-02-23,10408.099609,10499.099609,10396.650391,10491.049805,10491.049805,210600.0,3.2429841134653725
839,2018-02-26,10526.549805,10592.950195,10520.200195,10582.599609,10582.599609,171900.0,3.119552199460193
840,2018-02-27,10615.200195,10631.650391,10537.25,10554.299805,10554.299805,187500.0,2.8720298193714937
841,2018-02-28,10488.950195,10535.5,10461.549805,10492.849609,10492.849609,286000.0,2.3540962984055946
842,2018-03-01,10479.950195,10525.5,10447.150391,10458.349609,10458.349609,176000.0,1.7283008721564301
843,2018-03-05,10428.299805,10428.700195,10323.900391,10358.849609,10358.849609,194000.0,0.6981666908490032
844,2018-03-06,10420.5,10441.349609,10215.900391,10249.25,10249.25,222900.0,-0.7269897634321161
845,2018-03-07,10232.950195,10243.349609,10141.549805,10154.200195,10154.200195,249500.0,-2.4196999502192345
846,2018-03-08,10216.25,10270.349609,10146.400391,10242.650391,10242.650391,226400.0,-3.4922719509767886
847,2018-03-09,10271.299805,10296.700195,10211.900391,10226.849609,10226.849609,186500.0,-4.507776588130418
848,2018-03-12,10301.599609,10433.650391,10295.450195,10421.400391,10421.400391,216400.0,-4.480193609079818
849,2018-03-13,10389.5,10478.599609,10377.849609,10426.849609,10426.849609,266700.0,-4.430377278637457
850,2018-03-14,10393.049805,10420.349609,10336.299805,10410.900391,10410.900391,181400.0,-4.45465451345435
851,2018-03-15,10405.450195,10420.0,10346.200195,10360.150391,10360.150391,173900.0,-4.692752090009378
852,2018-03-16,10345.150391,10346.299805,10180.25,10195.150391,10195.150391,328500.0,-5.600424981051011
853,2018-03-19,10215.349609,10224.549805,10075.299805,10094.25,10094.25,210200.0,-6.817295707583983
854,2018-03-20,10051.549805,10155.650391,10049.099609,10124.349609,10124.349609,203000.0,-7.748094793000397
855,2018-03-21,10181.950195,10227.299805,10132.950195,10155.25,10155.25,204800.0,-8.426185747661558
856,2018-03-22,10167.5,10207.849609,10105.400391,10114.75,10114.75,230500.0,-9.18904984258693
857,2018-03-23,9968.799805,10027.700195,9951.900391,9998.049805,9998.049805,285700.0,-10.32399490908354
858,2018-03-26,9989.150391,10143.5,9958.549805,10130.650391,10130.650391,262600.0,-10.69739290928909
859,2018-03-27,10188.0,10207.900391,10139.650391,10184.150391,10184.150391,225700.0,-10.77361504238587
860,2018-03-28,10143.599609,10158.349609,10096.900391,10113.700195,10113.700195,344400.0,-11.108023479368155
861,2018-04-02,10151.650391,10220.099609,10127.75,10211.799805,10211.799805,225400.0,-10.942898646753825
862,2018-04-03,10186.849609,10255.349609,10171.049805,10245.0,10245.0,205300.0,-10.642057837971349
863,2018-04-04,10274.599609,10279.849609,10111.299805,10128.400391,10128.400391,231100.0,-10.8117662295556
864,2018-04-05,10228.450195,10331.799805,10227.450195,10325.150391,10325.150391,236800.0,-10.058789528809312
865,2018-04-06,10322.75,10350.450195,10290.849609,10331.599609,10331.599609,200200.0,-9.368981230427133
866,2018-04-09,10333.700195,10397.700195,10328.5,10379.349609,10379.349609,221600.0,-8.547135328075765
867,2018-04-10,10412.900391,10424.849609,10381.5,10402.25,10402.25,251700.0,-7.718100231934763
868,2018-04-11,10428.150391,10428.150391,10355.599609,10417.150391,10417.150391,250400.0,-6.915044424755738
869,2018-04-12,10410.650391,10469.900391,10395.25,10458.650391,10458.650391,238600.0,-6.017091207126408
870,2018-04-13,10495.299805,10519.900391,10451.450195,10480.599609,10480.599609,213100.0,-5.117834646870199
871,2018-04-16,10398.299805,10540.150391,10396.349609,10528.349609,10528.349609,195000.0,-4.104924778535856
872,2018-04-17,10557.299805,10560.450195,10495.650391,10548.700195,10548.700195,206100.0,-3.106494546026417
873,2018-04-18,10578.900391,10594.200195,10509.700195,10526.200195,10526.200195,205400.0,-2.295903862600587
874,2018-04-19,10563.650391,10572.200195,10546.200195,10565.299805,10565.299805,262600.0,-1.3964448031142713
875,2018-04-20,10560.349609,10582.349609,10527.450195,10564.049805,10564.049805,244600.0,-0.5864200451061427
876,2018-04-23,10592.799805,10638.349609,10514.950195,10584.700195,10584.700195,194200.0,0.2381581884335556
877,2018-04-24,10578.099609,10636.799805,10569.0,10614.349609,10614.349609,219200.0,1.1158212192408412
878,2018-04-25,10612.400391,10612.599609,10536.450195,10570.549805,10570.549805,189200.0,1.7236061208323143
879,2018-04-26,10586.5,10628.400391,10559.650391,10617.799805,10617.799805,335100.0,2.480106645214958
881,2018-04-30,10705.75,10759.0,10704.599609,10739.349609,10739.349609,173800.0,3.6878497108204176
882,2018-05-02,10783.849609,10784.650391,10689.799805,10718.049805,10718.049805,229700.0,4.683013431287826
883,2018-05-03,10720.150391,10720.599609,10647.450195,10679.650391,10679.650391,185200.0,5.40549713914188
884,2018-05-04,10700.450195,10700.450195,10601.599609,10618.25,10618.25,186500.0,5.7690091136427775
885,2018-05-07,10653.150391,10725.650391,10635.650391,10715.5,10715.5,168400.0,6.51131162640006
886,2018-05-08,10757.900391,10758.549805,10689.400391,10717.799805,10717.799805,269800.0,7.1914158072569085
887,2018-05-09,10693.349609,10766.25,10689.849609,10741.700195,10741.700195,215400.0,7.9091962342483
888,2018-05-10,10779.650391,10785.549805,10705.0,10716.549805,10716.549805,192100.0,8.435149016703505
889,2018-05-11,10741.950195,10812.049805,10724.450195,10806.5,10806.5,203100.0,9.294959218476356
890,2018-05-14,10815.150391,10834.849609,10774.75,10806.599609,10806.599609,171400.0,10.074451155509562
891,2018-05-15,10812.599609,10929.200195,10781.400391,10801.849609,10801.849609,254300.0,10.758671228135693
892,2018-05-16,10751.950195,10790.450195,10699.700195,10741.099609,10741.099609,231100.0,11.05960187340241
893,2018-05-17,10775.599609,10777.25,10664.5,10682.700195,10682.700195,214100.0,11.020240294107536
894,2018-05-18,10671.849609,10674.950195,10589.099609,10596.400391,10596.400391,223000.0,10.520024647099909
896,2018-05-22,10518.450195,10558.599609,10490.549805,10536.700195,10536.700195,241700.0,9.746940818426063
897,2018-05-23,10521.099609,10533.549805,10417.799805,10430.349609,10430.349609,290900.0,8.481665843781332
898,2018-05-24,10464.849609,10535.150391,10419.799805,10513.849609,10513.849609,297600.0,7.722364837335312
899,2018-05-25,10533.049805,10628.049805,10524.0,10605.150391,10605.150391,260800.0,7.456067575657495
900,2018-05-28,10648.349609,10709.799805,10640.549805,10688.650391,10688.650391,232600.0,7.5954109907537815
901,2018-05-29,10689.400391,10717.25,10616.099609,10633.299805,10633.299805,225800.0,7.429900204383383
902,2018-05-30,10579.0,10648.700195,10558.450195,10614.349609,10614.349609,238700.0,7.183525515520292
903,2018-05-31,10670.099609,10763.799805,10620.400391,10736.150391,10736.150391,610300.0,7.511776601256728
904,2018-06-01,10738.450195,10764.75,10681.5,10696.200195,10696.200195,220600.0,7.595733376725051
905,2018-06-04,10765.950195,10770.299805,10618.349609,10628.5,10628.5,203800.0,7.319127512018777
906,2018-06-05,10630.700195,10633.150391,10550.900391,10593.150391,10593.150391,167700.0,6.8902563416612645
907,2018-06-06,10603.450195,10698.349609,10587.5,10684.650391,10684.650391,189900.0,6.918038392355888
908,2018-06-07,10722.599609,10818.0,10722.599609,10768.349609,10768.349609,220900.0,7.315660661126838
909,2018-06-08,10736.400391,10779.450195,10709.049805,10767.650391,10767.650391,209400.0,7.665654802373243
910,2018-06-11,10781.849609,10850.549805,10777.049805,10786.950195,10786.950195,211400.0,8.06382922420184
911,2018-06-12,10816.150391,10856.549805,10789.400391,10842.849609,10842.849609,198300.0,8.666891093474742
912,2018-06-13,10887.5,10893.25,10842.650391,10856.700195,10856.700195,213400.0,9.268711565570985
913,2018-06-14,10832.900391,10833.700195,10773.549805,10808.049805,10808.049805,184300.0,9.552859751307892
914,2018-06-15,10808.650391,10834.0,10755.400391,10817.700195,10817.700195,305400.0,9.851137931360226
915,2018-06-18,10830.200195,10830.200195,10787.349609,10799.849609,10799.849609,196600.0,10.024804491445336
916,2018-06-19,10789.450195,10789.450195,10701.200195,10710.450195,10710.450195,224500.0,9.698730502699691
917,2018-06-20,10734.650391,10781.799805,10724.049805,10772.049805,10772.049805,193500.0,9.679317002779362
918,2018-06-21,10808.450195,10809.599609,10725.900391,10741.099609,10741.099609,223600.0,9.49386149573212
919,2018-06-22,10742.700195,10837.0,10710.450195,10821.849609,10821.849609,229800.0,9.68972856185986
920,2018-06-25,10822.900391,10831.049805,10753.049805,10762.450195,10762.450195,229600.0,9.541451591804135
921,2018-06-26,10742.700195,10805.25,10732.549805,10769.150391,10769.150391,220000.0,9.438449740429949
922,2018-06-27,10785.5,10785.5,10652.400391,10671.400391,10671.400391,246000.0,8.810539279290541
923,2018-06-28,10660.799805,10674.200195,10557.700195,10589.099609,10589.099609,352300.0,7.800438046535375
924,2018-06-29,10612.849609,10723.049805,10612.349609,10714.299805,10714.299805,242800.0,7.477229387723453
925,2018-07-02,10732.349609,10736.150391,10604.650391,10657.299805,10657.299805,295400.0,6.885710169479796
926,2018-07-03,10668.599609,10713.299805,10630.25,10699.900391,10699.900391,202100.0,6.557157056954612
927,2018-07-04,10715.0,10777.150391,10677.75,10769.900391,10769.900391,173900.0,6.589041384755312
928,2018-07-05,10786.049805,10786.049805,10726.25,10749.75,10749.75,220500.0,6.511126716745844
930,2018-07-09,10838.299805,10860.349609,10807.150391,10852.900391,10852.900391,183600.0,6.917697870430095
931,2018-07-10,10902.75,10956.900391,10876.650391,10947.25,10947.25,197000.0,7.709582479427297
932,2018-07-11,10956.400391,10976.650391,10923.0,10948.299805,10948.299805,222300.0,8.417385304584322
933,2018-07-12,11006.950195,11078.299805,10999.650391,11023.200195,11023.200195,248300.0,9.38321237532518
935,2018-07-16,11018.950195,11019.5,10926.25,10936.849609,10936.849609,210500.0,9.779943750178036
936,2018-07-17,10939.650391,11018.5,10925.599609,11008.049805,11008.049805,210600.0,10.444120234460108
937,2018-07-18,11060.200195,11076.200195,10956.299805,10980.450195,10980.450195,225500.0,10.88590994571064
938,2018-07-19,10999.5,11006.5,10935.450195,10957.099609,10957.099609,215400.0,11.153935807760393
939,2018-07-20,10963.5,11030.25,10946.200195,11010.200195,11010.200195,187300.0,11.622307537754908
940,2018-07-23,11019.849609,11093.400391,11010.950195,11084.75,11084.75,229100.0,12.359861717390176
941,2018-07-24,11109.0,11143.400391,11092.5,11134.299805,11134.299805,205800.0,13.228280972922313
942,2018-07-25,11148.400391,11157.150391,11113.25,11132.0,11132.0,205900.0,13.992567290184654
943,2018-07-26,11132.950195,11185.849609,11125.700195,11167.299805,11167.299805,365400.0,14.826763297877077
944,2018-07-27,11232.75,11283.400391,11210.25,11278.349609,11278.349609,314600.0,16.035303524003663
945,2018-07-30,11296.650391,11328.099609,11261.450195,11319.549805,11319.549805,278800.0,17.284287551683434
946,2018-07-31,11311.049805,11366.0,11267.75,11356.5,11356.5,256500.0,18.551764864696345
947,2018-08-01,11359.799805,11390.549805,11313.549805,11346.200195,11346.200195,269700.0,19.62974664864422
948,2018-08-02,11328.900391,11328.900391,11234.950195,11244.700195,11244.700195,210000.0,20.00035189684969
949,2018-08-03,11297.799805,11368.0,11294.549805,11360.799805,11360.799805,218300.0,20.786488225807584
950,2018-08-06,11401.5,11427.650391,11370.599609,11387.099609,11387.099609,203700.0,21.5890005249839
951,2018-08-07,11423.150391,11428.950195,11359.700195,11389.450195,11389.450195,226400.0,22.316120361979667
952,2018-08-08,11412.5,11459.950195,11379.299805,11450.0,11450.0,210500.0,23.199761722280424
953,2018-08-09,11493.25,11495.200195,11454.099609,11470.700195,11470.700195,302200.0,24.071526108382947
955,2018-08-13,11369.599609,11406.299805,11340.299805,11355.75,11355.75,246900.0,24.147882863879147
956,2018-08-14,11381.700195,11452.450195,11370.799805,11435.099609,11435.099609,232600.0,24.513132642593963
957,2018-08-16,11397.150391,11449.849609,11366.25,11385.049805,11385.049805,290600.0,24.531247585872304
958,2018-08-17,11437.150391,11486.450195,11431.799805,11470.75,11470.75,234700.0,24.865807482343897
959,2018-08-20,11502.099609,11565.299805,11499.650391,11551.75,11551.75,232600.0,25.461705183291834
960,2018-08-21,11576.200195,11581.75,11539.599609,11570.900391,11570.900391,224200.0,26.06162873658854
961,2018-08-23,11620.700195,11620.700195,11546.700195,11582.75,11582.75,248500.0,26.640512867076506
962,2018-08-24,11566.599609,11604.599609,11532.0,11557.099609,11557.099609,218800.0,26.999523049889078
963,2018-08-27,11605.849609,11700.950195,11595.599609,11691.950195,11691.950195,199500.0,27.80440478950152
964,2018-08-28,11731.950195,11760.200195,11710.5,11738.5,11738.5,241900.0,28.686427640351532
965,2018-08-29,11744.950195,11753.200195,11678.849609,11691.900391,11691.900391,251600.0,29.17855396496027
966,2018-08-30,11694.75,11698.799805,11639.700195,11676.799805,11676.799805,313800.0,29.52262084867236
967,2018-08-31,11675.849609,11727.650391,11640.099609,11680.5,11680.5,346500.0,29.844501685904984
968,2018-09-03,11751.799805,11751.799805,11567.400391,11582.349609,11582.349609,234400.0,29.503093411186164
969,2018-09-04,11598.75,11602.549805,11496.849609,11520.299805,11520.299805,254800.0,28.799502438579733
970,2018-09-05,11514.849609,11542.650391,11393.849609,11476.950195,11476.950195,246100.0,27.892676637868814
971,2018-09-06,11514.150391,11562.25,11436.049805,11536.900391,11536.900391,247900.0,27.295444022034577
972,2018-09-07,11558.25,11603.0,11484.400391,11589.099609,11589.099609,295900.0,26.94961418674826
973,2018-09-10,11570.25,11573.0,11427.299805,11438.099609,11438.099609,286700.0,25.69198919031977
975,2018-09-12,11340.099609,11380.75,11250.200195,11369.900391,11369.900391,268200.0,24.154581431619242
976,2018-09-14,11443.5,11523.25,11430.549805,11515.200195,11515.200195,276600.0,23.337479877100183
977,2018-09-17,11464.950195,11464.950195,11366.900391,11377.75,11377.75,201400.0,21.80052137344804
978,2018-09-18,11381.549805,11411.450195,11268.950195,11278.900391,11278.900391,240900.0,19.8825746719008
979,2018-09-19,11326.650391,11332.049805,11210.900391,11234.349609,11234.349609,250600.0,17.953126261377005
980,2018-09-21,11271.299805,11346.799805,10866.450195,11143.099609,11143.099609,719000.0,15.759156187671069
982,2018-09-25,10969.950195,11080.599609,10882.849609,11067.450195,11067.450195,405000.0,13.431906821995426
