,Date,Close,MACD,MACDSig
0,2014-09-29,7958.899901999999,,
1,2014-09-30,7964.799805,,
2,2014-10-01,7945.549805,,
3,2014-10-07,7852.399901999999,,
4,2014-10-08,7842.700195,,
5,2014-10-09,7960.549805,,
6,2014-10-10,7859.950195,,
7,2014-10-13,7884.25,,
8,2014-10-14,7864.0,,
10,2014-10-16,7748.200195,,
11,2014-10-17,7779.700195,,
12,2014-10-20,7879.399901999999,,
13,2014-10-21,7927.75,,
14,2014-10-22,7995.899901999999,,
15,2014-10-27,7991.700195,,
16,2014-10-28,8027.600098000001,,
17,2014-10-29,8090.450195,,
18,2014-10-30,8169.200195,,
19,2014-10-31,8322.200195,,
20,2014-11-03,8324.150391,,
21,2014-11-05,8338.299805,,
22,2014-11-07,8337.0,,
23,2014-11-10,8344.25,,
24,2014-11-11,8362.650391,,
25,2014-11-12,8383.299805,,
26,2014-11-13,8357.849609,199.09888735989625,199.09888735989625
27,2014-11-14,8389.900391,194.93025134178333,198.26516015627368
28,2014-11-17,8430.75,192.70145687355398,197.15241949972975
29,2014-11-18,8425.900391,188.37235898678136,195.39640739714008
30,2014-11-19,8382.299805,179.35581265399105,192.1882884485103
31,2014-11-20,8401.900391,171.81120557668874,188.112871874146
32,2014-11-21,8477.349609,169.96096721610593,184.48249094253802
33,2014-11-24,8530.150391,170.78650134139025,181.74329302230848
34,2014-11-25,8463.099609,164.13822209092723,178.22227883603225
35,2014-11-26,8475.75,158.0680832469352,174.19143971821285
36,2014-11-27,8494.200195,152.98274120965652,169.9497000165016
37,2014-11-28,8588.25,154.75765435754693,166.91129088471067
38,2014-12-01,8555.900391,151.80404024426934,163.88984075662242
39,2014-12-02,8524.700195,145.27109001598365,160.16609060849467
40,2014-12-03,8537.650391,139.53023478850992,156.03891944449774
41,2014-12-04,8564.400391,135.57622872951106,151.94638130150042
42,2014-12-05,8538.299805,128.85123445844874,147.3273519328901
43,2014-12-08,8438.25,114.1327931411397,140.68844017454003
44,2014-12-09,8340.700195,93.51884136101216,131.25452041183448
45,2014-12-10,8355.650391,77.49517578557243,120.50265148658208
46,2014-12-11,8292.900391,59.0521879326152,108.21255877578871
47,2014-12-12,8224.099609,38.4412126981606,94.25828956026308
48,2014-12-15,8219.599609,21.49596187118732,79.70582402244793
49,2014-12-16,8067.600098000001,-4.150517139931253,62.934555789972094
50,2014-12-17,8029.799805,-27.212021024541173,44.905240427069444
51,2014-12-18,8159.299805,-34.63955801647535,28.996280738360486
52,2014-12-19,8225.200195,-34.80708941452758,16.23560670778287
53,2014-12-22,8324.0,-26.66021829431702,7.656441707362894
54,2014-12-23,8267.0,-24.520530456040433,1.2210472746822285
55,2014-12-24,8174.100098000001,-29.975518999202905,-5.018265980094799
56,2014-12-26,8200.700195,-31.78582400596133,-10.371777585268106
57,2014-12-29,8246.299805,-29.204346800364874,-14.138291428287461
58,2014-12-30,8248.25,-26.693437744123003,-16.64932069145457
59,2014-12-31,8282.700195,-21.67383887961296,-17.654224329086247
61,2015-01-02,8395.450195,-8.499807417338161,-15.82334094673663
62,2015-01-05,8378.400391,0.5584927815089031,-12.546974201087524
63,2015-01-06,8127.350098000001,-12.377716963343119,-12.513122753538642
64,2015-01-07,8102.100098000001,-24.38611243907326,-14.887720690645567
65,2015-01-08,8234.599609,-22.94673351619349,-16.49952325575515
66,2015-01-09,8284.5,-17.576855778710524,-16.714989760346224
67,2015-01-12,8323.0,-10.098155491183206,-15.391622906513621
68,2015-01-13,8299.400391,-6.006286120711593,-13.514555549353217
69,2015-01-14,8277.549805,-4.475024544180997,-11.706649348318773
70,2015-01-15,8494.150391,14.054358474972105,-6.554447783660597
71,2015-01-16,8513.799805,29.978992344964354,0.752240242064393
72,2015-01-19,8550.700195,45.05753725911745,9.613299645475005
73,2015-01-20,8695.599609,67.9166634538633,21.273972407152662
74,2015-01-21,8729.5,87.75656088332107,34.570490102386344
75,2015-01-22,8761.400391,104.8453258336558,48.62545724864024
76,2015-01-23,8835.599609,122.95816675105561,63.491999149123316
77,2015-01-27,8910.5,141.72286627607173,79.138172574513
78,2015-01-28,8914.299805,155.11259688654172,94.33305743691875
79,2015-01-29,8952.349609,166.87077364532706,108.84060067860042
80,2015-01-30,8808.900391,162.7381166940013,119.62010388168059
81,2015-02-02,8797.400391,156.72833570143666,127.04175024563182
82,2015-02-03,8756.549805,146.97500372490686,131.02840094148684
83,2015-02-04,8723.700195,135.0380937863174,131.83033951045294
84,2015-02-05,8711.700195,123.18965330695028,130.1022022697524
85,2015-02-06,8661.049805,108.46232947488897,125.77422771077974
86,2015-02-09,8526.349609,84.9424751737024,117.60787720336428
87,2015-02-10,8565.549805,68.67431464515175,107.82116469172179
88,2015-02-11,8627.400391,60.07994143737051,98.27292004085155
89,2015-02-12,8711.549805,59.374560224010565,90.49324807748336
90,2015-02-13,8805.5,65.63988041041921,85.52257454407054
91,2015-02-16,8809.349609,70.10766554324073,82.43959274390457
92,2015-02-18,8869.099609,77.57550101148445,81.46677439742055
93,2015-02-19,8895.299805,84.63236208761373,82.09989193545918
94,2015-02-20,8833.599609,84.27481752802669,82.53487705397269
95,2015-02-23,8754.950195,76.76026591549453,81.37995482627706
96,2015-02-24,8762.099609,70.56835946219508,79.21763575346067
97,2015-02-25,8767.25,65.32381027556767,76.43887065788206
98,2015-02-26,8683.849609,53.81737946239082,71.91457241878382
99,2015-02-27,8844.599609,57.012427919731635,68.93414351897339
101,2015-03-02,8956.75,67.81242667212427,68.70980014960357
102,2015-03-03,8996.25,78.65217012004359,70.69827414369158
103,2015-03-04,8922.650391,80.37733170322645,72.63408565559855
104,2015-03-05,8937.75,82.01750025183901,74.51076857484665
105,2015-03-09,8756.75,67.92911378420649,73.19443761671862
106,2015-03-10,8712.049805,52.551255682394185,69.06580122985373
107,2015-03-11,8699.950195,38.93899049513675,63.04043908291034
108,2015-03-12,8776.0,33.897012294348315,57.21175372519794
109,2015-03-13,8647.75,19.32968450405133,49.63533988096862
110,2015-03-16,8633.150391,6.531613471721357,41.01459459911918
111,2015-03-17,8723.299805,3.621606646143846,33.53599700852411
112,2015-03-18,8685.900391,-1.6830141390946665,26.49219477900036
113,2015-03-19,8634.650391,-9.908195504860487,19.212116722228195
114,2015-03-20,8570.900391,-21.324982096217354,11.104696958539087
115,2015-03-23,8550.900391,-31.62217977210821,2.5593216124096267
116,2015-03-24,8542.950195,-39.963621737299036,-5.9452670575321065
117,2015-03-25,8530.799805,-47.012775507892,-14.158768747604086
118,2015-03-26,8342.150391,-67.04881475826733,-24.736777949736734
119,2015-03-27,8341.400391,-82.04230631046084,-36.19788362188156
120,2015-03-30,8492.299805,-80.81682870251643,-45.12167263800853
121,2015-03-31,8491.0,-79.03939532076402,-51.90521717455964
122,2015-04-01,8586.25,-69.14779486132102,-55.35373271191192
123,2015-04-06,8659.900391,-54.734711517183314,-55.2299284729662
124,2015-04-07,8660.299805,-42.786790270156416,-52.74130083240425
125,2015-04-08,8714.400391,-28.622568298607803,-47.917554325644964
126,2015-04-09,8778.299805,-12.101671126612928,-40.754377685838556
127,2015-04-10,8780.349609,1.143479639211364,-32.374806220828575
128,2015-04-13,8834.0,15.787506676377234,-22.742343641387414
130,2015-04-16,8706.700195,16.925862427131506,-14.808702427683633
131,2015-04-17,8606.0,9.591785281118064,-9.928604885923294
132,2015-04-20,8448.099609,-8.85963723819441,-9.714811356377517
133,2015-04-21,8377.75,-28.826850046905747,-13.537219094483163
134,2015-04-22,8429.700195,-39.997991534679386,-18.829373582522408
135,2015-04-23,8398.299805,-50.79936721273771,-25.22337230856547
136,2015-04-24,8305.25,-66.10584978429142,-33.39986780371066
137,2015-04-27,8213.799805,-84.63993744252548,-43.64788173147363
138,2015-04-28,8285.599609,-92.46876890760905,-53.412059166700715
139,2015-04-29,8239.75,-101.20621229583594,-62.970889792527764
140,2015-04-30,8181.5,-111.54516409805365,-72.68574465363295
141,2015-05-04,8331.950195,-106.37258754311915,-79.4231132315302
142,2015-05-05,8324.799805,-101.67817733576885,-83.87412605237793
143,2015-05-06,8097.0,-115.01355916948887,-90.10201267580013
144,2015-05-07,8057.299805,-127.31777919112756,-97.54516597886563
145,2015-05-08,8191.5,-124.80149408909529,-102.99643160091156
146,2015-05-11,8325.25,-110.73829072893568,-104.5448034265164
147,2015-05-12,8126.950195,-114.27692449828282,-106.4912276408697
148,2015-05-13,8235.450195,-107.09178657400298,-106.61133942749636
149,2015-05-14,8224.200195,-101.1394216866156,-105.51695587932021
150,2015-05-15,8262.349609,-92.2800438439408,-102.86957347224434
151,2015-05-18,8373.650391,-75.4086165558765,-97.37738208897079
152,2015-05-19,8365.650391,-61.96908102755333,-90.29572187668731
153,2015-05-20,8423.25,-46.13848944236997,-81.46427538982385
154,2015-05-21,8421.0,-33.3892967252923,-71.84927965691755
155,2015-05-22,8458.950195,-19.99274218370192,-61.477972162274426
156,2015-05-25,8370.25,-16.344827631930457,-52.45134325620563
157,2015-05-26,8339.349609,-15.76549753431027,-45.114174111826564
158,2015-05-27,8334.599609,-15.510860021537155,-39.19351129376869
159,2015-05-28,8319.0,-16.379009012709503,-34.63061083755685
160,2015-05-29,8433.650391,-7.726627213625761,-29.249814112770633
161,2015-06-01,8433.400391,-0.8795858928206144,-23.57576846878063
162,2015-06-02,8236.450195,-11.216197805091724,-21.10385433604285
163,2015-06-03,8135.100098000001,-27.27177102632959,-22.3374376741002
164,2015-06-04,8130.649901999999,-39.89513581189931,-25.84897730166002
165,2015-06-05,8114.700195,-50.602932304162096,-30.799768302160437
166,2015-06-08,8044.149901999999,-64.04350355816496,-37.448515353361344
167,2015-06-09,8022.399901999999,-75.57906789041044,-45.074625860771164
168,2015-06-10,8124.450195,-75.61483916051293,-51.182668520719524
169,2015-06-11,7965.350098000001,-87.47290314523161,-58.44071544562195
170,2015-06-12,7982.899901999999,-94.36658255040857,-65.62588886657927
171,2015-06-15,8013.899901999999,-96.2192763003286,-71.74456635332913
172,2015-06-16,8047.299805,-93.90992129185724,-76.17763734103475
173,2015-06-17,8091.549805,-87.50048450411578,-78.44220677365097
174,2015-06-18,8174.600098000001,-74.85659487834528,-77.72508439458983
175,2015-06-19,8224.950195,-60.0808149848981,-74.19623051265148
176,2015-06-22,8353.099609,-37.596922327811626,-66.87636887568351
177,2015-06-23,8381.549805,-17.283350652569425,-56.9577652310607
178,2015-06-24,8360.849609,-2.822495594728025,-46.130711303794165
179,2015-06-25,8398.0,11.502963297822134,-34.6039763834709
180,2015-06-26,8381.099609,21.247346187452422,-23.43371186928624
181,2015-06-29,8318.400391,23.63805218716152,-14.019359057996688
182,2015-06-30,8368.5,29.23828293693805,-5.3678306590097415
183,2015-07-01,8453.049805,40.03744209488832,3.7132238917698706
184,2015-07-02,8444.900391,47.39195892695898,12.448970898807692
185,2015-07-03,8484.900391,55.80484865092512,21.12014644923118
186,2015-07-06,8522.150391,64.73170129903701,29.842457419192346
187,2015-07-07,8510.799805,70.08253111394879,37.89047215814364
188,2015-07-08,8363.049805,61.68979058587138,42.650335843689184
189,2015-07-09,8328.549805,51.65912731645585,44.452094138242515
190,2015-07-10,8360.549805,45.76434410176989,44.71454413094799
191,2015-07-13,8459.650391,48.5298530691598,45.477605918590356
192,2015-07-14,8454.099609,49.70071819097029,46.322228373066345
193,2015-07-15,8523.799805,55.61180230417449,48.18014315928797
194,2015-07-16,8608.049805,66.3300385489456,51.8101222372195
195,2015-07-17,8609.849609,74.11519332135504,56.27113645404661
196,2015-07-20,8603.450195,78.859561404337,60.7888214441047
197,2015-07-21,8529.450195,75.77484054166962,63.78602526361769
198,2015-07-22,8633.5,80.79477484537165,67.18777517996848
199,2015-07-23,8589.799805,80.32097819049159,69.8144157820731
200,2015-07-24,8521.549805,73.58998675785915,70.5695299772303
201,2015-07-27,8361.0,54.670393792030154,67.38970274019027
202,2015-07-28,8337.0,37.30979652487622,61.37372149712747
203,2015-07-29,8375.049805,26.31831819277795,54.36264083625757
204,2015-07-30,8421.799805,21.136181970274265,47.717349063060915
205,2015-07-31,8532.849609,25.69390938603101,43.312661127654934
206,2015-08-03,8543.049805,29.78566120879259,40.60726114388247
207,2015-08-04,8516.900391,30.566018799743688,38.599012675054716
208,2015-08-05,8567.950195,34.901428413169924,37.85949582267776
209,2015-08-06,8588.650391,39.551677467414265,38.19793215162506
210,2015-08-07,8564.599609,40.82572272111065,38.72349026552218
211,2015-08-10,8525.599609,38.24754481194395,38.62830117480654
212,2015-08-11,8462.349609,30.746151352488596,37.05187121034295
213,2015-08-12,8349.450195,15.512386683654768,32.74397430500532
214,2015-08-13,8355.849609,3.910816203131617,26.977342684630578
215,2015-08-14,8518.549805,7.755631989581161,23.133000545620696
216,2015-08-17,8477.299805,7.388970489053463,19.984194534307253
217,2015-08-18,8466.549805,6.15994543321176,17.219344714088155
218,2015-08-19,8495.150391,7.408363484239089,15.257148468118343
219,2015-08-20,8372.75,-1.4620907548069226,11.91330062353329
220,2015-08-21,8299.950195,-14.202606688477317,6.69011916113117
221,2015-08-24,7809.0,-63.1867574434782,-7.285256159790705
222,2015-08-25,7880.700195,-95.12490265103224,-24.853185458039015
223,2015-08-26,7791.850098000001,-126.15137854126806,-45.11282407468482
224,2015-08-27,7948.950195,-136.49004703029823,-63.38826866580751
225,2015-08-28,8001.950195,-138.80678106552023,-78.47197114575006
226,2015-08-31,7971.299805,-141.48508777612915,-91.07459447182589
227,2015-09-01,7785.850098000001,-156.76481937246172,-104.21263945195307
228,2015-09-02,7717.0,-172.44194089810753,-117.85849974118396
229,2015-09-03,7823.0,-174.30359518859314,-129.1475188306658
230,2015-09-04,7655.049805,-187.1735268385337,-140.75272043223939
231,2015-09-07,7558.799805,-202.80183765442962,-153.16254387667743
232,2015-09-08,7688.25,-202.4085973802239,-163.01175457738674
233,2015-09-09,7818.600098000001,-189.39555404994644,-168.2885144718987
234,2015-09-10,7788.100098000001,-179.47484427209292,-170.52578043193756
235,2015-09-11,7789.299805,-169.56120791312424,-170.33286592817493
236,2015-09-14,7872.25,-153.24468286933916,-166.9152293164078
237,2015-09-15,7829.100098000001,-142.15685989920166,-161.9635554329666
238,2015-09-16,7899.149901999999,-126.26177936249314,-154.8232002188719
239,2015-09-18,7981.899901999999,-105.7683484079489,-145.0122298566873
240,2015-09-21,7977.100098000001,-88.88979457851474,-133.7877428010528
241,2015-09-22,7812.0,-87.82324546908967,-124.59484333466017
242,2015-09-23,7845.950195,-83.27851769994959,-116.33157820771805
243,2015-09-24,7868.5,-76.96994577028181,-108.45925172023081
244,2015-09-28,7795.700195,-76.95757390777453,-102.15891615773955
245,2015-09-29,7843.299805,-72.2737515778017,-96.18188324175199
246,2015-09-30,7948.899901999999,-59.35651834972941,-88.81681026334749
247,2015-10-01,7950.899901999999,-48.40020720693974,-80.73348965206594
248,2015-10-05,8119.299805,-25.831022941712945,-69.75299630999535
249,2015-10-06,8152.899901999999,-5.173893367057644,-56.83717572140782
250,2015-10-07,8177.399901999999,13.023845112996241,-42.86497155452701
251,2015-10-08,8129.350098000001,23.29987984109448,-29.632001275402715
252,2015-10-09,8189.700195,35.89963125665781,-16.525674768990612
253,2015-10-12,8143.600098000001,41.684618146267894,-4.8836161859389104
254,2015-10-13,8131.700195,44.792696887173406,5.0516464286835525
255,2015-10-14,8107.899901999999,44.81874435782902,13.005066014512646
256,2015-10-15,8179.5,50.04008572819748,20.412069957249614
257,2015-10-16,8238.150391,58.239286531441394,27.977513272087972
258,2015-10-19,8275.049805,66.9430092287812,35.770612463426616
259,2015-10-20,8261.650391,71.930382769674,43.0025665246761
260,2015-10-21,8251.700195,74.22440187128905,49.24693359399869
261,2015-10-23,8295.450195,78.66587664467534,55.130722204134024
262,2015-10-26,8260.549805,78.46511065066625,59.79759989344047
263,2015-10-27,8232.900391,75.20797480179044,62.87967487511047
264,2015-10-28,8171.200195,66.87706384552803,63.67915266919398
265,2015-10-29,8111.75,54.845399377281865,61.91240201081156
266,2015-10-30,8065.799805,41.12832021410031,57.75558565146932
267,2015-11-02,8050.799805,28.71604086728712,51.94767669463288
268,2015-11-03,8060.700195,19.453846953206266,45.448910746347565
269,2015-11-04,8040.200195,10.340118422763226,38.4271522816307
270,2015-11-05,7955.450195,-3.6787870460757404,30.005964416089412
271,2015-11-06,7954.299805,-14.712105495496871,21.062350433772156
272,2015-11-09,7915.200195,-26.307841198085043,11.588312107400718
273,2015-11-10,7783.350098000001,-45.610971310391506,0.1484554238422735
274,2015-11-13,7762.25,-61.897921850684725,-12.260820031063128
275,2015-11-16,7806.600098000001,-70.41506420731548,-23.8916688663136
276,2015-11-17,7837.549805,-73.8166656182675,-33.87666821670439
277,2015-11-18,7731.799805,-84.07641982208315,-43.916618537780145
278,2015-11-19,7842.75,-82.30582514049001,-51.594459858322125
279,2015-11-20,7856.549805,-78.87980981855162,-57.05152985036803
280,2015-11-23,7849.25,-75.87901519516981,-60.81702691932839
281,2015-11-24,7831.600098000001,-74.0712165449977,-63.467864844462255
282,2015-11-26,7883.799805,-67.64665446244089,-64.30362276805799
283,2015-11-27,7942.700195,-57.14365699647715,-62.871629613741824
284,2015-11-30,7935.25,-48.857920611504596,-60.06888781329438
285,2015-12-01,7954.899901999999,-40.24194783568146,-56.1034998177718
286,2015-12-02,7931.350098000001,-34.911560961908435,-51.86511204659912
287,2015-12-03,7864.149901999999,-35.69817877918831,-48.631725393116966
288,2015-12-04,7781.899901999999,-42.46891149894691,-47.39916261428296
289,2015-12-07,7765.399901999999,-48.605879738085605,-47.64050603904349
290,2015-12-08,7701.700195,-57.941590686265044,-49.7007229684878
291,2015-12-09,7612.5,-71.71127617915408,-54.10283361062106
292,2015-12-10,7683.299805,-76.03442109604202,-58.489151107705254
293,2015-12-11,7610.450195,-84.36637621786667,-63.66459612973755
294,2015-12-14,7650.049805,-86.77387785214069,-68.28645247421818
295,2015-12-15,7700.899901999999,-83.61480298609149,-71.35212257659285
296,2015-12-16,7750.899901999999,-76.19826509404538,-72.32135108008336
297,2015-12-17,7844.350098000001,-62.06451447100153,-70.26998375826699
298,2015-12-18,7761.950195,-56.85698684928866,-67.58738437647133
299,2015-12-21,7834.450195,-46.345596412342275,-63.33902678364552
300,2015-12-22,7786.100098000001,-41.43900940433741,-58.9590233077839
301,2015-12-23,7865.950195,-30.75276957294591,-53.31777256081631
302,2015-12-24,7861.049805,-22.420814838116712,-47.13838101627639
303,2015-12-28,7925.149901999999,-10.524024161677517,-39.81550964535662
304,2015-12-29,7928.950195,-0.7800875899747552,-32.00842523428025
305,2015-12-30,7896.25,4.254378072640975,-24.75586457289601
306,2015-12-31,7946.350098000001,12.146866075287107,-17.37531844325939
308,2016-01-04,7791.299805,5.823329130633283,-12.735588928480855
309,2016-01-05,7784.649901999999,0.27215175085439114,-10.134040792613806
310,2016-01-06,7741.0,-7.562206204823269,-9.6196738750557
311,2016-01-07,7568.299805,-27.390710686281636,-13.173881237300886
312,2016-01-08,7601.350098000001,-39.97722830923249,-18.534550651687205
313,2016-01-11,7563.850098000001,-52.37433210716608,-25.302506942782983
314,2016-01-12,7510.299805,-65.76212247754574,-33.39443004973554
315,2016-01-13,7562.399901999999,-71.34557303579095,-40.98465864694663
316,2016-01-14,7536.799805,-76.9491893530967,-48.17756478817664
317,2016-01-15,7437.799805,-88.36000909625,-56.21405364979131
318,2016-01-18,7351.0,-103.21735933266609,-65.61471478636628
319,2016-01-19,7435.100098000001,-106.97262751979997,-73.88629733305302
320,2016-01-20,7309.299805,-118.73107893114593,-82.8552536526716
321,2016-01-21,7276.799805,-129.18307272714537,-92.12081746756635
322,2016-01-22,7422.450195,-124.28095045646569,-98.55284406534624
323,2016-01-25,7436.149901999999,-117.93109512238243,-102.42849427675348
324,2016-01-27,7437.75,-111.48454999029582,-104.23970541946196
325,2016-01-28,7424.649901999999,-106.20838085273044,-104.63344050611566
326,2016-01-29,7563.549805,-89.78394404292703,-101.66354121347794
327,2016-02-01,7555.950195,-76.4988533908836,-96.63060364895907
328,2016-02-02,7455.549805,-73.22767269893029,-91.95001745895331
329,2016-02-03,7361.799805,-77.3089109294624,-89.02179615305513
330,2016-02-04,7404.0,-76.25905169777798,-86.4692472619997
331,2016-02-05,7489.100098000001,-67.77885158522986,-82.73116812664573
332,2016-02-08,7387.25,-68.48720573539595,-79.88237564839578
333,2016-02-09,7298.200195,-75.36539122928207,-78.97897876457304
334,2016-02-10,7215.700195,-86.47661472187883,-80.4785059560342
335,2016-02-11,6976.350098000001,-113.28995579759612,-87.04079592434658
336,2016-02-12,6980.950195,-132.63954627233034,-96.16054599394333
337,2016-02-15,7162.950195,-131.76940153005853,-103.28231710116637
338,2016-02-16,7048.25,-138.7358917003021,-110.37303202099352
339,2016-02-17,7108.450195,-137.81063748382167,-115.86055311355915
340,2016-02-18,7191.75,-128.87023292693448,-118.46248907623422
341,2016-02-19,7210.75,-118.88136630342615,-118.54626452167261
342,2016-02-22,7234.549805,-107.80199785135119,-116.39741118760833
343,2016-02-23,7109.549805,-107.86457814842834,-114.69084457977233
344,2016-02-24,7018.700195,-113.93164467008592,-114.53900459783506
345,2016-02-25,6970.600098000001,-121.22372282044398,-115.87594824235686
346,2016-02-26,7029.75,-120.83691183487826,-116.86814096086115
347,2016-02-29,6987.049805,-122.56307933240078,-118.0071286351691
348,2016-03-01,7222.299805,-103.75237774974812,-115.15617845808491
349,2016-03-02,7368.850098000001,-76.14166364653283,-107.35327549577451
350,2016-03-03,7475.600098000001,-45.12595699989379,-94.90781179659837
351,2016-03-04,7485.350098000001,-19.533868236859234,-79.83302308465055
352,2016-03-08,7485.299805,0.7355097653680787,-63.71931651464683
353,2016-03-09,7531.799805,20.317096407963618,-46.91203393012474
354,2016-03-10,7486.149901999999,31.785673778567798,-31.17249238838624
355,2016-03-11,7510.200195,42.3273384104823,-16.472526228612534
356,2016-03-14,7538.75,52.38159185815857,-2.7017026112583125
357,2016-03-15,7460.600098000001,53.4277345210603,8.52418481520541
358,2016-03-16,7498.75,56.681795917681484,18.155707035700626
359,2016-03-17,7512.549805,59.68616697295238,26.46179902315098
360,2016-03-18,7604.350098000001,68.68293499662013,34.90602621784481
361,2016-03-21,7704.25,82.91819631434646,44.508460237145144
362,2016-03-22,7714.899901999999,93.97580695000943,54.401929579718
363,2016-03-23,7716.5,101.69587088450317,63.860717840675036
364,2016-03-28,7615.100098000001,98.49654564931097,70.78788340240223
365,2016-03-29,7597.0,93.4236015858487,75.31502703909152
366,2016-03-30,7735.200195,99.40893331292864,80.13380829385895
367,2016-03-31,7738.399901999999,103.2206777223164,84.75118217955044
368,2016-04-01,7713.049805,103.00855318012873,88.4026563796661
369,2016-04-04,7758.799805,105.31804474188903,91.78573405211068
370,2016-04-05,7603.200195,93.51476531316166,92.13154030432088
371,2016-04-06,7614.350098000001,84.09093733551799,90.5234197105603
372,2016-04-07,7546.450195,70.33277856858422,86.48529148216508
373,2016-04-08,7555.200195,59.450086901401846,81.07825056601244
374,2016-04-11,7671.399901999999,59.51575994960422,76.7657524427308
375,2016-04-12,7708.950195,61.88443588253085,73.78948913069081
376,2016-04-13,7850.450195,74.32274966607747,73.89614123776815
377,2016-04-18,7914.700195,88.34624052593699,76.78616109540192
378,2016-04-20,7914.75,98.33048429903647,81.09502573612883
379,2016-04-21,7912.049805,104.81692202099111,85.8394049931013
380,2016-04-22,7899.299805,107.68730004222562,90.20898400292616
381,2016-04-25,7855.049805,105.17905148288355,93.20299749891764
382,2016-04-26,7962.649901999999,110.5987613297475,96.68215026508362
383,2016-04-27,7979.899901999999,114.96065637979882,100.33785148802667
384,2016-04-28,7847.25,106.48624400727931,101.56752999187721
385,2016-04-29,7849.799805,98.83663193186021,101.02135037987382
386,2016-05-02,7805.899901999999,88.2150161698437,98.4600835378678
387,2016-05-03,7747.0,74.18937042843663,93.60594091598158
388,2016-05-04,7706.549805,59.12835754923162,86.71042424263159
389,2016-05-05,7735.5,48.96400851225644,79.16114109655656
390,2016-05-06,7733.450195,40.27897558001405,71.38470799324806
391,2016-05-09,7866.049805,43.593189600849655,65.82640431476838
392,2016-05-10,7887.799805,47.42805027699251,62.14673350721321
393,2016-05-11,7848.850098000001,46.784981014405275,59.07438300865163
394,2016-05-12,7900.399901999999,49.86022472019158,57.23155135095962
395,2016-05-13,7814.899901999999,44.880883182328944,54.761417717233485
396,2016-05-16,7860.75,44.12578428876441,52.63429103153967
397,2016-05-17,7890.75,45.42448704407616,51.19233023404697
398,2016-05-18,7870.149901999999,44.28101856981448,49.810067901200476
399,2016-05-19,7783.399901999999,35.960283798585806,47.04011108067755
400,2016-05-20,7749.700195,26.343090085531003,42.90070688164824
401,2016-05-23,7731.049805,17.020265152676075,37.72461853585381
402,2016-05-24,7748.850098000001,10.942060841719467,32.36810699702694
403,2016-05-25,7934.899901999999,20.896818913286552,30.073849380278865
404,2016-05-26,8069.649901999999,39.20727815553164,31.90053513532942
405,2016-05-27,8156.649901999999,60.046443907653156,37.52971688979417
406,2016-05-30,8178.5,77.43216342390224,45.51020619661579
407,2016-05-31,8160.100098000001,88.70323737624676,54.14881243254199
408,2016-06-01,8179.950195,98.10647128903747,62.94034420384109
409,2016-06-02,8218.950195,107.46676599234524,71.84562856154193
410,2016-06-03,8220.799805,113.7231849651107,80.2211398422557
411,2016-06-06,8201.049805,115.75344843419953,87.32760156064447
412,2016-06-07,8266.450195,121.24210820702592,94.11050288992077
413,2016-06-08,8273.049805,124.68712839135515,100.22582799020765
414,2016-06-09,8203.599609,120.42509576777957,104.26568154572205
415,2016-06-10,8170.049805,113.03719301406363,106.01998383939036
416,2016-06-13,8110.600098000001,101.21835020686103,105.05965711288451
417,2016-06-14,8108.850098000001,90.66548646666706,102.18082298364104
418,2016-06-15,8206.599609,89.16203015207975,99.57706441732878
419,2016-06-16,8140.75,81.71505676427478,96.004662886718
420,2016-06-17,8170.200195,77.29861104147221,92.26345251766884
421,2016-06-20,8238.5,78.40595440917514,89.49195289597012
422,2016-06-21,8219.900391,76.89628647892278,86.97281961256066
423,2016-06-22,8203.700195,73.54486392981926,84.28722847601237
424,2016-06-23,8270.450195,75.40577373972701,82.5109375287553
425,2016-06-24,8088.600098000001,61.497866009714926,78.30832322494724
426,2016-06-27,8094.700195,50.38714414705919,72.72408740936964
427,2016-06-28,8127.850098000001,43.75238686837383,66.92974730117048
428,2016-06-29,8204.0,44.13024856890934,62.369847554718255
429,2016-06-30,8287.75,50.60429692609432,60.01673742899347
430,2016-07-01,8328.349609,58.338585138404596,59.6811069708757
431,2016-07-04,8370.700195,67.11177979889453,61.16724153647947
432,2016-07-05,8335.950195,70.44847897963245,63.02348902511007
433,2016-07-07,8337.900391,72.41544150608479,64.901879521305
434,2016-07-08,8323.200195,71.95859660793394,66.3132229386308
435,2016-07-11,8467.900391,82.32366428479327,69.5153112078633
436,2016-07-12,8521.049805,93.74612168079511,74.36147330244967
437,2016-07-13,8519.5,101.5033773992509,79.78985412180992
438,2016-07-14,8565.0,110.05389538494273,85.84266237443649
439,2016-07-15,8541.400391,113.6162538251865,91.39738066458649
440,2016-07-18,8508.700195,112.5039406279393,95.61869265725706
441,2016-07-19,8528.549805,111.93381865712763,98.88171785723118
442,2016-07-20,8565.849609,113.18702576652504,101.74277943908996
443,2016-07-21,8510.099609,108.4317091056073,103.08056537239344
444,2016-07-22,8541.200195,105.95130309371416,103.65471291665759
445,2016-07-25,8635.650391,110.33503136253057,104.9907766058322
446,2016-07-26,8590.650391,108.92245343795548,105.77711197225686
447,2016-07-27,8615.799805,108.58067238094736,106.33782405399498
448,2016-07-28,8666.299805,111.103998648181,107.29105897283219
449,2016-07-29,8638.5,109.59717297552197,107.75228177337014
450,2016-08-01,8636.549805,107.0120698077626,107.60423938024864
451,2016-08-02,8622.900391,102.67835116854621,106.61906173790815
452,2016-08-03,8544.849609,91.8865906943065,103.67256752918783
453,2016-08-04,8551.099609,82.88294256554946,99.51464253646017
454,2016-08-05,8683.150391,85.4182328513889,96.69536059944592
455,2016-08-08,8711.349609,88.68065450723043,95.09241938100283
456,2016-08-09,8678.25,87.5856524711271,93.59106599902769
457,2016-08-10,8575.299805,77.51706663120422,90.376266125463
458,2016-08-11,8592.150391,70.08939436766195,86.3188917739028
460,2016-08-16,8642.549805,67.49171955870224,82.5534573308627
461,2016-08-17,8624.049805,63.21158437152553,78.68508273899528
462,2016-08-18,8673.25,63.062644046854984,75.56059500056722
463,2016-08-19,8666.900391,61.72076878340158,72.7926297571341
464,2016-08-22,8629.150391,56.95467541421931,69.62503888855115
465,2016-08-23,8632.599609,52.846651841051425,66.2693614790512
466,2016-08-24,8650.299805,50.43785525419844,63.103060234080644
467,2016-08-25,8592.200195,43.34110436416631,59.15066906009778
468,2016-08-26,8572.549805,35.7195037025831,54.46443598859485
469,2016-08-29,8607.450195,32.12518097681277,49.99658498623843
470,2016-08-30,8744.349609,39.863768209022965,47.970021630795344
471,2016-08-31,8786.200195,48.81098423187723,48.138214151011724
472,2016-09-01,8774.650391,54.34330889671219,49.37923310015182
473,2016-09-02,8809.650391,60.85047712247615,51.67348190461669
474,2016-09-06,8943.0,75.89280876234807,56.51734727616297
475,2016-09-07,8917.950195,84.81496097293348,62.176870015517075
476,2016-09-08,8952.5,93.594808705182,68.46045775345007
477,2016-09-09,8866.700195,92.5625703905007,73.2808802808602
478,2016-09-12,8715.599609,78.64538456115952,74.35378113692008
479,2016-09-14,8726.599609,67.7228556685277,73.0275960432416
480,2016-09-15,8742.549805,59.66592865956045,70.35526256650537
481,2016-09-16,8779.849609,55.64905079601522,67.41402021240735
482,2016-09-19,8808.400391,54.14530230695891,64.76027663131767
483,2016-09-20,8775.900391,49.75751870662134,61.7597250463784
484,2016-09-21,8777.150391,45.85247436212376,58.57827490952748
485,2016-09-22,8867.450195,49.473834532534966,56.75738683412898
486,2016-09-23,8831.549805,48.88342937222842,55.18259534174887
487,2016-09-26,8723.049805,39.208514453217504,51.98777916404261
488,2016-09-27,8706.400391,29.853473847688292,47.560918100771744
489,2016-09-28,8745.150391,25.274983642812003,43.1037312091798
490,2016-09-29,8591.25,9.12285917297595,36.30755680193903
491,2016-09-30,8611.150391,-2.048407829577627,28.6363638756357
492,2016-10-03,8738.099609,-0.650478172554358,22.77899546599769
493,2016-10-04,8769.150391,2.9291641760846687,18.809029208015087
494,2016-10-05,8743.950195,3.690074435831775,15.785238253578424
495,2016-10-06,8709.549805,1.4999864121509745,12.928187885292934
496,2016-10-07,8697.599609,-1.1862803689346038,10.105294234447427
497,2016-10-10,8708.799805,-2.3839235464929516,7.607450678259353
498,2016-10-13,8573.349609,-14.100224593908933,3.2659156238256957
499,2016-10-14,8583.400391,-22.317204632836365,-1.8507084275067163
500,2016-10-17,8520.400391,-33.52632341395838,-8.18583142479705
501,2016-10-18,8677.900391,-29.36222760527562,-12.421110660892765
502,2016-10-19,8659.099609,-27.264924580180377,-15.38987344475029
503,2016-10-20,8699.400391,-22.09614986159977,-16.731128728120186
504,2016-10-21,8693.049805,-18.30133151670998,-17.045169285838146
505,2016-10-24,8708.950195,-13.85121387878462,-16.40637820442744
506,2016-10-25,8691.299805,-11.61481420372911,-15.448065404287775
507,2016-10-26,8615.25,-15.796937772234742,-15.517839877877169
508,2016-10-27,8615.25,-18.89350822878623,-16.19297354805898
509,2016-10-28,8638.0,-19.28947074342068,-16.81227298713132
510,2016-11-01,8626.25,-20.317196693707956,-17.513257728446646
511,2016-11-02,8514.0,-29.845276037165604,-19.97966139019044
512,2016-11-03,8484.950195,-39.28754172178742,-23.841237456509838
513,2016-11-04,8433.75,-50.32195299353771,-29.137380563915414
514,2016-11-07,8497.049805,-53.34412036606409,-33.97872852434515
515,2016-11-08,8543.549805,-51.39460340304686,-37.4619035000855
516,2016-11-09,8432.0,-58.18007052999383,-41.605536906067165
517,2016-11-10,8525.75,-55.35466647811336,-44.35536282047641
518,2016-11-11,8296.299805,-70.8139276741822,-49.64707579121757
519,2016-11-15,8108.450195,-97.10404219903103,-59.13846907278027
520,2016-11-16,8111.600098000001,-116.34383718916797,-70.57954269605781
521,2016-11-17,8079.950195,-132.61667353541088,-82.98696886392844
522,2016-11-18,8074.100098000001,-144.32142002280307,-95.25385909570338
523,2016-11-21,7929.100098000001,-163.41406846708014,-108.88590096997874
524,2016-11-22,8002.299805,-170.67113471297307,-121.2429477185776
525,2016-11-23,8033.299805,-171.9389657066149,-131.38215131618506
526,2016-11-24,7965.5,-176.38139362805487,-140.38199977855902
527,2016-11-25,8114.299805,-165.98181403797935,-145.5019626304431
528,2016-11-28,8126.899901999999,-154.93732868349798,-147.3890358410541
529,2016-11-29,8142.149901999999,-143.30205008743997,-146.57163869033127
530,2016-11-30,8224.5,-125.98378069067348,-142.45406709039972
531,2016-12-01,8192.900391,-113.50038993604721,-136.66333165952923
532,2016-12-02,8086.799805,-110.89036825722633,-131.50873897906865
533,2016-12-05,8128.75,-104.23531727516092,-126.05405463828711
534,2016-12-06,8143.149901999999,-96.68466899832856,-120.18017751029541
535,2016-12-07,8102.049805,-92.94573955068518,-114.73328991837337
536,2016-12-08,8246.849609,-77.40618664953308,-107.26786926460532
537,2016-12-09,8261.75,-63.16056630077128,-98.44640867183853
538,2016-12-12,8170.799805,-58.534975414412656,-90.46412202035336
539,2016-12-13,8221.799805,-50.17549565541958,-82.40639674736661
540,2016-12-14,8182.450195,-46.19324540942216,-75.16376647977772
541,2016-12-15,8153.600098000001,-44.84826226615587,-69.10066563705335
542,2016-12-16,8139.450195,-44.4121764272295,-64.16296779508858
543,2016-12-19,8104.350098000001,-46.364399802119806,-60.60325419649483
544,2016-12-20,8082.399901999999,-49.11656309809314,-58.3059159768145
545,2016-12-21,8061.299805,-52.39628210094088,-57.12398920163978
546,2016-12-22,7979.100098000001,-60.92599547239388,-57.8843904557906
547,2016-12-23,7985.75,-66.38402948737985,-59.584318262108454
548,2016-12-26,7908.25,-76.0860899892923,-62.88467260754523
549,2016-12-27,8032.850098000001,-72.88073253649691,-64.88388459333557
550,2016-12-28,8034.850098000001,-69.37931877676874,-65.7829714300222
551,2016-12-29,8103.600098000001,-60.361067896334134,-64.6985907232846
552,2016-12-30,8185.799805,-46.050369720537674,-60.968946522735216
553,2017-01-02,8179.5,-34.81604226405216,-55.73836567099861
554,2017-01-03,8192.25,-24.60036072675939,-49.51076468215077
555,2017-01-04,8190.5,-16.45587677900312,-42.89978710152125
556,2017-01-05,8273.799805,-3.24234078826521,-34.96829783887004
557,2017-01-06,8243.799805,4.753932033973797,-27.023851864301278
558,2017-01-09,8236.049805,10.346408666395291,-19.549799758161964
559,2017-01-10,8288.599609,18.802078043176152,-11.879424197894341
560,2017-01-11,8380.650391,32.55570386209911,-2.9923985858956517
561,2017-01-12,8407.200195,45.07826453661619,6.621734038606716
562,2017-01-13,8400.349609,53.829189662956196,16.063225163476613
563,2017-01-16,8412.799805,61.065067552106484,25.063593641202587
564,2017-01-17,8398.0,64.85769321965199,33.022413556892474
565,2017-01-18,8417.0,68.60567409058058,40.13906566363009
566,2017-01-19,8435.099609,72.2041387491081,46.5520802807257
567,2017-01-20,8349.349609,67.36015363827937,50.71369495223644
568,2017-01-23,8391.5,66.15979588320442,53.80291513843004
569,2017-01-24,8475.799805,71.19015763198331,57.280363637140695
570,2017-01-25,8602.75,84.44712147923747,62.71371520556005
571,2017-01-27,8641.25,96.94249632846186,69.55947143014042
572,2017-01-30,8632.75,104.9494994573015,76.63747703557264
573,2017-01-31,8561.299805,104.32705615987106,82.17539286043234
574,2017-02-01,8716.400391,115.0231709079253,88.74494846993093
575,2017-02-02,8734.25,123.51641285688129,95.699241347321
576,2017-02-03,8740.950195,129.29755628860585,102.41890433557798
577,2017-02-06,8801.049805,137.14773662641164,109.36467079374472
578,2017-02-07,8768.299805,139.12269003493202,115.31627464198219
579,2017-02-08,8769.049805,139.1444035027489,120.08190041413553
580,2017-02-09,8778.400391,138.32163996325653,123.72984832395974
581,2017-02-10,8793.549805,137.30920993131076,126.44572064542996
582,2017-02-13,8805.049805,135.86859711504258,128.33029593935248
583,2017-02-14,8792.299805,132.17445776195382,129.09912830387276
584,2017-02-15,8724.700195,122.38136592962655,127.75557582902353
585,2017-02-16,8778.0,117.56589248914497,125.71763916104783
586,2017-02-17,8821.700195,115.93935885356404,123.76198309955109
587,2017-02-20,8879.200195,117.93065747123183,122.59571797388725
588,2017-02-21,8907.849609,120.4322759383922,122.16302956678824
589,2017-02-22,8926.900391,122.53950633929162,122.23832492128892
590,2017-02-23,8939.5,123.79910573213965,122.55048108345906
591,2017-02-27,8896.700195,119.96092587488965,122.03257004174519
592,2017-02-28,8879.599609,114.2225795152226,120.47057193644068
593,2017-03-01,8945.799805,113.70596960362855,119.11765146987825
594,2017-03-02,8899.75,108.33193500504422,116.96050817691145
595,2017-03-03,8897.549805,102.71144294057012,114.11069512964318
596,2017-03-06,8963.450195,102.3944339106747,111.76744288584948
597,2017-03-07,8946.900391,99.65896459197393,109.34574722707438
598,2017-03-08,8924.299805,94.5771801788378,106.39203381742706
599,2017-03-09,8927.0,89.73332270212086,103.06029159436582
600,2017-03-10,8934.549805,85.51793934911439,99.55182114531554
601,2017-03-14,9087.0,93.40199427939115,98.32185577213068
602,2017-03-15,9084.799805,98.33903607058164,98.32529183182086
603,2017-03-16,9153.700195,106.58274338766205,99.97678214298911
604,2017-03-17,9160.049805,112.33339187383353,102.448104089158
605,2017-03-20,9126.849609,112.91028440432456,104.54054015219131
606,2017-03-21,9121.5,111.64878940793642,105.96219000334034
607,2017-03-22,9030.450195,102.12485544315314,105.1947230913029
608,2017-03-23,9086.299805,97.95450734603583,103.7466799422495
609,2017-03-24,9108.0,95.3019196078858,102.05772787537676
610,2017-03-27,9045.200195,87.12794853545529,99.07177200739247
611,2017-03-28,9100.799805,84.16622557516894,96.09066272094778
612,2017-03-29,9143.799805,84.31682752280722,93.73589568131968
613,2017-03-30,9173.75,85.86313431913004,92.16134340888175
614,2017-03-31,9173.75,86.09613099067428,90.94830092524026
615,2017-04-03,9237.849609,90.4108848730466,90.84081771480153
616,2017-04-05,9265.150391,94.93890673674832,91.6604355191909
617,2017-04-06,9261.950195,97.14929106031195,92.75820662741512
618,2017-04-07,9198.299805,92.69643523335799,92.7458523486037
619,2017-04-10,9181.450195,86.80723246029447,91.55812837094186
620,2017-04-11,9237.0,85.6352519690281,90.37355309055911
621,2017-04-12,9203.450195,81.06479560727894,88.51180159390307
622,2017-04-13,9150.799805,72.3601072827496,85.28146273167239
624,2017-04-18,9105.150391,61.07402947540686,80.43997608041929
625,2017-04-19,9103.5,51.404005364520344,74.6327819372395
626,2017-04-20,9136.400391,45.86650763246689,68.87952707628499
627,2017-04-21,9119.400391,39.64919165854917,63.03345999273783
628,2017-04-24,9217.950195,42.187755340995864,58.86431906238944
629,2017-04-25,9306.599609,50.76763449572172,57.2449821490559
630,2017-04-26,9351.849609,60.52090010702159,57.900165740649044
631,2017-04-27,9342.150391,66.69892386394349,59.65991736530793
632,2017-04-28,9304.049805,67.7397911850203,61.27589212925041
633,2017-05-02,9313.799805,68.56109987036507,62.73293367747335
634,2017-05-03,9311.950195,68.27570502417802,63.84148794681429
635,2017-05-04,9359.900391,71.0991212213321,65.29301460171786
636,2017-05-05,9285.299805,66.54990914535847,65.54439351044599
637,2017-05-08,9314.049805,64.52075542036073,65.33966589242894
638,2017-05-09,9316.849609,62.41902953985846,64.75553862191484
639,2017-05-10,9407.299805,67.27645048772865,65.2597209950776
640,2017-05-11,9422.400391,71.52004412508904,66.5117856210799
641,2017-05-12,9400.900391,72.31465402188041,67.67235930124001
642,2017-05-15,9445.400391,75.66297056185067,69.27048155336215
643,2017-05-16,9512.25,82.75677175343117,71.96773959337595
644,2017-05-17,9525.75,88.44841916275072,75.2638755072509
645,2017-05-18,9429.450195,84.21769215680251,77.05463883716122
646,2017-05-19,9427.900391,79.81964313325989,77.60763969638096
647,2017-05-22,9438.25,76.28986250076196,77.34408425725715
648,2017-05-23,9386.150391,68.49887054651663,75.57504151510905
649,2017-05-24,9360.549805,59.57199112314265,72.37443143671577
650,2017-05-25,9509.75,63.80112404075044,70.6597699575227
651,2017-05-26,9595.099609,73.19598474781196,71.16701291558056
652,2017-05-29,9604.900391,80.50431708812903,73.03447375009026
653,2017-05-30,9624.549805,86.88026500047636,75.80363200016748
654,2017-05-31,9621.25,90.62234498877842,78.76737459788967
655,2017-06-01,9616.099609,92.11058336150745,81.43601635061323
656,2017-06-02,9653.5,95.21039580325669,84.19089224114192
657,2017-06-05,9675.099609,98.27705076128586,87.00812394517072
658,2017-06-06,9637.150391,96.53244622115199,88.91298840036697
659,2017-06-07,9663.900391,96.19940908889657,90.3702725380729
660,2017-06-08,9647.25,93.51395667942234,90.99900936634279
661,2017-06-09,9668.25,92.01949730813249,91.20310695470073
662,2017-06-12,9616.400391,85.66381819605886,90.09524920297235
663,2017-06-13,9606.900391,78.95023691798269,87.86624674597444
664,2017-06-14,9618.150391,73.68802666401461,85.03060272958248
665,2017-06-15,9578.049805,65.52655562555992,81.12979330877798
666,2017-06-16,9588.049805,59.18322013246325,76.74047867351503
667,2017-06-19,9657.549805,59.083077280236466,73.20899839485932
668,2017-06-20,9653.5,58.00824499110968,70.16884771410939
669,2017-06-21,9633.599609,54.917581721952956,67.11859451567811
670,2017-06-22,9630.0,51.58313221224853,64.01150205499219
671,2017-06-23,9574.950195,43.99139237174313,60.007480118342386
672,2017-06-27,9511.400391,32.47262160927676,54.500508416529264
673,2017-06-28,9491.25,21.470446697268926,47.8944960726772
674,2017-06-29,9504.099609,13.630871667093743,41.04177119156051
675,2017-06-30,9520.900391,8.673650231292413,34.568146999506894
676,2017-07-03,9615.0,12.197463781800252,30.094010355965565
677,2017-07-04,9613.299805,14.683655836681282,27.011939452108713
678,2017-07-05,9637.599609,18.402637898634566,25.290079141413884
679,2017-07-06,9674.549805,24.054247595051493,25.042912832141404
680,2017-07-07,9665.799805,27.510018752129326,25.536334016138987
681,2017-07-10,9771.049805,38.300038675741234,28.08907494805944
682,2017-07-11,9786.049805,47.51387150847768,31.974034260143092
683,2017-07-12,9816.099609,56.58835314656426,36.89689803742733
684,2017-07-13,9891.700195,69.08392421746976,43.334303273435815
685,2017-07-14,9886.349609,77.65979299134233,50.19940121701712
686,2017-07-17,9915.950195,85.85506691969022,57.33053435755174
687,2017-07-18,9827.150391,84.21371521204492,62.707170528450376
688,2017-07-19,9899.599609,87.74748023640313,67.71523247004093
689,2017-07-20,9873.299805,87.41813821005417,71.65581361804358
690,2017-07-21,9915.25,89.5103429106639,75.22671947656765
692,2017-07-25,9964.549805,94.06222171700574,78.99381992465527
693,2017-07-26,10020.650391,101.03183480212101,83.40142290014842
694,2017-07-27,10020.549805,105.33297397932438,87.78773311598361
695,2017-07-28,10014.5,107.01983106711305,91.6341527062095
696,2017-07-31,10077.099609,112.11554453398821,95.73043107176525
697,2017-08-01,10114.650391,117.82574658884369,100.14949417518095
698,2017-08-02,10081.5,118.31233243138013,103.7820618264208
699,2017-08-03,10013.650391,111.9327675452605,105.41220297018876
700,2017-08-04,10066.400391,109.86692306131772,106.30314698841455
701,2017-08-07,10057.400391,106.2783905105207,106.29819569283579
702,2017-08-08,9978.549805,95.96563717288336,104.2316839888453
703,2017-08-09,9908.049805,81.16828755310598,99.61900470169745
704,2017-08-10,9820.25,61.64595468800326,92.02439469895862
705,2017-08-11,9710.799805,36.917091962488485,81.0029341516646
706,2017-08-14,9794.150391,23.770968858882043,69.5565410931081
707,2017-08-16,9897.299805,21.428848810654017,59.931002636617286
708,2017-08-17,9904.150391,19.896136558501894,51.92402942099421
709,2017-08-18,9837.400391,13.1437707021596,44.16797767722729
710,2017-08-21,9754.349609,1.0785354050021851,35.550089222782276
711,2017-08-22,9765.549805,-7.493112345249756,26.94144890917587
712,2017-08-23,9852.5,-7.187201296639614,20.115718868012777
713,2017-08-24,9857.049805,-6.502674562867469,14.792040181836729
714,2017-08-28,9912.799805,-1.4449664430994744,11.544638856849488
715,2017-08-29,9796.049805,-6.779298070710865,7.879851471337418
716,2017-08-30,9884.400391,-3.833450769599949,5.537191023149945
717,2017-08-31,9917.900391,1.1905999736591184,4.66787281325178
718,2017-09-01,9974.400391,9.620376482211213,5.6583735470436665
719,2017-09-04,9912.849609,11.20523442501326,6.767745722637585
720,2017-09-05,9952.200195,15.458315349713303,8.505859648052729
721,2017-09-06,9916.200195,15.74254324969661,9.953196368381505
722,2017-09-07,9929.900391,16.87871985224956,11.338301065155116
723,2017-09-08,9934.799805,17.967373066760047,12.664115465476103
724,2017-09-11,10006.049805,24.299310792468532,14.99115453087459
725,2017-09-12,10093.049805,35.923486380501345,19.177620900799944
726,2017-09-13,10079.299805,43.524495899553585,24.046995900550673
727,2017-09-14,10086.599609,49.56601768343171,29.150800257126882
728,2017-09-15,10085.400391,53.63888468010373,34.048417141722254
729,2017-09-18,10153.099609,61.61911541903646,39.562556797185096
730,2017-09-19,10147.549805,66.72650140060432,44.99534571786894
731,2017-09-20,10141.150391,69.45710409954518,49.887697394204196
732,2017-09-21,10121.900391,69.2693187029945,53.76402165596225
733,2017-09-22,9964.400391,55.768696882871154,54.16495670134403
734,2017-09-25,9872.599609,37.23260661487802,50.77848668405083
735,2017-09-26,9871.5,22.198007463433896,45.062390839927446
736,2017-09-27,9735.75,-0.6632654610712052,35.91725957972772
737,2017-09-28,9768.950195,-15.918511992109416,25.550105265360294
738,2017-09-29,9788.599609,-26.121746054977848,15.215735001292668
739,2017-10-03,9859.5,-28.162177493921263,6.5401525022498825
740,2017-10-04,9914.900391,-25.020465208262976,0.2280289601473111
741,2017-10-05,9888.700195,-24.363920332511043,-4.690360898384361
742,2017-10-06,9979.700195,-16.312622548573927,-7.014813228422274
743,2017-10-09,9988.75,-9.096805110460991,-7.431211604830017
744,2017-10-10,10016.950195,-1.0901313898848457,-6.162995561840984
745,2017-10-11,9984.799805,2.6306232503375213,-4.404271799405284
746,2017-10-12,10096.400391,14.418376643670854,-0.6397421107900563
747,2017-10-13,10167.450195,29.157274616867653,5.319661234741487
748,2017-10-16,10230.849609,45.43007073128683,13.341743134050557
749,2017-10-17,10234.450195,57.94891704621659,22.263177916483762
750,2017-10-18,10210.849609,65.21407562291279,30.85335745776957
751,2017-10-19,10146.549805,65.03364198787312,37.689414363790284
752,2017-10-23,10184.849609,67.2064074990194,43.59281299083611
753,2017-10-24,10207.700195,69.9656704436602,48.86738448140093
754,2017-10-25,10295.349609,78.32213260890603,54.758334106901955
755,2017-10-26,10343.799805,87.84163133542279,61.37499355260613
756,2017-10-27,10323.049805,92.64361317146358,67.62871747637762
757,2017-10-30,10363.650391,98.58887516640607,73.82074901438331
758,2017-10-31,10335.299805,99.86173881296963,79.02894697410058
759,2017-11-01,10440.5,108.11300948975986,84.84575947723243
760,2017-11-02,10423.799805,112.01341387197681,90.2792903561813
761,2017-11-03,10452.5,116.08225435522945,95.43988315599094
762,2017-11-06,10451.799805,117.89136163578041,99.93017885194884
763,2017-11-07,10350.150391,109.85647691671511,101.9154384649021
764,2017-11-08,10303.150391,98.56012590415048,101.24437595275178
765,2017-11-09,10308.950195,89.04917855352141,98.80533647290571
766,2017-11-10,10321.75,81.60384323831386,95.36503782598734
767,2017-11-13,10224.950195,67.11872322511044,89.71577490581197
768,2017-11-14,10186.599609,51.945790733567264,82.16177807136303
769,2017-11-15,10118.049805,33.99783030590697,72.52898851827182
770,2017-11-16,10214.75,27.26257395596258,63.47570560580998
771,2017-11-17,10283.599609,27.167255608215783,56.21401560629114
772,2017-11-20,10298.75,27.991555835955296,50.56952365222398
773,2017-11-21,10326.900391,30.563998249872384,46.56841857175366
774,2017-11-22,10342.299805,33.459580195252784,43.94665089645349
775,2017-11-23,10348.75,35.86143824139981,42.32960836544276
776,2017-11-24,10389.700195,40.6012407192502,41.98393483620425
777,2017-11-27,10399.549805,44.63779285182136,42.51470643932767
778,2017-11-28,10370.25,44.95433451862664,43.00263205518746
779,2017-11-29,10361.299805,43.97606147104125,43.19731793835822
780,2017-11-30,10226.549805,31.95916878166645,40.94968810701987
781,2017-12-01,10121.799805,13.82389195914584,35.524528877445064
782,2017-12-04,10127.75,-0.06753605803351093,28.40611589034935
783,2017-12-05,10118.25,-11.7081986235371,20.383252987572064
784,2017-12-06,10044.099609,-26.61007998826608,10.984586392404434
785,2017-12-07,10166.700195,-28.201990664469122,3.147270981029722
786,2017-12-08,10265.650391,-21.234360992953953,-1.7290554137670129
787,2017-12-11,10322.25,-11.018336333014304,-3.5869115976164716
788,2017-12-12,10240.150391,-9.438019880548381,-4.757133254202854
789,2017-12-13,10192.950195,-11.857582228269166,-6.177223049016117
790,2017-12-14,10252.099609,-8.899649820035847,-6.721708403220063
791,2017-12-15,10333.25,-0.007225433868370601,-5.378811809349725
792,2017-12-18,10388.75,11.387206497558509,-2.0256081479680783
793,2017-12-19,10463.200195,26.123746141865922,3.6042627099987214
794,2017-12-20,10444.200195,35.856092061005256,10.05462858020003
795,2017-12-21,10440.299805,42.76139074909406,16.595981013978836
796,2017-12-22,10493.0,51.888219912136265,23.65442879361032
797,2017-12-26,10531.5,61.51877586708724,31.227298208305708
798,2017-12-27,10490.75,65.11230231763875,38.00429903017232
799,2017-12-28,10477.900391,66.16068269550306,43.635575763238464
800,2017-12-29,10530.700195,70.44004561610382,48.99646973381154
802,2018-01-02,10442.200195,65.93025821069386,52.383227429188004
803,2018-01-03,10443.200195,61.72537909579114,54.25165776250863
804,2018-01-04,10504.799805,62.64146401607286,55.92961901322148
805,2018-01-05,10558.849609,66.95699680528378,58.13509457163394
806,2018-01-08,10623.599609,74.7403117050344,61.45613799831404
807,2018-01-09,10637.0,81.05558606005252,65.37602761066174
808,2018-01-10,10632.200195,84.6968497734124,69.24019204321188
809,2018-01-11,10651.200195,88.10015496452615,73.01218462747474
810,2018-01-12,10681.25,92.15970723716782,76.84168914941336
811,2018-01-15,10741.549805,99.10025591530939,81.29340250259256
812,2018-01-16,10700.450195,100.13005871538917,85.06073374515188
813,2018-01-17,10788.549805,106.82369009761351,89.4133250156442
814,2018-01-18,10817.0,113.12015542445442,94.15469109740626
815,2018-01-19,10894.700195,122.96247110304103,99.9162470985332
816,2018-01-22,10966.200195,134.97610907226772,106.92821949328011
817,2018-01-23,11083.700195,152.2235335886453,115.98728231235316
818,2018-01-24,11086.0,164.18519212895626,125.6268642756738
819,2018-01-25,11069.650391,170.38156329154845,134.57780407884871
820,2018-01-29,11130.400391,178.1407536520801,143.290393993495
821,2018-01-30,11049.650391,175.74820189862658,149.78195557452133
822,2018-01-31,11027.700195,170.1198542410948,153.84953530783602
823,2018-02-01,11016.900391,162.90996952660316,155.66162215158946
824,2018-02-02,10760.599609,134.95902915454826,151.52110355218122
825,2018-02-05,10666.549805,104.01960114619214,142.0208030709834
826,2018-02-06,10498.25,65.16827451689642,126.65029736016601
827,2018-02-07,10476.700195,32.26746978434858,107.77373184500253
828,2018-02-08,10576.849609,14.111892608883863,89.0413639977788
829,2018-02-09,10454.950195,-9.997551509884943,69.23358089624607
830,2018-02-12,10539.75,-22.008128109948302,50.985239095007195
831,2018-02-14,10500.900391,-34.26643325119403,33.934904625766954
832,2018-02-15,10545.5,-39.92221424503623,19.163480851606316
833,2018-02-16,10452.299805,-51.33320107217696,5.06414446684966
834,2018-02-19,10378.400391,-65.58354912110553,-9.06539425074138
835,2018-02-20,10360.400391,-77.43685828626803,-22.739687057846712
836,2018-02-21,10397.450195,-82.88562773149533,-34.76887519257644
837,2018-02-22,10382.700195,-87.38667926001654,-45.29243600606446
838,2018-02-23,10491.049805,-81.27401080789059,-52.48875096642969
839,2018-02-26,10582.599609,-68.25556528206107,-55.64211382955597
840,2018-02-27,10554.299805,-59.535621496499516,-56.42081536294468
841,2018-02-28,10492.849609,-56.92729802352187,-56.52211189506012
842,2018-03-01,10458.349609,-56.98713236209005,-56.61511598846611
843,2018-03-05,10358.849609,-64.32190704487402,-58.1564741997477
844,2018-03-06,10249.25,-78.07850095252797,-62.14087955030375
845,2018-03-07,10154.200195,-95.54899628242674,-68.82250289672835
846,2018-03-08,10242.650391,-101.09197275705083,-75.27639686879286
847,2018-03-09,10226.849609,-105.54317656187413,-81.32975280740912
848,2018-03-12,10421.400391,-92.30809520597359,-83.52542128712203
849,2018-03-13,10426.849609,-80.4520899133895,-82.91075501237553
850,2018-03-14,10410.900391,-71.51866623500428,-80.63233725690128
851,2018-03-15,10360.150391,-67.75295063244994,-78.05645993201102
852,2018-03-16,10195.150391,-77.1928834152659,-77.883744628662
853,2018-03-19,10094.25,-91.75818520903522,-80.65863274473665
854,2018-03-20,10124.349609,-99.72296070889388,-84.47149833756811
855,2018-03-21,10155.25,-102.36173698133098,-88.04954606632069
856,2018-03-22,10114.75,-106.49340799841048,-91.73831845273865
857,2018-03-23,9998.049805,-117.82628935938737,-96.9559126340684
858,2018-03-26,10130.650391,-114.78475320221332,-100.52168074769739
859,2018-03-27,10184.150391,-106.82588865511207,-101.78252232918032
860,2018-03-28,10113.700195,-104.99288062926462,-102.42459398919719
861,2018-04-02,10211.799805,-94.53465325141406,-100.84660584164058
862,2018-04-03,10245.0,-82.61511877302473,-97.20030842791742
863,2018-04-04,10128.400391,-81.63636263442459,-94.08751926921886
864,2018-04-05,10325.150391,-64.24404528783634,-88.11882447294235
865,2018-04-06,10331.599609,-49.370992423266216,-80.36925806300714
866,2018-04-09,10379.349609,-33.346566476115186,-70.96471974562874
867,2018-04-10,10402.25,-18.584987133177492,-60.488773223138494
868,2018-04-11,10417.150391,-5.619217287478023,-49.5148620360064
869,2018-04-12,10458.650391,7.913727375533199,-38.02914415369848
870,2018-04-13,10480.599609,20.17721163999522,-26.387872994959743
871,2018-04-16,10528.349609,33.36453165756393,-14.43739206445501
872,2018-04-17,10548.700195,44.9396635270823,-2.561980946147548
873,2018-04-18,10526.200195,51.70149432483049,8.29071410804806
874,2018-04-19,10565.299805,59.529091396287185,18.538389565695887
875,2018-04-20,10564.049805,64.8837148409184,27.80745462074039
876,2018-04-23,10584.700195,69.98684164408041,36.24333202540839
877,2018-04-24,10614.349609,75.55264248821913,44.10519411797054
878,2018-04-25,10570.549805,75.55831243176908,50.39581778073025
879,2018-04-26,10617.799805,78.47092207492824,56.01083863956985
881,2018-04-30,10739.349609,89.55490633580848,62.71965217881758
882,2018-05-02,10718.049805,95.51924119164687,69.27956998138345
883,2018-05-03,10679.650391,96.04041363776741,74.63173871266025
884,2018-05-04,10618.25,90.45622509113673,77.79663598835555
885,2018-05-07,10715.5,92.8081431803439,80.79893742675321
886,2018-05-08,10717.799805,93.77663161855162,83.3944762651129
887,2018-05-09,10741.700195,95.37332311152022,85.79024563439437
888,2018-05-10,10716.549805,93.5311178355114,87.33842007461779
889,2018-05-11,10806.5,98.19742705988574,89.51022147167139
890,2018-05-14,10806.599609,100.7422543546545,91.75662804826801
891,2018-05-15,10801.849609,101.20908765562854,93.64711996974012
892,2018-05-16,10741.099609,95.57530647940621,94.03275727167335
893,2018-05-17,10682.700195,85.41355536436458,92.3089168902116
894,2018-05-18,10596.400391,69.59438074871287,87.76600966191187
896,2018-05-22,10536.700195,51.6449333689452,80.54179440331855
897,2018-05-23,10430.349609,28.50962234070539,70.13535999079592
898,2018-05-24,10513.849609,16.719739086778645,59.452235809992466
899,2018-05-25,10605.150391,14.575365995104221,50.476861847014824
900,2018-05-28,10688.650391,19.390169231028267,44.25952332381752
901,2018-05-29,10633.299805,18.526049017224068,39.11282846249883
902,2018-05-30,10614.349609,16.126212142964505,34.51550519859197
903,2018-05-31,10736.150391,23.778525268340672,32.36810921254171
904,2018-06-01,10696.200195,26.316036722486388,31.15769471453065
905,2018-06-04,10628.5,22.603632286589345,29.446882228942393
906,2018-06-05,10593.150391,16.617550232405847,26.881015829635082
907,2018-06-06,10684.650391,19.03737141237798,25.31228694618366
908,2018-06-07,10768.349609,27.393153300819904,25.728460217110914
909,2018-06-08,10767.650391,33.57175530115637,27.297119233920007
910,2018-06-11,10786.950195,39.56954174243401,29.751603735622812
911,2018-06-12,10842.849609,48.27693973782152,33.45667093606256
912,2018-06-13,10856.700195,55.65370070015888,37.89607688888182
913,2018-06-14,10808.049805,56.91804127520845,41.70046976614715
914,2018-06-15,10817.700195,58.029814531726515,44.96633871926303
915,2018-06-18,10799.849609,56.8155751568429,47.336186006779
916,2018-06-19,10710.450195,48.08519988413536,47.485988782250274
917,2018-06-20,10772.049805,45.611111794301905,47.1110133846606
918,2018-06-21,10741.099609,40.68397743566311,45.82560619486111
919,2018-06-22,10821.849609,42.801647354845045,45.2208144268579
920,2018-06-25,10762.450195,39.23460760087073,44.02357306166047
921,2018-06-26,10769.150391,36.527288869399854,42.52431622320835
922,2018-06-27,10671.400391,26.192184007199103,39.25788978000651
923,2018-06-28,10589.099609,11.23108865354152,33.65252955471351
924,2018-06-29,10714.299805,9.36892315818477,28.795808275407765
925,2018-07-02,10657.299805,3.256184685662447,23.6878835574587
926,2018-07-03,10699.900391,1.8282319486643246,19.315953235699826
927,2018-07-04,10769.900391,6.2726765912029805,16.70729790680046
928,2018-07-05,10749.75,8.075869247422816,14.981012174924931
930,2018-07-09,10852.900391,17.625115547907626,15.509832849521471
931,2018-07-10,10947.25,32.43232729275769,18.894331738168717
932,2018-07-11,10948.299805,43.74756507242455,23.864978405019883
933,2018-07-12,11023.200195,58.08919199298907,30.70982112261372
935,2018-07-16,10936.849609,61.77515845219932,36.922888588530846
936,2018-07-17,11008.049805,69.63882121708411,43.466075114241505
937,2018-07-18,10980.450195,72.80452747199888,49.33376558579298
938,2018-07-19,10957.099609,72.59237562645103,53.985487593924596
939,2018-07-20,11010.200195,75.83484043547833,58.35535816223535
940,2018-07-23,11084.75,83.45801137776107,63.375888805340495
941,2018-07-24,11134.299805,92.432183752735,69.1871477948194
942,2018-07-25,11132.0,98.22641203794046,74.99500064344362
943,2018-07-26,11167.299805,104.46259913275571,80.88852034130605
944,2018-07-27,11278.349609,117.01671755595635,88.11415978423611
945,2018-07-30,11319.549805,128.80566679856565,96.25246118710201
946,2018-07-31,11356.5,139.52174609920257,104.90631816952212
947,2018-08-01,11346.200195,145.50590645042212,113.02623582570213
948,2018-08-02,11244.700195,140.4392981050769,118.50884828157709
949,2018-08-03,11360.799805,144.13079267091598,123.63323715944487
950,2018-08-06,11387.099609,147.47846317496624,128.40228236254916
951,2018-08-07,11389.450195,148.60812683284166,132.44345125660766
952,2018-08-08,11450.0,152.62983491997693,136.48072798928152
953,2018-08-09,11470.700195,155.69267208317433,140.3231168080601
955,2018-08-13,11355.75,147.14823923857875,141.68814129416384
956,2018-08-14,11435.099609,145.10686334906677,142.37188570514442
957,2018-08-16,11385.049805,137.86127834903346,141.46976423392223
958,2018-08-17,11470.75,137.44995205728083,140.66580179859398
959,2018-08-20,11551.75,142.02284511010112,140.93721046089541
960,2018-08-21,11570.900391,145.514768634559,141.85272209562814
961,2018-08-23,11582.75,147.53758614648905,142.98969490580032
962,2018-08-24,11557.099609,145.39488963137592,143.47073385091545
963,2018-08-27,11691.950195,152.81652868498713,145.3398928177298
964,2018-08-28,11738.5,160.6030790126315,148.39253005671014
965,2018-08-29,11691.900391,161.15607038599956,150.94523812256804
966,2018-08-30,11676.799805,158.54818416985108,152.46582733202465
967,2018-08-31,11680.5,154.99332381053318,152.97132662772637
968,2018-09-03,11582.349609,142.61221030040906,150.89950336226292
969,2018-09-04,11520.299805,126.33685540443548,145.98697377069743
970,2018-09-05,11476.950195,108.6876841850335,138.52711585356465
971,2018-09-06,11536.900391,98.40373166629797,130.50243901611134
972,2018-09-07,11589.099609,93.3891340443115,123.07977802175138
973,2018-09-10,11438.099609,76.35047056219264,113.73391652983963
975,2018-09-12,11369.900391,56.69060604985316,102.32525443384235
976,2018-09-14,11515.200195,52.2323990609857,92.30668335927102
977,2018-09-17,11377.75,37.17957291231869,81.28126126988056
978,2018-09-18,11278.900391,17.07691042077022,68.44039110005849
979,2018-09-19,11234.349609,-2.4215560261200153,54.26800167482279
980,2018-09-21,11143.099609,-24.949738501307365,38.42445363959676
982,2018-09-25,11067.450195,-48.35040750037115,21.069481411603178
