,Date,Close,SMA12,SMA26
0,2014-09-29,7958.899901999999,7878.366658416667,8058.180795461538
1,2014-09-30,7964.799805,7878.366658416667,8058.180795461538
2,2014-10-01,7945.549805,7878.366658416667,8058.180795461538
3,2014-10-07,7852.399901999999,7878.366658416667,8058.180795461538
4,2014-10-08,7842.700195,7878.366658416667,8058.180795461538
5,2014-10-09,7960.549805,7878.366658416667,8058.180795461538
6,2014-10-10,7859.950195,7878.366658416667,8058.180795461538
7,2014-10-13,7884.25,7878.366658416667,8058.180795461538
8,2014-10-14,7864.0,7878.366658416667,8058.180795461538
10,2014-10-16,7748.200195,7878.366658416667,8058.180795461538
11,2014-10-17,7779.700195,7878.366658416667,8058.180795461538
12,2014-10-20,7879.399901999999,7878.366658416667,8058.180795461538
13,2014-10-21,7927.75,7875.77083325,8058.180795461538
14,2014-10-22,7995.899901999999,7878.362507999999,8058.180795461538
15,2014-10-27,7991.700195,7882.208373833332,8058.180795461538
16,2014-10-28,8027.600098000001,7896.808390166665,8058.180795461538
17,2014-10-29,8090.450195,7917.454223499998,8058.180795461538
18,2014-10-30,8169.200195,7934.841755999998,8058.180795461538
19,2014-10-31,8322.200195,7973.362589333331,8058.180795461538
20,2014-11-03,8324.150391,8010.020955249998,8058.180795461538
21,2014-11-05,8338.299805,8049.545938999999,8058.180795461538
22,2014-11-07,8337.0,8098.612589416665,8058.180795461538
23,2014-11-10,8344.25,8145.658406499999,8058.180795461538
24,2014-11-11,8362.650391,8185.929280583332,8058.180795461538
25,2014-11-12,8383.299805,8223.891764333332,8058.180795461538
26,2014-11-13,8357.849609,8254.054239916664,8058.180795461538
27,2014-11-14,8389.900391,8287.237589583332,8074.757737346154
28,2014-11-17,8430.75,8320.833414749999,8092.6788986923075
29,2014-11-18,8425.900391,8348.787597749999,8111.15392123077
30,2014-11-19,8382.299805,8366.545898583334,8131.534686730769
31,2014-11-20,8401.900391,8373.187581583334,8153.042386576923
32,2014-11-21,8477.349609,8385.954183083333,8172.919302115385
33,2014-11-24,8530.150391,8401.941731916666,8198.696232730768
34,2014-11-25,8463.099609,8412.450032666666,8220.95967923077
35,2014-11-26,8475.75,8423.408366,8244.488525384615
36,2014-11-27,8494.200195,8434.370849666666,8273.180833076924
37,2014-11-28,8588.25,8451.450032583332,8304.278902499998
38,2014-12-01,8555.900391,8467.954264416667,8330.298152076923
39,2014-12-02,8524.700195,8479.187581416665,8353.257774961538
40,2014-12-03,8537.650391,8488.095947333333,8374.094332230768
41,2014-12-04,8564.400391,8499.637614,8396.121262846153
42,2014-12-05,8538.299805,8512.637614,8415.76355926923
43,2014-12-08,8438.25,8515.666748083333,8429.140474846152
44,2014-12-09,8340.700195,8504.279296916666,8435.736628692306
45,2014-12-10,8355.650391,8489.73763025,8437.023174692305
46,2014-12-11,8292.900391,8475.554362083332,8435.821251615384
47,2014-12-12,8224.099609,8454.583496166666,8431.428936384615
48,2014-12-15,8219.599609,8431.700114,8426.913536730768
49,2014-12-16,8067.600098000001,8388.312622166666,8416.273155884614
50,2014-12-17,8029.799805,8344.470906666666,8403.471210269228
51,2014-12-18,8159.299805,8314.020874166667,8394.855825653844
52,2014-12-19,8225.200195,8287.983357833333,8389.753925115383
53,2014-12-22,8324.0,8267.949991916665,8387.219294692306
54,2014-12-23,8267.0,8245.341674833331,8380.921217769228
55,2014-12-24,8174.100098000001,8223.329182999998,8371.236591115383
56,2014-12-26,8200.700195,8211.662516333332,8364.251990730769
57,2014-12-29,8246.299805,8202.549967499997,8358.26735280769
58,2014-12-30,8248.25,8198.829101583331,8349.455829384613
59,2014-12-31,8282.700195,8203.712483749998,8339.938514153844
61,2015-01-02,8395.450195,8218.366699249998,8337.336613615384
62,2015-01-05,8378.400391,8244.266723666666,8333.592397884615
63,2015-01-06,8127.350098000001,8252.395914749997,8319.48277876923
64,2015-01-07,8102.100098000001,8247.629272499997,8300.784705615382
65,2015-01-08,8234.599609,8248.412556999998,8288.426983230767
66,2015-01-09,8284.5,8245.12089033333,8279.188514192305
67,2015-01-12,8323.0,8249.787556999998,8270.932729923075
68,2015-01-13,8299.400391,8260.229248083331,8260.740422230767
69,2015-01-14,8277.549805,8266.633382249998,8250.711576076921
70,2015-01-15,8494.150391,8287.287597749999,8252.861591115383
71,2015-01-16,8513.799805,8309.416748166665,8259.519268423073
72,2015-01-19,8550.700195,8331.750081499998,8267.021183961535
73,2015-01-20,8695.599609,8356.762532666666,8282.509615423074
74,2015-01-21,8729.5,8386.020833416665,8301.948091999997
75,2015-01-22,8761.400391,8438.858357833333,8322.786583615381
76,2015-01-23,8835.599609,8499.983317083332,8352.32502634615
77,2015-01-27,8910.5,8556.308349666666,8386.198110769228
78,2015-01-28,8914.299805,8608.79166675,8415.236572307691
79,2015-01-29,8952.349609,8661.2374675,8443.203857461536
80,2015-01-30,8808.900391,8703.695800833333,8461.853872499998
81,2015-02-02,8797.400391,8747.016683,8482.25388753846
82,2015-02-03,8756.549805,8768.883300833333,8504.65579934615
83,2015-02-04,8723.700195,8786.374999999998,8524.771183961535
84,2015-02-05,8711.700195,8799.791666666666,8542.671198961536
85,2015-02-06,8661.049805,8796.912516333332,8558.548114538458
86,2015-02-09,8526.349609,8779.983317083332,8567.919245846151
87,2015-02-10,8565.549805,8763.662434916665,8574.461538538457
88,2015-02-11,8627.400391,8746.312500083333,8584.03846161538
89,2015-02-12,8711.549805,8729.733317166667,8606.507681115381
90,2015-02-13,8805.5,8720.66666675,8633.561523499997
91,2015-02-16,8809.349609,8708.750000083333,8655.667292730765
92,2015-02-18,8869.099609,8713.766601583333,8678.15189307692
93,2015-02-19,8895.299805,8721.924886083332,8700.163424038457
94,2015-02-20,8833.599609,8728.345703083332,8720.709547807688
95,2015-02-23,8754.950195,8730.949869749998,8739.071101269226
96,2015-02-24,8762.099609,8735.149820916666,8749.376840423072
97,2015-02-25,8767.25,8743.999837166664,8759.12492484615
98,2015-02-26,8683.849609,8757.124837166664,8764.246056153843
99,2015-02-27,8844.599609,8780.378987499998,8769.97682538461
101,2015-03-02,8956.75,8807.824788249998,8778.717209999995
102,2015-03-03,8996.25,8831.549804499997,8787.749887269227
103,2015-03-04,8922.650391,8841.312337083331,8791.097994269227
104,2015-03-05,8937.75,8852.012369666665,8792.146071192303
105,2015-03-09,8756.75,8842.649902249997,8786.086463307689
106,2015-03-10,8712.049805,8827.379068916665,8776.844163153843
107,2015-03-11,8699.950195,8816.241617749998,8772.653770999996
108,2015-03-12,8776.0,8817.995768166666,8771.830679038458
109,2015-03-13,8647.75,8808.466634083332,8767.646071153842
110,2015-03-16,8633.150391,8797.291666666666,8764.163386384611
111,2015-03-17,8723.299805,8800.579183,8764.609525230764
112,2015-03-18,8685.900391,8787.354248166666,8765.565316999997
113,2015-03-19,8634.650391,8760.512614083333,8769.730731692303
114,2015-03-20,8570.900391,8725.066813333333,8769.936523461536
115,2015-03-23,8550.900391,8694.087646666667,8766.994215769228
116,2015-03-24,8542.950195,8661.187662916667,8760.509615384613
117,2015-03-25,8530.799805,8642.35848,8749.944223269227
118,2015-03-26,8342.150391,8611.533528833334,8731.97502257692
119,2015-03-27,8341.400391,8581.654378500001,8711.67889880769
120,2015-03-30,8492.299805,8558.012695583335,8696.17889880769
121,2015-03-31,8491.0,8544.950195583335,8683.00199076923
122,2015-04-01,8586.25,8541.041829666667,8676.513521730767
123,2015-04-06,8659.900391,8535.758545166667,8672.582782576921
124,2015-04-07,8660.299805,8533.625163,8668.469313538459
125,2015-04-08,8714.400391,8540.270996333335,8669.644343615382
126,2015-04-09,8778.299805,8557.554280833334,8667.094351153843
127,2015-04-10,8780.349609,8576.675049,8660.309720730766
128,2015-04-13,8834.0,8600.929199416667,8654.06933611538
130,2015-04-16,8706.700195,8615.58756525,8645.763559346151
131,2015-04-17,8606.0,8637.575032666666,8633.003943961536
132,2015-04-20,8448.099609,8646.466634166665,8621.13277507692
133,2015-04-21,8377.75,8636.920817083332,8608.275090269228
134,2015-04-22,8429.700195,8631.812499999998,8597.880859499997
135,2015-04-23,8398.299805,8616.14998375,8583.353928923074
136,2015-04-24,8305.25,8586.5957845,8570.180851999998
137,2015-04-27,8213.799805,8549.387451166665,8554.051983307689
138,2015-04-28,8285.599609,8513.654052666665,8537.217360384613
139,2015-04-29,8239.75,8468.774902249997,8520.057729961536
140,2015-04-30,8181.5,8418.870768166666,8502.628868769227
141,2015-05-04,8331.950195,8377.033284416664,8493.438476615382
142,2015-05-05,8324.799805,8345.208251916665,8484.742300230766
143,2015-05-06,8097.0,8302.79158525,8467.590369653843
144,2015-05-07,8057.299805,8270.224934916665,8449.378831192304
145,2015-05-08,8191.5,8254.704101583333,8443.584585384611
146,2015-05-11,8325.25,8245.999918666666,8442.963416499995
147,2015-05-12,8126.950195,8223.387451166665,8428.911508423074
148,2015-05-13,8235.450195,8217.570800749998,8419.082669769228
149,2015-05-14,8224.200195,8218.437499916665,8405.157677269228
150,2015-05-15,8262.349609,8216.499999916665,8389.867262576921
151,2015-05-18,8373.650391,8227.658365833331,8378.842285115383
152,2015-05-19,8365.650391,8243.00423175,8365.428823576922
153,2015-05-20,8423.25,8250.612548833333,8351.773061846152
154,2015-05-21,8421.0,8258.62923175,8337.95192303846
155,2015-05-22,8458.950195,8288.791747999998,8323.52693053846
156,2015-05-25,8370.25,8314.870930916664,8310.586538423075
157,2015-05-26,8339.349609,8327.191731666664,8300.330754153845
158,2015-05-27,8334.599609,8327.970865749998,8295.96536953846
159,2015-05-28,8319.0,8343.975016166665,8293.705754153845
160,2015-05-29,8433.650391,8360.491699166665,8293.85768476923
161,2015-06-01,8433.400391,8377.925048833333,8295.20770730769
162,2015-06-02,8236.450195,8375.766764333332,8292.561560961538
163,2015-06-03,8135.100098000001,8355.887573249998,8289.534649153846
164,2015-06-04,8130.649901999999,8336.304199166665,8283.575045038462
165,2015-06-05,8114.700195,8310.591715416665,8278.765437153847
166,2015-06-08,8044.149901999999,8279.187540583333,8273.482741076923
167,2015-06-09,8022.399901999999,8242.8083495,8261.576960576924
168,2015-06-10,8124.450195,8222.325032416666,8253.871206346155
169,2015-06-11,7965.350098000001,8191.158406499999,8248.807748576924
170,2015-06-12,7982.899901999999,8161.850097583333,8245.946213846155
171,2015-06-15,8013.899901999999,8136.425089416666,8239.115440846155
172,2015-06-16,8047.299805,8104.2292072499995,8228.42504873077
173,2015-06-17,8091.549805,8075.741658416667,8227.06349526923
174,2015-06-18,8174.600098000001,8070.587483666666,8224.723106923077
175,2015-06-19,8224.950195,8078.07499175,8224.751953076922
176,2015-06-22,8353.099609,8096.6124673333325,8228.242337692307
177,2015-06-23,8381.549805,8118.849934833333,8228.546161307691
178,2015-06-24,8360.849609,8145.241577083332,8228.361515846153
179,2015-06-25,8398.0,8176.541585249998,8227.390361999998
180,2015-06-26,8381.099609,8197.929036416665,8225.855731576921
181,2015-06-29,8318.400391,8227.349894166666,8220.449969884614
182,2015-06-30,8368.5,8259.483235666665,8220.382662192305
183,2015-07-01,8453.049805,8296.079060916665,8224.755746653844
184,2015-07-02,8444.900391,8329.212443083332,8228.998084423076
185,2015-07-03,8484.900391,8361.991658583333,8235.378868692305
186,2015-07-06,8522.150391,8390.954183,8238.782714846153
187,2015-07-07,8510.799805,8414.774983833333,8241.759615384613
188,2015-07-08,8363.049805,8415.604166833333,8246.628831153843
189,2015-07-09,8328.549805,8411.187500166667,8254.069204499996
190,2015-07-10,8360.549805,8411.1625165,8262.911508461535
191,2015-07-13,8459.650391,8416.300049083335,8276.178823692304
192,2015-07-14,8454.099609,8422.383382416667,8291.946120115379
193,2015-07-15,8523.799805,8439.50000025,8311.230731769225
194,2015-07-16,8608.049805,8459.462484000001,8329.830716769224
195,2015-07-17,8609.849609,8472.529134333334,8354.619159499995
196,2015-07-20,8603.450195,8485.741618,8378.486478461533
197,2015-07-21,8529.450195,8489.454101666666,8398.31533588461
198,2015-07-22,8633.5,8498.73323575,8420.861497230764
199,2015-07-23,8589.799805,8505.316569083332,8440.024958769225
200,2015-07-24,8521.549805,8518.524902416666,8453.369178269226
201,2015-07-27,8361.0,8521.229085333332,8458.601863076918
202,2015-07-28,8337.0,8519.266601583333,8457.982647346147
203,2015-07-29,8375.049805,8512.216552749998,8457.732647346147
204,2015-07-30,8421.799805,8509.524902416666,8460.07688565384
205,2015-07-31,8532.849609,8510.279052749998,8465.263409076917
206,2015-08-03,8543.049805,8504.862386083332,8471.492262769225
207,2015-08-04,8516.900391,8497.116617916667,8479.12687815384
208,2015-08-05,8567.950195,8494.158284583333,8486.798039499994
209,2015-08-06,8588.650391,8499.09163425,8492.01344665384
210,2015-08-07,8564.599609,8493.349935,8496.617262730764
211,2015-08-10,8525.599609,8487.999918666666,8498.182617269225
212,2015-08-11,8462.349609,8483.066568999999,8495.882587192302
213,2015-08-12,8349.450195,8482.10408525,8489.676832961533
214,2015-08-13,8355.849609,8483.674885999999,8489.39990234615
215,2015-08-14,8518.549805,8495.633219333331,8496.70759465384
216,2015-08-17,8477.299805,8500.258219333331,8501.197979269225
217,2015-08-18,8466.549805,8494.733235666665,8501.463341346149
218,2015-08-19,8495.150391,8490.741617833331,8503.042217576918
219,2015-08-20,8372.75,8478.72908525,8497.232609692303
220,2015-08-21,8299.950195,8456.395751916665,8485.382624692304
221,2015-08-24,7809.0,8391.424885999999,8454.580716653842
222,2015-08-25,7880.700195,8334.433268166666,8426.782639730765
223,2015-08-26,7791.850098000001,8273.28747558333,8398.413405230765
224,2015-08-27,7948.950195,8230.504191083332,8372.08456657692
225,2015-08-28,8001.950195,8201.545857749998,8349.474966192305
226,2015-08-31,7971.299805,8169.500040749998,8328.311504653842
227,2015-09-01,7785.850098000001,8108.441731833332,8306.19035457692
228,2015-09-02,7717.0,8045.083414749998,8282.344200730766
229,2015-09-03,7823.0,7991.454264333331,8261.111515923074
230,2015-09-04,7655.049805,7921.445882166664,8231.62113130769
231,2015-09-07,7558.799805,7853.6166992499975,8194.157677307689
232,2015-09-08,7688.25,7802.641682999998,8161.280761730766
233,2015-09-09,7818.600098000001,7803.441691166664,8134.423058153843
234,2015-09-10,7788.100098000001,7795.725016416664,8104.428823653842
235,2015-09-11,7789.299805,7795.512491999998,8073.6845703461495
236,2015-09-14,7872.25,7789.120809083332,8047.0557392307655
237,2015-09-15,7829.100098000001,7774.716634333331,8020.267296499996
238,2015-09-16,7899.149901999999,7768.704142416665,7998.605769307688
239,2015-09-18,7981.899901999999,7785.041626083333,7984.4692195769185
240,2015-09-21,7977.100098000001,7806.716634249999,7969.901930692304
241,2015-09-22,7812.0,7805.799967583332,7942.726938192304
242,2015-09-23,7845.950195,7821.708333416665,7918.444260884613
243,2015-09-24,7868.5,7847.516682999998,7895.44234530769
244,2015-09-28,7795.700195,7856.4708659166645,7868.540414692306
245,2015-09-29,7843.299805,7858.529174833332,7848.176945653844
246,2015-09-30,7948.899901999999,7871.929158499999,7834.67501130769
247,2015-10-01,7950.899901999999,7885.39583325,7840.132699846151
248,2015-10-05,8119.299805,7905.983316999999,7849.309607923074
249,2015-10-06,8152.899901999999,7932.966634,7863.1961388461505
250,2015-10-07,8177.399901999999,7956.154134,7871.982666038458
251,2015-10-08,8129.350098000001,7968.441650333333,7876.882662307688
252,2015-10-09,8189.700195,7986.158325083333,7885.2826773076895
253,2015-10-12,8143.600098000001,8013.791666583333,7899.042292692305
254,2015-10-13,8131.700195,8037.604166583333,7914.992300192305
255,2015-10-14,8107.899901999999,8057.554158416667,7925.949988730767
256,2015-10-15,8179.5,8089.5374755,7946.121150076921
257,2015-10-16,8238.150391,8122.441691,7972.250018769229
258,2015-10-19,8275.049805,8149.620849583333,7994.819242038459
259,2015-10-20,8261.650391,8175.516723666667,8011.859637923075
260,2015-10-21,8251.700195,8186.5500895,8029.690410884615
261,2015-10-23,8295.450195,8198.429280583332,8049.157733576923
262,2015-10-26,8260.549805,8205.358439166665,8064.092341461538
263,2015-10-27,8232.900391,8213.98763025,8079.623121961538
264,2015-10-28,8171.200195,8212.445963583332,8090.086594769231
265,2015-10-29,8111.75,8209.791788749999,8095.0808293076925
266,2015-10-30,8065.799805,8204.300089583334,8098.4923565
267,2015-11-02,8050.799805,8199.541748166666,8107.676964384615
268,2015-11-03,8060.700195,8189.641764416666,8115.93657976923
269,2015-11-04,8040.200195,8173.145914749999,8122.540433423076
270,2015-11-05,7955.450195,8146.512613916665,8128.6846641923075
271,2015-11-06,7954.299805,8120.900065083332,8132.953894961538
272,2015-11-09,7915.200195,8092.858398416665,8131.657752384615
273,2015-11-10,7783.350098000001,8050.183390333332,8125.213529153845
274,2015-11-13,7762.25,8008.658406583331,8111.480844346153
275,2015-11-16,7806.600098000001,7973.133382166664,8098.161621115384
276,2015-11-17,7837.549805,7945.329182999998,8085.09046353846
277,2015-11-18,7731.799805,7913.6666667499985,8069.800067653845
278,2015-11-19,7842.75,7895.079182999998,8056.455829384614
279,2015-11-20,7856.549805,7878.891682999998,8045.415433499998
280,2015-11-23,7849.25,7861.270833416665,8034.551964461536
281,2015-11-24,7831.600098000001,7843.887491999998,8023.925048923074
282,2015-11-26,7883.799805,7837.916626166665,8012.551964499997
283,2015-11-27,7942.700195,7836.949991999998,8001.188495423074
284,2015-11-30,7935.25,7838.620809083332,7988.119272153844
285,2015-12-01,7954.899901999999,7852.916626083333,7976.321176423075
286,2015-12-02,7931.350098000001,7867.008300916666,7964.000018846151
287,2015-12-03,7864.149901999999,7871.804117916666,7947.411546038458
288,2015-12-04,7781.899901999999,7867.166625999999,7929.0019343846125
289,2015-12-07,7765.399901999999,7869.966634083333,7911.021146346151
290,2015-12-08,7701.700195,7858.212483666666,7892.963454038459
291,2015-12-09,7612.5,7837.874999916666,7873.761530961536
292,2015-12-10,7683.299805,7824.045816999999,7859.049992499998
293,2015-12-11,7610.450195,7805.616658416667,7842.11346903846
294,2015-12-14,7650.049805,7786.13749175,7826.319223269228
295,2015-12-15,7700.899901999999,7765.987467333333,7813.269211999997
296,2015-12-16,7750.899901999999,7750.624959166667,7805.401893038458
297,2015-12-17,7844.350098000001,7741.4124755,7801.173058153843
298,2015-12-18,7761.950195,7727.295816916667,7795.278827384613
299,2015-12-21,7834.450195,7724.820841333333,7797.244215730767
300,2015-12-22,7786.100098000001,7725.170857666665,7798.161527192306
301,2015-12-23,7865.950195,7733.5500487499985,7800.444223230767
302,2015-12-24,7861.049805,7746.829182916666,7801.348069384613
303,2015-12-28,7925.149901999999,7772.883341416666,7808.784611576922
304,2015-12-29,7928.950195,7793.354207249999,7812.100003692307
305,2015-12-30,7896.25,7817.170857666665,7813.62693426923
306,2015-12-31,7946.350098000001,7841.8625487499985,7817.361553423077
308,2016-01-04,7791.299805,7849.395873999998,7815.811542153845
309,2016-01-05,7784.649901999999,7852.208373999998,7811.9980843461535
310,2016-01-06,7741.0,7843.595865833332,7804.240384538461
311,2016-01-07,7568.299805,7827.458333333332,7790.126915499999
312,2016-01-08,7601.350098000001,7808.033325249999,7776.528846115383
313,2016-01-11,7563.850098000001,7789.512491916666,7762.394230730768
314,2016-01-12,7510.299805,7759.874959416666,7748.784611615382
315,2016-01-13,7562.399901999999,7734.987467499999,7740.342303923075
316,2016-01-14,7536.799805,7702.624959416666,7731.549992499998
317,2016-01-15,7437.799805,7661.69576025,7721.399977499997
318,2016-01-18,7351.0,7616.25826025,7711.342285192304
319,2016-01-19,7435.100098000001,7573.654093583333,7701.7961426153815
320,2016-01-20,7309.299805,7533.487426916666,7690.213435307688
321,2016-01-21,7276.799805,7491.166585499999,7675.857666076919
322,2016-01-22,7422.450195,7464.620768416666,7665.148061961534
323,2016-01-25,7436.149901999999,7453.608276499999,7653.042292730765
324,2016-01-27,7437.75,7439.974934999999,7637.403827423073
325,2016-01-28,7424.649901999999,7428.374918666667,7624.4307392307655
326,2016-01-29,7563.549805,7432.812418666667,7614.011493461533
327,2016-02-01,7555.950195,7432.274943083333,7605.159574115381
328,2016-02-02,7455.549805,7425.50410975,7589.374943730764
329,2016-02-03,7361.799805,7419.170776416667,7570.1730206538405
330,2016-02-04,7404.0,7423.587443083333,7550.128793653841
331,2016-02-05,7489.100098000001,7428.087443083333,7533.211482230763
332,2016-02-08,7387.25,7434.583292666666,7513.63455915384
333,2016-02-09,7298.200195,7436.366658499999,7488.705716730764
334,2016-02-10,7215.700195,7419.137491833332,7466.567270192303
335,2016-02-11,6976.350098000001,7380.820841499998,7435.4788161923025
336,2016-02-12,6980.950195,7342.7541910833315,7406.246131384611
337,2016-02-15,7162.950195,7320.945882166664,7390.655761769227
338,2016-02-16,7048.25,7278.004231749997,7369.38268107692
339,2016-02-17,7108.450195,7240.71256508333,7351.867300192305
340,2016-02-18,7191.75,7218.729247999997,7339.615384615382
341,2016-02-19,7210.75,7206.141764249997,7326.090388384613
342,2016-02-22,7234.549805,7192.020914666664,7314.465388384613
343,2016-02-23,7109.549805,7160.391723583331,7301.840388384613
344,2016-02-24,7018.700195,7129.679239833331,7289.059626653844
345,2016-02-25,6970.600098000001,7102.379231749997,7271.194242038459
346,2016-02-26,7029.75,7086.883382166664,7260.442326461537
347,2016-02-29,6987.049805,7087.775024416665,7249.298095692307
348,2016-03-01,7222.299805,7107.887491916666,7241.600003769228
349,2016-03-02,7368.850098000001,7125.045817166665,7239.011549769228
350,2016-03-03,7475.600098000001,7160.658325333331,7240.467322769227
351,2016-03-04,7485.350098000001,7192.0666505833315,7242.801945692305
352,2016-03-08,7485.299805,7216.529134333331,7239.792330307689
353,2016-03-09,7531.799805,7243.2832847499985,7238.863469153842
354,2016-03-10,7486.149901999999,7264.249959499998,7240.040395961535
355,2016-03-11,7510.200195,7297.637491999998,7245.7481032692285
356,2016-03-14,7538.75,7340.9749757499985,7250.93079557692
357,2016-03-15,7460.600098000001,7381.808309083332,7249.834641730767
358,2016-03-16,7498.75,7420.891642416665,7254.1231032692285
359,2016-03-17,7512.549805,7464.683309083332,7262.367319038458
360,2016-03-18,7604.350098000001,7496.520833499998,7277.315392230765
361,2016-03-21,7704.25,7524.470825333331,7305.311542307688
362,2016-03-22,7714.899901999999,7544.412475666665,7333.540377192303
363,2016-03-23,7716.5,7563.674967499999,7354.830754307687
364,2016-03-28,7615.100098000001,7574.491658583332,7376.632681153841
365,2016-03-29,7597.0,7579.925008166665,7395.423058269225
366,2016-03-30,7735.200195,7600.6791992499975,7416.324988846149
367,2016-03-31,7738.399901999999,7619.695841499998,7436.619215846149
368,2016-04-01,7713.049805,7634.220825249999,7455.023061999995
369,2016-04-04,7758.799805,7659.070800833332,7479.994215846149
370,2016-04-05,7603.200195,7667.774983749999,7502.4749850769185
371,2016-04-06,7614.350098000001,7676.258341499998,7527.234600461534
372,2016-04-07,7546.450195,7671.433349583332,7547.107684884611
373,2016-04-08,7555.200195,7659.012532499998,7568.959622961535
374,2016-04-11,7671.399901999999,7655.387532499998,7586.232703615382
375,2016-04-12,7708.950195,7654.7583820833315,7599.313476576921
376,2016-04-13,7850.450195,7674.370890166665,7613.730787999999
377,2016-04-18,7914.700195,7700.845906416665,7630.24425326923
378,2016-04-20,7914.75,7715.808390166665,7646.761568461538
379,2016-04-21,7912.049805,7730.279215416665,7661.386568461538
380,2016-04-22,7899.299805,7745.8000487499985,7677.276949346153
381,2016-04-25,7855.049805,7753.8208820833315,7690.540395884614
382,2016-04-26,7962.649901999999,7783.775024333332,7706.844238269229
383,2016-04-27,7979.899901999999,7814.237507999999,7726.817307653845
384,2016-04-28,7847.25,7839.304158416667,7740.221153807691
385,2016-04-29,7849.799805,7863.854125916667,7753.192307653845
386,2016-05-02,7805.899901999999,7875.06245925,7760.944223192307
387,2016-05-03,7747.0,7878.233276333333,7762.588453961537
388,2016-05-04,7706.549805,7866.241577166667,7762.2672963846135
389,2016-05-05,7735.5,7851.308227583334,7762.998065615383
390,2016-05-06,7733.450195,7836.1999105,7767.549992423076
391,2016-05-09,7866.049805,7832.366577166667,7777.898061846152
392,2016-05-10,7887.799805,7831.408243833334,7783.767277615382
393,2016-05-11,7848.850098000001,7830.891601583334,7788.015362076921
394,2016-05-12,7900.399901999999,7825.704101583334,7795.22113503846
395,2016-05-13,7814.899901999999,7811.954101583334,7797.378831076921
396,2016-05-16,7860.75,7813.079101583334,7807.28459280769
397,2016-05-17,7890.75,7816.491617833333,7817.915358269229
398,2016-05-18,7870.149901999999,7821.8457845,7830.365346999998
399,2016-05-19,7783.399901999999,7824.879109666667,7839.14225880769
400,2016-05-20,7749.700195,7828.4749755,7842.153808538459
401,2016-05-23,7731.049805,7828.104125916667,7843.003793538459
402,2016-05-24,7748.850098000001,7829.387451166666,7839.096097499996
403,2016-05-25,7934.899901999999,7835.12495925,7839.873009307688
404,2016-05-26,8069.649901999999,7850.279134,7845.83069784615
405,2016-05-27,8156.649901999999,7875.9291176666675,7855.238393884612
406,2016-05-30,8178.5,7899.104125833334,7865.976862923074
407,2016-05-31,8160.100098000001,7927.870808833333,7877.709566499998
408,2016-06-01,8179.950195,7954.470825083333,7886.067270076921
409,2016-06-02,8218.950195,7981.820841333333,7895.261512115383
410,2016-06-03,8220.799805,8011.041666583333,7909.62881230769
411,2016-06-06,8201.049805,8045.845825166666,7923.138427692305
412,2016-06-07,8266.450195,8088.908325166666,7940.851900499998
413,2016-06-08,8273.049805,8134.074991833332,7961.08458530769
414,2016-06-09,8203.599609,8171.970784416666,7980.201885461536
415,2016-06-10,8170.049805,8191.5666096666655,7996.915339499998
416,2016-06-13,8110.600098000001,8194.979125999998,8011.421104999997
417,2016-06-14,8108.850098000001,8190.995808999997,8020.759577807689
418,2016-06-15,8206.599609,8193.33744308333,8033.021108730767
419,2016-06-16,8140.75,8191.724934916664,8044.248028038459
420,2016-06-17,8170.200195,8190.912434916664,8054.624962384613
421,2016-06-20,8238.5,8192.54158533333,8070.917273846151
422,2016-06-21,8219.900391,8192.466634166665,8084.730750423075
423,2016-06-22,8203.700195,8192.687499999998,8096.7672963846135
424,2016-06-23,8270.450195,8193.02083333333,8112.163461499998
425,2016-06-24,8088.600098000001,8177.650024416664,8123.901930576922
426,2016-06-27,8094.700195,8168.575073249997,8137.171161346152
427,2016-06-28,8127.850098000001,8165.058430999997,8152.432711076922
428,2016-06-29,8204.0,8172.841756166664,8169.93847653846
429,2016-06-30,8287.75,8187.750081333331,8183.509634153845
430,2016-07-01,8328.349609,8197.895914666664,8193.459622884613
431,2016-07-04,8370.700195,8217.058430916664,8201.692326461536
432,2016-07-05,8335.950195,8230.870930916664,8207.748103192307
433,2016-07-07,8337.900391,8239.15429683333,8214.586576
434,2016-07-08,8323.200195,8247.76261383333,8220.096191384615
435,2016-07-11,8467.900391,8269.77929683333,8229.671198923075
436,2016-07-12,8521.049805,8290.662597666664,8241.219275846153
437,2016-07-13,8519.5,8326.57092283333,8253.467360269231
438,2016-07-14,8565.0,8365.762573249998,8264.950045076923
439,2016-07-15,8541.400391,8400.225097666666,8275.271221461539
440,2016-07-18,8508.700195,8425.616780583332,8287.005859384615
441,2016-07-19,8528.549805,8445.683431,8300.794320923076
442,2016-07-20,8565.849609,8465.475097666666,8318.3039175
443,2016-07-21,8510.099609,8477.091715499999,8333.736591
444,2016-07-22,8541.200195,8494.195882166665,8346.605844307693
445,2016-07-25,8635.650391,8519.008382166665,8365.64047473077
446,2016-07-26,8590.650391,8541.295898499999,8381.811636115384
447,2016-07-27,8615.799805,8553.620849666666,8396.323167076924
448,2016-07-28,8666.299805,8565.725016333332,8413.492375307691
449,2016-07-29,8638.5,8575.641683,8430.215444730768
450,2016-08-01,8636.549805,8581.60416675,8444.296198961536
451,2016-08-02,8622.900391,8588.395833416665,8464.846210230768
452,2016-08-03,8544.849609,8591.408284583333,8482.159649230767
453,2016-08-04,8551.099609,8593.287434916665,8498.438476576921
454,2016-08-05,8683.150391,8603.062500083333,8516.867337769228
455,2016-08-08,8711.349609,8619.833333416665,8533.159630423075
456,2016-08-09,8678.25,8631.254150499999,8546.617337769228
457,2016-08-10,8575.299805,8626.224935,8554.486553538458
458,2016-08-11,8592.150391,8626.349935,8564.340407230766
460,2016-08-16,8642.549805,8628.579101666666,8576.057692384611
461,2016-08-17,8624.049805,8625.058268333332,8587.628831230764
462,2016-08-18,8673.25,8627.954101666666,8595.52689311538
463,2016-08-19,8666.900391,8630.483317166667,8601.136531038457
464,2016-08-22,8629.150391,8631.004150499999,8605.353853769226
465,2016-08-23,8632.599609,8638.316650499999,8607.953838730766
466,2016-08-24,8650.299805,8646.5833335,8612.142277730763
467,2016-08-25,8592.200195,8639.004150499999,8615.353816192302
468,2016-08-26,8572.549805,8627.437500166667,8617.046123884611
469,2016-08-29,8607.450195,8621.537516416667,8618.646146423072
470,2016-08-30,8744.349609,8635.625000083333,8627.655761807688
471,2016-08-31,8786.200195,8651.795817083332,8637.078838730766
472,2016-09-01,8774.650391,8662.804199249998,8642.424992576918
473,2016-09-02,8809.650391,8678.270914749999,8650.848069499996
474,2016-09-06,8943.0,8700.750081416665,8663.432692384611
475,2016-09-07,8917.950195,8721.670898416665,8673.111553538458
476,2016-09-08,8952.5,8748.616699166665,8685.188476615382
477,2016-09-09,8866.700195,8768.125081333332,8694.040414692307
478,2016-09-12,8715.599609,8773.566731666664,8697.605769230768
479,2016-09-14,8726.599609,8784.766682833331,8704.596153846152
480,2016-09-15,8742.549805,8798.933349499997,8711.959622923074
481,2016-09-16,8779.849609,8813.29996733333,8715.678823615382
482,2016-09-19,8808.400391,8818.637532499999,8719.411545999998
483,2016-09-20,8775.900391,8817.779215499999,8723.167330269229
484,2016-09-21,8777.150391,8817.987548833333,8730.930814346151
485,2016-09-22,8867.450195,8822.804199166665,8741.519268346152
486,2016-09-23,8831.549805,8813.516682916665,8748.788499115382
487,2016-09-26,8723.049805,8797.27498375,8752.596191423076
488,2016-09-27,8706.400391,8776.766683,8753.871206461537
489,2016-09-28,8745.150391,8766.637532666666,8756.880821846153
490,2016-09-29,8591.25,8756.27506525,8755.423114499998
491,2016-09-30,8611.150391,8746.654297083334,8754.598144576921
492,2016-10-03,8738.099609,8746.283447416667,8757.975060115383
493,2016-10-04,8769.150391,8745.391845916667,8764.780836884614
494,2016-10-05,8743.950195,8740.02099625,8771.373159576922
495,2016-10-06,8709.549805,8734.49178075,8775.300067653845
496,2016-10-07,8697.599609,8727.862548916666,8773.501990730769
497,2016-10-10,8708.799805,8714.641683083333,8770.525052653844
498,2016-10-13,8573.349609,8693.125000083333,8762.782714884614
499,2016-10-14,8583.400391,8681.487548916666,8754.08079180769
500,2016-10-17,8520.400391,8665.987548916666,8737.826960692306
501,2016-10-18,8677.900391,8660.38338225,8728.594275923075
502,2016-10-19,8659.099609,8666.037516333332,8717.309645499998
503,2016-10-20,8699.400391,8673.391683,8710.875037653843
504,2016-10-21,8693.049805,8669.637532666666,8710.007737499996
505,2016-10-24,8708.950195,8664.620849666666,8709.328913884612
506,2016-10-25,8691.299805,8660.233317166667,8707.357760038458
507,2016-10-26,8615.25,8652.375000083333,8701.02700584615
508,2016-10-27,8615.25,8645.512532666666,8693.598144653843
509,2016-10-28,8638.0,8639.612548916666,8688.294283461535
510,2016-11-01,8626.25,8644.020914833332,8682.490422269228
511,2016-11-02,8514.0,8638.237548916666,8668.896183999996
512,2016-11-03,8484.950195,8635.283365916666,8655.565429769227
513,2016-11-04,8433.75,8614.937499999998,8644.438514192305
514,2016-11-07,8497.049805,8601.433349666666,8636.38656857692
515,2016-11-08,8543.549805,8588.445800833333,8628.632699884613
516,2016-11-09,8432.0,8566.691650416666,8622.507699884613
517,2016-11-10,8525.75,8551.4249675,8619.223069461535
518,2016-11-11,8296.299805,8518.508300833333,8602.23076930769
519,2016-11-15,8108.450195,8476.27498375,8576.819223307688
520,2016-11-16,8111.600098000001,8434.304158583333,8552.498065730764
521,2016-11-17,8079.950195,8387.800008166665,8528.28269611538
522,2016-11-18,8074.100098000001,8341.787516333332,8504.301945692305
523,2016-11-21,7929.100098000001,8293.045857833331,8474.313495423074
524,2016-11-22,8002.299805,8252.824991999998,8452.350041423073
525,2016-11-23,8033.299805,8219.454142416665,8431.192326576918
526,2016-11-24,7965.5,8175.158325333331,8409.85000384615
527,2016-11-25,8114.299805,8139.387491999998,8388.173058230765
528,2016-11-28,8126.899901999999,8113.962483833332,8367.703838730766
529,2016-11-29,8142.149901999999,8081.995808999999,8346.27112761538
530,2016-11-30,8224.5,8076.012491916666,8328.249981269228
531,2016-12-01,8192.900391,8083.050008249999,8308.401911884612
532,2016-12-02,8086.799805,8080.983317166666,8285.151911884612
533,2016-12-05,8128.75,8085.0499675833335,8266.440373423073
534,2016-12-06,8143.149901999999,8090.804117916668,8248.28267734615
535,2016-12-07,8102.049805,8105.216593500001,8227.669208307689
536,2016-12-08,8246.849609,8125.595743833334,8213.076885576918
537,2016-12-09,8261.75,8144.633260083334,8203.374962499995
538,2016-12-12,8170.799805,8161.741577166667,8191.292255192302
539,2016-12-13,8221.799805,8170.6999105,8183.140324615379
540,2016-12-14,8182.450195,8175.329101583334,8171.04033961538
541,2016-12-15,8153.600098000001,8176.283284583333,8156.042273961533
542,2016-12-16,8139.450195,8169.195800833332,8144.790358384611
543,2016-12-19,8104.350098000001,8161.816609749999,8128.58266984615
544,2016-12-20,8082.399901999999,8161.449951166665,8120.355750499996
545,2016-12-21,8061.299805,8155.829101583332,8118.542273961533
546,2016-12-22,7979.100098000001,8142.158284583332,8113.44612011538
547,2016-12-23,7985.75,8132.466634166664,8109.823035692302
548,2016-12-26,7908.25,8104.2500000833315,8103.444185769225
549,2016-12-27,8032.850098000001,8085.1750082499975,8107.43457038461
550,2016-12-28,8034.850098000001,8073.845865999997,8108.686504730765
551,2016-12-29,8103.600098000001,8063.995890416663,8111.390362153842
552,2016-12-30,8185.799805,8064.27502458333,8119.863431576918
553,2017-01-02,8179.5,8066.433349749997,8122.371131384611
554,2017-01-03,8192.25,8070.833333499998,8124.884596692303
555,2017-01-04,8190.5,8078.012491999998,8126.744215846149
556,2017-01-05,8273.799805,8093.9624839166645,8128.640362192303
557,2017-01-06,8243.799805,8109.1708172499975,8130.598031961533
558,2017-01-09,8236.049805,8130.583292833332,8136.338416576918
559,2017-01-10,8288.599609,8155.820760249998,8142.486478461533
560,2017-01-11,8380.650391,8195.187459499999,8151.62111265384
561,2017-01-12,8407.200195,8226.383300916665,8163.357666115379
562,2017-01-13,8400.349609,8256.8415935,8169.261512269226
563,2017-01-16,8412.799805,8282.60823575,8175.071120153841
564,2017-01-17,8398.0,8300.291585333332,8183.809589192302
565,2017-01-18,8417.0,8320.083251999999,8191.317288999995
566,2017-01-19,8435.099609,8340.320719416666,8201.03457415384
567,2017-01-20,8349.349609,8353.558186833332,8208.563401499994
568,2017-01-23,8391.5,8363.366536416665,8218.257624769225
569,2017-01-24,8475.799805,8382.699869749998,8232.544151961532
570,2017-01-25,8602.75,8413.258219333331,8252.557617269225
571,2017-01-27,8641.25,8442.645751916665,8274.863393999995
572,2017-01-30,8632.75,8463.654052666665,8300.00377484615
573,2017-01-31,8561.299805,8476.495686833332,8322.140305807687
574,2017-02-01,8716.400391,8502.833251999999,8353.22301315384
575,2017-02-02,8734.25,8529.620768249999,8380.199932461534
576,2017-02-03,8740.950195,8558.199951166665,8407.357628499994
577,2017-02-06,8801.049805,8590.204101583333,8434.182617230765
578,2017-02-07,8768.299805,8617.970784583333,8456.58646338461
579,2017-02-08,8769.049805,8652.945800916666,8479.261455884609
580,2017-02-09,8778.400391,8685.187500166667,8501.805701692301
581,2017-02-10,8793.549805,8711.666666833333,8524.999924961532
582,2017-02-13,8805.049805,8728.524983916666,8545.432617269225
583,2017-02-14,8792.299805,8741.112467666668,8566.528771115378
584,2017-02-15,8724.700195,8748.774983916666,8585.32301688461
585,2017-02-16,8778.0,8766.8333335,8604.14610884615
586,2017-02-17,8821.700195,8775.608317166667,8621.10956284615
587,2017-02-20,8879.200195,8787.687500083333,8639.263408999996
588,2017-02-21,8907.849609,8801.595784583333,8658.782639769226
589,2017-02-22,8926.900391,8812.083333416665,8678.555739230766
590,2017-02-23,8939.5,8826.350016333332,8699.382662307687
591,2017-02-27,8896.700195,8836.987548833333,8717.832669807689
592,2017-02-28,8879.599609,8845.420816999998,8734.928823653843
593,2017-03-01,8945.799805,8858.108316999998,8757.869215807688
594,2017-03-02,8899.75,8865.999999916665,8777.417292730765
595,2017-03-03,8897.549805,8874.770833249999,8793.638446576919
596,2017-03-06,8963.450195,8894.66666658333,8807.511530999996
597,2017-03-07,8946.900391,8908.741699166665,8819.267315269228
598,2017-03-08,8924.299805,8917.291666666666,8830.48076930769
599,2017-03-09,8927.0,8921.27498375,8844.546161423073
600,2017-03-10,8934.549805,8923.500000083333,8852.936523499997
601,2017-03-14,9087.0,8936.841634166665,8866.503831192304
602,2017-03-15,9084.799805,8948.949951249999,8879.728816192302
603,2017-03-16,9153.700195,8970.366617916667,8893.292292730765
604,2017-03-17,9160.049805,8993.737467583333,8908.359600423073
605,2017-03-20,9126.849609,9008.824951249999,8922.12113134615
606,2017-03-21,9121.5,9027.304117916667,8935.317270153842
607,2017-03-22,9030.450195,9038.379150416666,8944.428823615382
608,2017-03-23,9086.299805,9048.616617916667,8955.24613130769
609,2017-03-24,9108.0,9062.041585333332,8967.388446499997
610,2017-03-27,9045.200195,9072.116617833331,8979.715369576921
611,2017-03-28,9100.799805,9086.599934916665,8992.130746692304
612,2017-03-29,9143.799805,9104.037434916665,9004.519193230766
613,2017-03-30,9173.75,9111.266601583333,9015.84803188461
614,2017-03-31,9173.75,9118.679117833331,9026.074969999996
615,2017-04-03,9237.849609,9125.691568999999,9038.034555307688
616,2017-04-05,9265.150391,9134.449951166665,9050.55957034615
617,2017-04-06,9261.950195,9145.708333333332,9064.607647269226
618,2017-04-07,9198.299805,9152.108317083332,9076.86534711538
619,2017-04-10,9181.450195,9164.691650416666,9085.928823653843
620,2017-04-11,9237.0,9177.249999999998,9098.899977499996
621,2017-04-12,9203.450195,9185.204182916665,9110.665377115381
622,2017-04-13,9150.799805,9194.004150416666,9117.87113134615
624,2017-04-18,9105.150391,9194.366699249998,9123.957669807689
625,2017-04-19,9103.5,9191.008382166665,9130.849984999997
626,2017-04-20,9136.400391,9187.895914749999,9138.903846192305
627,2017-04-21,9119.400391,9183.366780666665,9146.013484115381
628,2017-04-24,9217.950195,9181.708496166666,9151.050030076922
629,2017-04-25,9306.599609,9185.162597666666,9159.58079176923
630,2017-04-26,9351.849609,9192.654215499999,9167.20192307692
631,2017-04-27,9342.150391,9204.641764333332,9174.20579176923
632,2017-04-28,9304.049805,9214.858398499999,9181.021183923074
633,2017-05-02,9313.799805,9221.25838225,9188.417330269229
634,2017-05-03,9311.950195,9230.300048916666,9199.24425334615
635,2017-05-04,9359.900391,9247.725097749999,9209.76735280769
636,2017-05-05,9285.299805,9262.737548916666,9216.586576076921
637,2017-05-08,9314.049805,9280.283366,9226.926945692305
638,2017-05-09,9316.849609,9295.320800833333,9235.236553538458
639,2017-05-10,9407.299805,9319.312418666666,9245.371168923073
640,2017-05-11,9422.400391,9336.349935,9254.934645499998
641,2017-05-12,9400.900391,9344.2083335,9263.671198999997
642,2017-05-15,9445.400391,9352.004232000001,9271.653921384614
643,2017-05-16,9512.25,9366.179199416667,9281.157752499998
644,2017-05-17,9525.75,9384.654215666667,9291.30389884615
645,2017-05-18,9429.450195,9394.291748166666,9300.194298461536
646,2017-05-19,9427.900391,9403.9542645,9309.673152153844
647,2017-05-22,9438.25,9410.483398583334,9317.413536769229
648,2017-05-23,9386.150391,9418.887614083333,9324.440467384613
649,2017-05-24,9360.549805,9422.762614083333,9332.50777507692
650,2017-05-25,9509.75,9438.837646666667,9348.069298499997
651,2017-05-26,9595.099609,9454.487630333333,9366.976975769228
652,2017-05-29,9604.900391,9469.695963666667,9384.996206538459
653,2017-05-30,9624.549805,9488.333414833332,9404.425030153843
654,2017-05-31,9621.25,9502.987548916666,9419.93656111538
655,2017-06-01,9616.099609,9511.641683,9431.840407269226
656,2017-06-02,9653.5,9522.287516333332,9443.442345384612
657,2017-06-05,9675.099609,9542.758300833333,9456.248084538458
658,2017-06-06,9637.150391,9560.195800833333,9469.059645538458
659,2017-06-07,9663.900391,9579.000000083333,9482.525052692305
660,2017-06-08,9647.25,9600.758300833333,9495.421199038457
661,2017-06-09,9668.25,9626.39998375,9507.28079938461
662,2017-06-12,9616.400391,9635.287516333332,9520.01543730769
663,2017-06-13,9606.900391,9636.270914833332,9531.278921384614
664,2017-06-14,9618.150391,9637.3750815,9542.867412999998
665,2017-06-15,9578.049805,9633.5000815,9549.434720692305
666,2017-06-16,9588.049805,9630.733398583334,9555.805851999998
667,2017-06-19,9657.549805,9634.187581583334,9565.676983307689
668,2017-06-20,9653.5,9634.187581583334,9573.680814423073
669,2017-06-21,9633.599609,9630.72924825,9578.34810707692
670,2017-06-22,9630.0,9630.133382333333,9582.357722461535
671,2017-06-23,9574.950195,9622.720866,9587.953876307689
672,2017-06-27,9511.400391,9611.40006525,9591.165414769228
673,2017-06-28,9491.25,9596.65006525,9593.203876307689
674,2017-06-29,9504.099609,9587.29166675,9597.740384692304
675,2017-06-30,9520.900391,9580.125000083333,9603.907714923074
676,2017-07-03,9615.0,9579.8624675,9607.95579184615
677,2017-07-04,9613.299805,9582.7999675,9608.65579938461
678,2017-07-05,9637.599609,9586.929117833331,9609.91346161538
679,2017-07-06,9674.549805,9588.3457845,9611.836538538457
680,2017-07-07,9665.799805,9589.370768249999,9613.549992576918
681,2017-07-10,9771.049805,9600.824951249999,9619.509615499996
682,2017-07-11,9786.049805,9613.829101666666,9624.607684923072
683,2017-07-12,9816.099609,9633.924886166666,9630.030761846148
684,2017-07-13,9891.700195,9665.6165365,9639.821138923073
685,2017-07-14,9886.349609,9698.541503916666,9648.376878076919
686,2017-07-17,9915.950195,9732.862386083332,9658.711500961534
687,2017-07-18,9827.150391,9758.383219416666,9664.823054461534
688,2017-07-19,9899.599609,9782.099853499998,9675.715332076918
689,2017-07-20,9873.299805,9803.766520166666,9685.96146338461
690,2017-07-21,9915.25,9826.904052749998,9697.388371423072
692,2017-07-25,9964.549805,9851.070719416666,9712.253756038455
693,2017-07-26,10020.650391,9880.641601583333,9728.89224011538
694,2017-07-27,10020.549805,9901.433268249999,9742.853778576919
695,2017-07-28,10014.5,9920.4707845,9756.738393961532
696,2017-07-31,10077.099609,9942.2207845,9773.796086269225
697,2017-08-01,10114.650391,9960.7999675,9792.436485923072
698,2017-08-02,10081.5,9977.062500083333,9811.919170730764
699,2017-08-03,10013.650391,9985.204183083333,9831.236478423072
700,2017-08-04,10066.400391,10005.141683083333,9853.357647307686
701,2017-08-07,10057.400391,10018.29174825,9874.63844661538
702,2017-08-08,9978.549805,10027.062581583334,9892.24034715384
703,2017-08-09,9908.049805,10026.462565333333,9903.511493499993
704,2017-08-10,9820.25,10014.437581583334,9911.47111638461
705,2017-08-11,9710.799805,9988.616699416667,9914.286508538455
706,2017-08-14,9794.150391,9969.750081583334,9918.886531076916
707,2017-08-16,9897.299805,9959.983398666667,9927.790377230764
708,2017-08-17,9904.150391,9945.570963833334,9932.909630538456
709,2017-08-18,9837.400391,9922.466797166668,9934.884653076919
710,2017-08-21,9754.349609,9895.204264583333,9932.509653076919
711,2017-08-22,9765.549805,9874.52921575,9927.657714999994
712,2017-08-23,9852.5,9856.704183166667,9926.355806961532
713,2017-08-24,9857.049805,9840.008301,9924.090407346146
714,2017-08-28,9912.799805,9834.529134333334,9927.384615576915
715,2017-08-29,9796.049805,9825.195801,9923.401930807684
716,2017-08-30,9884.400391,9830.541666916668,9923.82887642307
717,2017-08-31,9917.900391,9847.800049083335,9923.930814538453
718,2017-09-01,9974.400391,9862.820882416667,9924.30968323076
719,2017-09-04,9912.849609,9864.116699416667,9920.163499307684
720,2017-09-05,9952.200195,9868.12084975,9917.534668153838
721,2017-09-06,9916.200195,9874.687500083333,9913.75390642307
722,2017-09-07,9929.900391,9889.316731916666,9908.092398038452
723,2017-09-08,9934.799805,9903.420898583334,9901.175067807682
724,2017-09-11,10006.049805,9916.216715666667,9898.273137230759
725,2017-09-12,10093.049805,9935.883382333333,9901.326960846145
726,2017-09-13,10079.299805,9949.758382333333,9901.823092153836
727,2017-09-14,10086.599609,9973.970866,9902.94613899999
728,2017-09-15,10085.400391,9990.720866,9907.055776923067
729,2017-09-18,10153.099609,10010.320800833333,9916.480769384607
730,2017-09-19,10147.549805,10024.749918666666,9929.069223423068
731,2017-09-20,10141.150391,10043.774983833333,9945.621169038452
732,2017-09-21,10121.900391,10057.916666833333,9958.226938269221
733,2017-09-22,9964.400391,10061.933349833334,9960.807730038452
734,2017-09-25,9872.599609,10057.158284666666,9959.594238423068
735,2017-09-26,9871.5,10051.883300916666,9960.905761846143
736,2017-09-27,9735.75,10029.358317166667,9960.190392269222
737,2017-09-28,9768.950195,10002.350016333332,9960.32117649999
738,2017-09-29,9788.599609,9978.124999999998,9957.863469153837
739,2017-10-03,9859.5,9959.200032583332,9957.95770742307
740,2017-10-04,9914.900391,9944.991699249998,9958.0384991923
741,2017-10-05,9888.700195,9922.958414749999,9961.601975730762
742,2017-10-06,9979.700195,9908.970947249998,9965.267352807687
743,2017-10-09,9988.75,9896.270914666666,9967.992337769223
744,2017-10-10,10016.950195,9887.525064999998,9969.6288686923
745,2017-10-11,9984.799805,9889.225016166665,9972.396183923069
746,2017-10-12,10096.400391,9907.875081333332,9977.942345307685
747,2017-10-13,10167.450195,9932.537597583332,9987.605806846146
748,2017-10-16,10230.849609,9973.795898333332,9999.180776769223
749,2017-10-17,10234.450195,10012.587564999998,10010.705791769224
750,2017-10-18,10210.849609,10047.775064999998,10018.582707307685
751,2017-10-19,10146.549805,10071.695882083332,10020.640399615379
752,2017-10-23,10184.849609,10094.191650249997,10024.700007461532
753,2017-10-24,10207.700195,10120.774983583333,10029.357722307686
754,2017-10-25,10295.349609,10147.079101416666,10037.432692230763
755,2017-10-26,10343.799805,10176.666585166668,10044.76731515384
756,2017-10-27,10323.049805,10202.174885999999,10051.51731515384
757,2017-10-30,10363.650391,10233.745768166666,10060.075007461532
758,2017-10-31,10335.299805,10253.654052666665,10068.282677230762
759,2017-11-01,10440.5,10276.408203083332,10086.594200653839
760,2017-11-02,10423.799805,10292.487386083332,10107.7942081923
761,2017-11-03,10452.5,10310.658203166666,10130.140362038454
762,2017-11-06,10451.799805,10330.737386166666,10157.680739153839
763,2017-11-07,10350.150391,10347.704101666666,10180.034592846147
764,2017-11-08,10303.150391,10357.562500166665,10199.825007538453
765,2017-11-09,10308.950195,10366.000000166667,10217.11155349999
766,2017-11-10,10321.75,10368.20003275,10232.759615384606
767,2017-11-13,10224.950195,10358.295898583336,10245.6923076923
768,2017-11-14,10186.599609,10346.92504891667,10253.649977461531
769,2017-11-15,10118.049805,10326.45833341667,10258.623046884608
770,2017-11-16,10214.75,10316.412516333336,10266.230731692302
771,2017-11-17,10283.599609,10303.337483750003,10277.723031846148
772,2017-11-20,10298.75,10292.91666666667,10285.50570911538
773,2017-11-21,10326.900391,10282.450032583336,10291.638408961533
774,2017-11-22,10342.299805,10273.325032583334,10295.924954961532
775,2017-11-23,10348.75,10273.208333333336,10300.321101307687
776,2017-11-24,10389.700195,10280.420817000004,10307.199969999994
777,2017-11-27,10399.549805,10287.970784500003,10316.930739230764
778,2017-11-28,10370.25,10292.01245116667,10324.061523499993
779,2017-11-29,10361.299805,10303.37491866667,10329.969200807685
780,2017-11-30,10226.549805,10306.70410166667,10327.323054499993
781,2017-12-01,10121.799805,10307.016601666668,10318.784592961532
782,2017-12-04,10127.75,10299.766601666668,10311.273061999993
783,2017-12-05,10118.25,10285.987467583334,10301.83458542307
784,2017-12-06,10044.099609,10264.766601666668,10290.63457788461
785,2017-12-07,10166.700195,10251.416585333334,10280.10381615384
786,2017-12-08,10265.650391,10245.029134166669,10274.021146384608
787,2017-12-11,10322.25,10242.820800833337,10269.011530999993
788,2017-12-12,10240.150391,10230.35831716667,10260.871168923068
789,2017-12-13,10192.950195,10213.141683000003,10254.825007538453
790,2017-12-14,10252.099609,10203.295817083337,10252.86151592307
791,2017-12-15,10333.25,10200.958333333338,10253.796123807686
792,2017-12-18,10388.75,10214.475016250004,10256.373046884608
793,2017-12-19,10463.200195,10242.925048750005,10265.53650842307
794,2017-12-20,10444.200195,10269.295898333337,10275.444223269222
795,2017-12-21,10440.299805,10296.133382083337,10287.838454038454
796,2017-12-22,10493.0,10333.541748000003,10298.540377115376
797,2017-12-26,10531.5,10363.941731750003,10308.075007538453
798,2017-12-27,10490.75,10382.700032500004,10315.459622923068
799,2017-12-28,10477.900391,10395.67089841667,10321.26731523076
800,2017-12-29,10530.700195,10419.883382083339,10328.513484076913
802,2018-01-02,10442.200195,10440.654215416673,10332.107722346143
803,2018-01-03,10443.200195,10456.579264250007,10334.165414653835
804,2018-01-04,10504.799805,10470.875081333339,10338.213491576911
805,2018-01-05,10558.849609,10485.050048750005,10345.467322692297
806,2018-01-08,10623.599609,10498.416666583338,10355.555776692298
807,2018-01-09,10637.0,10514.483317000004,10371.342322653836
808,2018-01-10,10632.200195,10530.47501616667,10390.973106884603
809,2018-01-11,10651.200195,10543.658365750003,10411.105806692296
810,2018-01-12,10681.25,10556.137532416671,10432.759652846142
811,2018-01-15,10741.549805,10577.037516166669,10459.584660384602
812,2018-01-16,10700.450195,10595.58333316667,10480.113506538448
813,2018-01-17,10788.549805,10617.07080066667,10500.225022461527
814,2018-01-18,10817.0,10648.304117750002,10519.253868615373
815,2018-01-19,10894.700195,10685.929117750002,10544.428861076913
816,2018-01-22,10966.200195,10724.37915025,10574.169245692297
817,2018-01-23,11083.700195,10768.116699083335,10606.153883615372
818,2018-01-24,11086.0,10806.650065000002,10635.105806692296
819,2018-01-25,11069.650391,10842.704264250002,10661.294283269217
820,2018-01-29,11130.400391,10884.220947250002,10686.955829269216
821,2018-01-30,11049.650391,10917.425130250002,10710.242375269216
822,2018-01-31,11027.700195,10946.295979833334,10732.834697961523
823,2018-02-01,11016.900391,10969.241862000003,10752.984712999983
824,2018-02-02,10760.599609,10974.254313166668,10761.79623642306
825,2018-02-05,10666.549805,10964.087646500002,10768.5577673846
826,2018-02-06,10498.25,10937.525146500002,10769.340444653832
827,2018-02-07,10476.700195,10902.69181316667,10767.26352157691
828,2018-02-08,10576.849609,10870.245931000003,10772.442345192296
829,2018-02-09,10454.950195,10817.850097666671,10772.894268269218
830,2018-02-12,10539.75,10772.329264333335,10774.238506538448
831,2018-02-14,10500.900391,10724.933431000003,10772.009690461524
832,2018-02-15,10545.5,10676.191731750003,10769.005859346138
833,2018-02-16,10452.299805,10626.41251625,10761.902005692293
834,2018-02-19,10378.400391,10572.304199250002,10752.140474769216
835,2018-02-20,10360.400391,10517.595865916666,10740.955866923061
836,2018-02-21,10397.450195,10487.33341475,10730.040489807676
837,2018-02-22,10382.700195,10463.679280583336,10716.238581730751
838,2018-02-23,10491.049805,10463.079264333335,10708.184720576906
839,2018-02-26,10582.599609,10471.904215500002,10700.263559192292
840,2018-02-27,10554.299805,10470.02506516667,10690.159705538446
841,2018-02-28,10492.849609,10473.18334966667,10674.703913769217
842,2018-03-01,10458.349609,10466.399983750003,10655.171198923064
843,2018-03-05,10358.849609,10454.562418583337,10627.292330230759
844,2018-03-06,10249.25,10429.874918583337,10595.109637923066
845,2018-03-07,10154.200195,10405.033284416671,10559.90001499999
846,2018-03-08,10242.650391,10393.72078441667,10525.75578423076
847,2018-03-09,10226.849609,10382.591552583335,10494.109600307684
848,2018-03-12,10421.400391,10384.587402250003,10470.790377076915
849,2018-03-13,10426.849609,10388.266520083338,10448.096116230763
850,2018-03-14,10410.900391,10381.587402250003,10434.646146307683
851,2018-03-15,10360.150391,10363.04996741667,10422.861553461527
852,2018-03-16,10195.150391,10333.120849583336,10411.203876192296
853,2018-03-19,10094.25,10299.904215500004,10396.494253307681
854,2018-03-20,10124.349609,10272.07088216667,10379.090407153835
855,2018-03-21,10155.25,10255.104248083337,10367.563476576914
856,2018-03-22,10114.75,10243.895914750005,10351.21732273076
857,2018-03-23,9998.049805,10230.883382250004,10331.876915576915
858,2018-03-26,10130.650391,10221.550048916668,10315.921161384606
859,2018-03-27,10184.150391,10217.991780750002,10305.607722384604
860,2018-03-28,10113.700195,10192.350097750003,10295.426945615374
861,2018-04-02,10211.799805,10174.429280750002,10289.71153846153
862,2018-04-03,10245.0,10160.604248166668,10283.84806942307
863,2018-04-04,10128.400391,10141.291748166668,10274.06730773076
864,2018-04-05,10325.150391,10152.125081500002,10267.686561038452
865,2018-04-06,10331.599609,10171.904215583336,10258.032714884605
866,2018-04-09,10379.349609,10193.154215583336,10251.303861192298
867,2018-04-10,10402.25,10213.737548916668,10247.819260846143
868,2018-04-11,10417.150391,10238.937581500002,10246.234675538448
869,2018-04-12,10458.650391,10277.320963666669,10250.07316715383
870,2018-04-13,10480.599609,10306.483398500002,10258.971229038447
871,2018-04-16,10528.349609,10335.16666666667,10273.361591115372
872,2018-04-17,10548.700195,10371.41666666667,10285.132737423064
873,2018-04-18,10526.200195,10397.61669916667,10296.646221499986
874,2018-04-19,10565.299805,10424.308349583336,10302.180814346142
875,2018-04-20,10564.049805,10460.61246741667,10307.457744961526
876,2018-04-23,10584.700195,10482.241617750004,10314.142352807681
877,2018-04-24,10614.349609,10505.804117750004,10323.919245807683
878,2018-04-25,10570.549805,10521.73746741667,10338.357684807685
879,2018-04-26,10617.799805,10539.699951166667,10358.494215769224
881,2018-04-30,10739.349609,10566.549886,10382.14806192307
882,2018-05-02,10718.049805,10588.166503833332,10403.794208269224
883,2018-05-03,10679.650391,10604.754069,10425.521146384608
884,2018-05-04,10618.25,10612.24576825,10449.375000038453
885,2018-05-07,10715.5,10626.145752,10471.869215769224
886,2018-05-08,10717.799805,10642.112386166667,10492.394193230763
887,2018-05-09,10741.700195,10656.812418666666,10516.54803938461
888,2018-05-10,10716.549805,10669.520752,10535.961500923071
889,2018-05-11,10806.5,10688.004069083336,10557.557654769225
890,2018-05-14,10806.599609,10704.02490241667,10583.642240076919
891,2018-05-15,10801.849609,10723.299886083336,10601.976825384614
892,2018-05-16,10741.099609,10733.574869750004,10617.726825384614
893,2018-05-17,10682.700195,10728.854085250003,10629.39415561538
894,2018-05-18,10596.400391,10718.716634083337,10636.861478346149
896,2018-05-22,10536.700195,10706.804117750004,10641.459547730765
897,2018-05-23,10430.349609,10691.145751833335,10640.371056115382
898,2018-05-24,10513.849609,10674.341552583335,10641.649902269228
899,2018-05-25,10605.150391,10664.95410141667,10644.603778499995
900,2018-05-28,10688.650391,10660.533284416668,10649.986478346149
901,2018-05-29,10633.299805,10653.595784416668,10654.105694115382
902,2018-05-30,10614.349609,10637.583251833335,10655.992225038459
903,2018-05-31,10736.150391,10631.71248366667,10662.611478346149
904,2018-06-01,10696.200195,10622.908365833338,10666.89993988461
905,2018-06-04,10628.5,10613.525065083339,10667.444185692302
906,2018-06-05,10593.150391,10606.062581416672,10668.313438999992
907,2018-06-06,10684.650391,10613.416748083337,10670.884615384606
908,2018-06-07,10768.349609,10632.72086591667,10671.99999999999
909,2018-06-08,10767.650391,10660.82926441667,10673.907714846144
910,2018-06-11,10786.950195,10683.587646583337,10678.034630384605
911,2018-06-12,10842.849609,10703.395914750005,10686.673076884606
912,2018-06-13,10856.700195,10717.400065083339,10692.103853615376
913,2018-06-14,10808.049805,10731.962565083337,10695.575007461528
914,2018-06-15,10817.700195,10748.908447250004,10698.498084384606
915,2018-06-18,10799.849609,10754.21671541667,10701.70192299999
916,2018-06-19,10710.450195,10755.404215416671,10698.007699730759
917,2018-06-20,10772.049805,10767.36669916667,10696.678861115373
918,2018-06-21,10741.099609,10779.69580066667,10694.342322653836
919,2018-06-22,10821.849609,10791.129068833337,10697.448091884606
920,2018-06-25,10762.450195,10790.637451000004,10700.515399576912
921,2018-06-26,10769.150391,10790.762451000004,10707.159630346143
922,2018-06-27,10671.400391,10781.133300666672,10712.340407115375
923,2018-06-28,10589.099609,10759.98746733334,10718.446176346142
924,2018-06-29,10714.299805,10748.120768166673,10726.15579926922
925,2018-07-02,10657.299805,10735.558268166673,10728.16154596153
926,2018-07-03,10699.900391,10725.741617833339,10728.594238269221
927,2018-07-04,10769.900391,10723.245849666671,10733.848106961526
928,2018-07-05,10749.75,10726.520833416671,10739.05581430768
930,2018-07-09,10852.900391,10733.258382250004,10743.546198923064
931,2018-07-10,10947.25,10750.437581500002,10753.201960653834
932,2018-07-11,10948.299805,10760.975097833334,10765.501953153835
933,2018-07-12,11023.200195,10782.704264500002,10782.042330230759
935,2018-07-16,10936.849609,10796.679199333337,10791.742300153837
936,2018-07-17,11008.049805,10824.733317166669,10800.96153846153
937,2018-07-18,10980.450195,10857.345866000003,10809.146146307683
938,2018-07-19,10957.099609,10877.579183000003,10815.690354538454
939,2018-07-20,11010.200195,10906.987548833336,10822.126915538453
940,2018-07-23,11084.75,10939.058349583334,10830.898061884607
941,2018-07-24,11134.299805,10969.424967416666,10843.446138807685
942,2018-07-25,11132.0,11001.279134083334,10855.534592846147
943,2018-07-26,11167.299805,11027.47908525,10869.6672926923
944,2018-07-27,11278.349609,11055.070719333331,10891.509577846147
945,2018-07-30,11319.549805,11086.008219333331,10912.56727015384
946,2018-07-31,11356.5,11113.78320308333,10936.236515961531
947,2018-08-01,11346.200195,11147.895751916665,10956.4038461923
948,2018-08-02,11244.700195,11167.61661775,10974.951923115375
949,2018-08-03,11360.799805,11199.312418583331,10997.707669807685
950,2018-08-06,11387.099609,11235.145751916665,11025.234562807687
951,2018-08-07,11389.450195,11266.749918583331,11056.01727765384
952,2018-08-08,11450.0,11297.187418583331,11084.313438999992
953,2018-08-09,11470.700195,11325.220784416668,11115.598069384607
955,2018-08-13,11355.75,11343.86661775,11140.823054346147
956,2018-08-14,11435.099609,11366.183268083334,11166.40763965384
957,2018-08-16,11385.049805,11375.074951083334,11190.842247538456
958,2018-08-17,11470.75,11387.674967333334,11214.605694038457
959,2018-08-20,11551.75,11403.945800666668,11237.855694038457
960,2018-08-21,11570.900391,11422.670817,11261.80187042307
961,2018-08-23,11582.75,11450.841634083334,11283.323016769225
962,2018-08-24,11557.099609,11467.199951083334,11307.178785999995
963,2018-08-27,11691.950195,11492.604166583335,11333.48264715384
964,2018-08-28,11738.5,11521.691650333334,11362.63840888461
965,2018-08-29,11691.900391,11541.85001625,11390.899977423069
966,2018-08-30,11676.799805,11559.02498375,11416.538423961532
967,2018-08-31,11680.5,11586.08748375,11439.451885499993
968,2018-09-03,11582.349609,11598.358317083332,11456.684570269224
969,2018-09-04,11520.299805,11609.629150416666,11471.61917815384
970,2018-09-05,11476.950195,11610.145833333334,11483.528808538455
971,2018-09-06,11536.900391,11608.908365916666,11493.473069384607
972,2018-09-07,11589.099609,11610.424967416666,11503.840369538453
973,2018-09-10,11438.099609,11598.370768166666,11506.978816038454
975,2018-09-12,11369.900391,11582.770833333334,11507.890362038454
976,2018-09-14,11515.200195,11568.041666666666,11518.2942081923
977,2018-09-17,11377.75,11537.979166666666,11518.946138769223
978,2018-09-18,11278.900391,11503.5625,11514.784630384605
979,2018-09-19,11234.349609,11466.691650333334,11508.819223230761
980,2018-09-21,11143.099609,11421.908284416668,11497.015362038454
982,2018-09-25,11067.450195,11378.999999916668,11481.505746653838
