,Date,Open,High,Low,Close,Adj Close,Volume,dema
0,2014-09-29,7978.450195,7991.75,7934.700195,7958.899901999999,7958.899901999999,97300.0,
1,2014-09-30,7948.799805,8030.899901999999,7923.850098000001,7964.799805,7964.799805,141100.0,
2,2014-10-01,7960.5,7977.5,7936.700195,7945.549805,7945.549805,113000.0,
3,2014-10-07,7897.399901999999,7943.049805,7842.700195,7852.399901999999,7852.399901999999,148200.0,
4,2014-10-08,7828.75,7869.899901999999,7815.75,7842.700195,7842.700195,135900.0,
5,2014-10-09,7886.5,7972.350098000001,7886.5,7960.549805,7960.549805,123800.0,
6,2014-10-10,7911.0,7924.049805,7848.450195,7859.950195,7859.950195,142900.0,
7,2014-10-13,7831.0,7901.149901999999,7796.0,7884.25,7884.25,118800.0,
8,2014-10-14,7923.25,7928.0,7825.450195,7864.0,7864.0,225500.0,
9,,,,,,,,
10,2014-10-16,7837.299805,7893.899901999999,7729.649901999999,7748.200195,7748.200195,213500.0,
11,2014-10-17,7733.75,7819.200195,7723.850098000001,7779.700195,7779.700195,177600.0,
12,2014-10-20,7896.950195,7905.950195,7856.950195,7879.399901999999,7879.399901999999,176200.0,
13,2014-10-21,7906.149901999999,7936.600098000001,7874.350098000001,7927.75,7927.75,163400.0,
14,2014-10-22,7997.799805,8005.0,7974.549805,7995.899901999999,7995.899901999999,151100.0,
15,2014-10-27,8064.350098000001,8064.399901999999,7985.649901999999,7991.700195,7991.700195,132800.0,
16,2014-10-28,8002.399901999999,8037.799805,7995.049805,8027.600098000001,8027.600098000001,124100.0,8043.281948514323
17,2014-10-29,8077.049805,8097.950195,8052.25,8090.450195,8090.450195,148300.0,8111.948242332397
18,2014-10-30,8085.200195,8181.549805,8085.200195,8169.200195,8169.200195,205700.0,8225.845014648512
19,2014-10-31,8200.799805,8330.75,8198.049805,8322.200195,8322.200195,176200.0,8301.128000091687
20,2014-11-03,8348.150391,8350.599609,8297.650391,8324.150391,8324.150391,141100.0,8350.575087478152
21,2014-11-05,8351.25,8365.549805,8323.5,8338.299805,8338.299805,161600.0,8378.47827249829
22,2014-11-07,8331.849609,8360.349609,8290.25,8337.0,8337.0,153400.0,8394.078461914884
23,2014-11-10,8337.799805,8383.049805,8304.450195,8344.25,8344.25,130700.0,8409.488077538397
24,2014-11-11,8354.099609,8378.700195,8321.849609,8362.650391,8362.650391,122000.0,8423.973194101296
25,2014-11-12,8378.900391,8415.049805,8370.5,8383.299805,8383.299805,125200.0,8418.015435873847
26,2014-11-13,8405.25,8408.0,8320.349609,8357.849609,8357.849609,127400.0,8421.09869765083
27,2014-11-14,8360.700195,8400.650391,8346.799805,8389.900391,8389.900391,146800.0,8431.413803372623
28,2014-11-17,8378.400391,8438.099609,8349.099609,8430.75,8430.75,113900.0,8436.33130642382
29,2014-11-18,8441.25,8454.5,8407.25,8425.900391,8425.900391,134700.0,8420.89904883426
30,2014-11-19,8440.650391,8455.650391,8360.5,8382.299805,8382.299805,125400.0,8417.90249637599
31,2014-11-20,8406.5,8410.849609,8353.150391,8401.900391,8401.900391,122800.0,8446.096481554097
32,2014-11-21,8408.200195,8489.799805,8398.599609,8477.349609,8477.349609,137000.0,8486.301149358782
33,2014-11-24,8490.950195,8534.650391,8490.799805,8530.150391,8530.150391,140700.0,8485.562423721018
34,2014-11-25,8530.799805,8535.349609,8429.450195,8463.099609,8463.099609,271900.0,8490.779073576214
35,2014-11-26,8450.299805,8500.299805,8438.650391,8475.75,8475.75,151900.0,8499.595836251143
36,2014-11-27,8477.799805,8506.75,8456.349609,8494.200195,8494.200195,194300.0,8541.47276432383
37,2014-11-28,8516.799805,8617.0,8516.25,8588.25,8588.25,197200.0,8557.107853252337
38,2014-12-01,8605.099609,8623.0,8545.150391,8555.900391,8555.900391,152000.0,8556.354505846779
39,2014-12-02,8535.450195,8560.200195,8504.650391,8524.700195,8524.700195,137400.0,8558.870241232768
40,2014-12-03,8528.700195,8546.950195,8508.349609,8537.650391,8537.650391,153200.0,8566.889917188526
41,2014-12-04,8582.400391,8626.950195,8526.400391,8564.400391,8564.400391,143500.0,8558.765768579839
42,2014-12-05,8584.25,8588.349609,8523.900391,8538.299805,8538.299805,143300.0,8515.193331928796
43,2014-12-08,8538.650391,8546.349609,8432.25,8438.25,8438.25,163800.0,8443.88766789171
44,2014-12-09,8439.299805,8444.5,8330.5,8340.700195,8340.700195,146300.0,8399.56643999598
45,2014-12-10,8318.049805,8376.799805,8317.0,8355.650391,8355.650391,136700.0,8339.51102500883
46,2014-12-11,8338.849609,8348.299805,8272.400391,8292.900391,8292.900391,133900.0,8273.078517624783
47,2014-12-12,8302.0,8321.900391,8216.299805,8224.099609,8224.099609,138100.0,8228.737284305078
48,2014-12-15,8160.75,8242.400391,8152.5,8219.599609,8219.599609,137100.0,8137.673109660227
49,2014-12-16,8172.600098000001,8189.350098000001,8052.600098000001,8067.600098000001,8067.600098000001,197300.0,8060.376403220969
50,2014-12-17,8041.200195,8082.0,7961.350098000001,8029.799805,8029.799805,216200.0,8064.394641015375
51,2014-12-18,8138.899901999999,8174.299805,8084.899901999999,8159.299805,8159.299805,162100.0,8102.900025368515
52,2014-12-19,8230.450195,8263.450195,8208.599609,8225.200195,8225.200195,174800.0,8177.630136767968
53,2014-12-22,8255.0,8330.950195,8228.200195,8324.0,8324.0,139200.0,8207.174933071117
54,2014-12-23,8324.599609,8364.75,8252.849609,8267.0,8267.0,132200.0,8193.367248003293
55,2014-12-24,8272.049805,8286.400391,8155.25,8174.100098000001,8174.100098000001,221900.0,8197.771850754641
56,2014-12-26,8204.799805,8234.549805,8147.950195,8200.700195,8200.700195,75500.0,8219.290165597897
57,2014-12-29,8214.700195,8279.150391,8214.700195,8246.299805,8246.299805,82100.0,8241.855947240638
58,2014-12-30,8260.299805,8268.25,8220.549805,8248.25,8248.25,77700.0,8271.783046825907
59,2014-12-31,8243.900391,8291.0,8243.75,8282.700195,8282.700195,84500.0,8330.540794781866
60,,,,,,,,8360.137133078682
61,2015-01-02,8288.700195,8410.599609,8288.700195,8395.450195,8395.450195,101900.0,8272.248859602676
62,2015-01-05,8407.950195,8445.599609,8363.900391,8378.400391,8378.400391,118200.0,8202.762765369069
63,2015-01-06,8325.299805,8327.849609,8111.350098000001,8127.350098000001,8127.350098000001,172800.0,8212.974220083466
64,2015-01-07,8118.649901999999,8151.200195,8065.450195,8102.100098000001,8102.100098000001,164100.0,8239.391535524295
65,2015-01-08,8191.399901999999,8243.5,8167.299805,8234.599609,8234.599609,143800.0,8271.562693595852
66,2015-01-09,8285.450195,8303.299805,8190.799805,8284.5,8284.5,148000.0,8284.57088355943
67,2015-01-12,8291.349609,8332.599609,8245.599609,8323.0,8323.0,103200.0,8283.078195018863
68,2015-01-13,8346.150391,8356.650391,8267.900391,8299.400391,8299.400391,129600.0,8365.16189502365
69,2015-01-14,8307.25,8326.450195,8236.650391,8277.549805,8277.549805,146100.0,8431.766476450957
70,2015-01-15,8424.5,8527.099609,8380.549805,8494.150391,8494.150391,232100.0,8504.647510916204
71,2015-01-16,8504.049805,8530.75,8452.25,8513.799805,8513.799805,176000.0,8613.008975770896
72,2015-01-19,8550.049805,8570.950195,8531.5,8550.700195,8550.700195,125400.0,8692.559187499697
73,2015-01-20,8575.099609,8707.900391,8574.5,8695.599609,8695.599609,158700.0,8755.162262804492
74,2015-01-21,8719.650391,8741.849609,8689.599609,8729.5,8729.5,185900.0,8823.541405764674
75,2015-01-22,8745.849609,8774.150391,8727.0,8761.400391,8761.400391,175500.0,8899.098624562763
76,2015-01-23,8827.950195,8866.400391,8795.400391,8835.599609,8835.599609,191200.0,8949.934628679615
77,2015-01-27,8871.349609,8925.049805,8825.450195,8910.5,8910.5,192000.0,8985.539082603038
78,2015-01-28,8902.75,8985.049805,8874.049805,8914.299805,8914.299805,185100.0,8947.112126972635
79,2015-01-29,8901.5,8966.650391,8861.25,8952.349609,8952.349609,256300.0,8910.61917729518
80,2015-01-30,8996.599609,8996.599609,8775.099609,8808.900391,8808.900391,267300.0,8859.325996381252
81,2015-02-02,8802.5,8840.799805,8751.099609,8797.400391,8797.400391,210100.0,8807.731450361784
82,2015-02-03,8823.150391,8837.299805,8726.650391,8756.549805,8756.549805,208700.0,8765.358107986478
83,2015-02-04,8789.150391,8792.849609,8704.400391,8723.700195,8723.700195,195300.0,8712.325742337345
84,2015-02-05,8733.099609,8838.450195,8683.650391,8711.700195,8711.700195,173600.0,8618.400808816075
85,2015-02-06,8696.849609,8726.200195,8645.549805,8661.049805,8661.049805,171300.0,8571.422382966888
86,2015-02-09,8584.400391,8605.549805,8516.349609,8526.349609,8526.349609,146800.0,8565.321052523868
87,2015-02-10,8478.099609,8646.25,8470.5,8565.549805,8565.549805,196200.0,8605.861128660288
88,2015-02-11,8603.299805,8651.950195,8593.650391,8627.400391,8627.400391,161600.0,8675.316929898569
89,2015-02-12,8676.950195,8732.549805,8599.25,8711.549805,8711.549805,158800.0,8728.587144255074
90,2015-02-13,8741.5,8822.099609,8729.650391,8805.5,8805.5,221900.0,8791.8689067519
91,2015-02-16,8831.400391,8870.099609,8793.400391,8809.349609,8809.349609,136400.0,8846.561293462342
92,2015-02-18,8811.549805,8894.299805,8808.900391,8869.099609,8869.099609,147600.0,8860.420063277557
93,2015-02-19,8883.049805,8913.450195,8794.450195,8895.299805,8895.299805,213300.0,8842.094590270257
94,2015-02-20,8895.5,8899.950195,8816.299805,8833.599609,8833.599609,197600.0,8827.34012672964
95,2015-02-23,8856.849609,8869.0,8736.099609,8754.950195,8754.950195,139600.0,8813.882195727998
96,2015-02-24,8772.900391,8800.5,8726.75,8762.099609,8762.099609,149800.0,8765.000935569811
97,2015-02-25,8801.900391,8840.650391,8751.400391,8767.25,8767.25,135200.0,8791.624876030795
98,2015-02-26,8779.0,8786.049805,8669.450195,8683.849609,8683.849609,217500.0,8856.438966180489
99,2015-02-27,8729.5,8856.950195,8717.450195,8844.599609,8844.599609,249500.0,8915.1654074165
100,,,,,,,,8924.697195143408
101,2015-03-02,8953.849609,8972.349609,8885.450195,8956.75,8956.75,218100.0,8940.027159176281
102,2015-03-03,8962.849609,9008.400391,8925.549805,8996.25,8996.25,177800.0,8879.727873618795
103,2015-03-04,9109.150391,9119.200195,8893.950195,8922.650391,8922.650391,248400.0,8817.790051626622
104,2015-03-05,8929.400391,8957.549805,8849.349609,8937.75,8937.75,160100.0,8768.907773420358
105,2015-03-09,8891.150391,8891.299805,8740.450195,8756.75,8756.75,155500.0,8770.037524130415
106,2015-03-10,8769.75,8778.0,8677.349609,8712.049805,8712.049805,163800.0,8710.719189419813
107,2015-03-11,8728.75,8755.599609,8682.349609,8699.950195,8699.950195,172800.0,8659.145798175705
108,2015-03-12,8740.650391,8787.200195,8732.900391,8776.0,8776.0,173900.0,8660.45003324108
109,2015-03-13,8844.049805,8849.75,8631.75,8647.75,8647.75,179200.0,8652.384644432077
110,2015-03-16,8656.75,8663.549805,8612.0,8633.150391,8633.150391,163300.0,8627.213450714698
111,2015-03-17,8689.099609,8742.549805,8630.799805,8723.299805,8723.299805,177000.0,8594.448283844738
112,2015-03-18,8742.900391,8747.25,8664.0,8685.900391,8685.900391,156400.0,8566.668787967812
113,2015-03-19,8749.450195,8788.200195,8614.650391,8634.650391,8634.650391,163500.0,8545.689177518743
114,2015-03-20,8627.900391,8627.900391,8553.0,8570.900391,8570.900391,174600.0,8523.727395042057
115,2015-03-23,8591.549805,8608.349609,8540.549805,8550.900391,8550.900391,150700.0,8439.149213454424
116,2015-03-24,8537.049805,8627.75,8535.849609,8542.950195,8542.950195,156700.0,8381.525657608337
117,2015-03-25,8568.900391,8573.75,8516.549805,8530.799805,8530.799805,161000.0,8400.338715412585
118,2015-03-26,8474.950195,8499.450195,8325.349609,8342.150391,8342.150391,280100.0,8417.340182995393
119,2015-03-27,8396.0,8413.200195,8269.150391,8341.400391,8341.400391,193000.0,8472.480233496904
120,2015-03-30,8390.950195,8492.299805,8380.75,8492.299805,8492.299805,134700.0,8545.386732246328
121,2015-03-31,8527.599609,8550.450195,8454.150391,8491.0,8491.0,167200.0,8597.523119046977
122,2015-04-01,8483.700195,8603.400391,8464.75,8586.25,8586.25,125500.0,8655.640154649214
123,2015-04-06,8615.799805,8667.549805,8573.75,8659.900391,8659.900391,146900.0,8721.488293417104
124,2015-04-07,8684.450195,8693.599609,8586.849609,8660.299805,8660.299805,148700.0,8775.38666757522
125,2015-04-08,8698.950195,8730.5,8679.799805,8714.400391,8714.400391,148200.0,8831.33897541116
126,2015-04-09,8756.200195,8785.5,8682.450195,8778.299805,8778.299805,152700.0,8807.197907318208
127,2015-04-10,8774.349609,8787.400391,8733.599609,8780.349609,8780.349609,139000.0,8746.24668709373
128,2015-04-13,8801.75,8841.650391,8762.099609,8834.0,8834.0,121600.0,8632.311906453644
129,,,,,,,,8519.912542380203
130,2015-04-16,8757.049805,8760.0,8645.650391,8706.700195,8706.700195,142900.0,8463.876689455736
131,2015-04-17,8698.049805,8699.849609,8596.700195,8606.0,8606.0,150400.0,8411.569702596322
132,2015-04-20,8618.799805,8619.950195,8422.75,8448.099609,8448.099609,148900.0,8336.97124824313
133,2015-04-21,8416.099609,8469.349609,8352.700195,8377.75,8377.75,407800.0,8251.36484808672
134,2015-04-22,8400.400391,8449.950195,8284.700195,8429.700195,8429.700195,171800.0,8222.823155871605
135,2015-04-23,8478.200195,8504.950195,8361.849609,8398.299805,8398.299805,156000.0,8195.257235484289
136,2015-04-24,8405.700195,8413.299805,8273.349609,8305.25,8305.25,173600.0,8161.049249098061
137,2015-04-27,8330.549805,8334.450195,8202.349609,8213.799805,8213.799805,171500.0,8209.411724982208
138,2015-04-28,8215.549805,8308.0,8185.149901999999,8285.599609,8285.599609,174600.0,8245.60595897167
139,2015-04-29,8274.799805,8308.200195,8219.200195,8239.75,8239.75,160400.0,8176.150422280167
140,2015-04-30,8224.5,8229.400391,8144.75,8181.5,8181.5,267700.0,8113.852991493643
141,2015-05-04,8230.049805,8346.0,8220.450195,8331.950195,8331.950195,131700.0,8130.960584723254
142,2015-05-05,8338.400391,8355.650391,8280.599609,8324.799805,8324.799805,155500.0,8203.000971674168
143,2015-05-06,8316.599609,8331.950195,8083.0,8097.0,8097.0,209600.0,8168.835095516177
144,2015-05-07,8077.0,8122.600098000001,7997.149901999999,8057.299805,8057.299805,161600.0,8191.565755192743
145,2015-05-08,8131.5,8224.950195,8123.450195,8191.5,8191.5,183100.0,8205.70120494516
146,2015-05-11,8243.200195,8332.75,8224.650391,8325.25,8325.25,192000.0,8223.605883545519
147,2015-05-12,8326.150391,8326.650391,8115.299805,8126.950195,8126.950195,173400.0,8282.4611648767
148,2015-05-13,8181.549805,8254.950195,8089.799805,8235.450195,8235.450195,169800.0,8331.221846099996
149,2015-05-14,8232.450195,8236.25,8137.299805,8224.200195,8224.200195,134800.0,8388.688929127151
150,2015-05-15,8240.299805,8279.200195,8212.200195,8262.349609,8262.349609,129800.0,8418.941323498268
151,2015-05-18,8284.950195,8384.599609,8271.950195,8373.650391,8373.650391,148700.0,8447.273453309119
152,2015-05-19,8356.200195,8427.799805,8335.0,8365.650391,8365.650391,140300.0,8438.991629631719
153,2015-05-20,8392.650391,8440.349609,8391.450195,8423.25,8423.25,123600.0,8412.79807789664
154,2015-05-21,8434.5,8446.349609,8382.5,8421.0,8421.0,143800.0,8391.643637850693
155,2015-05-22,8432.5,8489.549805,8420.599609,8458.950195,8458.950195,187300.0,8367.419431621283
156,2015-05-25,8438.150391,8441.950195,8364.150391,8370.25,8370.25,121300.0,8391.4087523075
157,2015-05-26,8377.099609,8378.900391,8320.049805,8339.349609,8339.349609,116800.0,8408.93917168545
158,2015-05-27,8302.75,8342.849609,8277.950195,8334.599609,8334.599609,165500.0,8338.138690227397
159,2015-05-28,8345.700195,8364.5,8270.150391,8319.0,8319.0,232300.0,8247.852113780025
160,2015-05-29,8327.099609,8443.900391,8305.700195,8433.650391,8433.650391,363900.0,8182.297282293926
161,2015-06-01,8417.25,8467.150391,8405.400391,8433.400391,8433.400391,122200.0,8136.622950008563
162,2015-06-02,8442.799805,8445.349609,8226.049805,8236.450195,8236.450195,146800.0,8079.533068821143
163,2015-06-03,8232.450195,8236.700195,8094.149901999999,8135.100098000001,8135.100098000001,171400.0,8033.313130998686
164,2015-06-04,8155.149901999999,8160.049805,8056.75,8130.649901999999,8130.649901999999,154700.0,8046.111796773839
165,2015-06-05,8119.149901999999,8191.0,8100.149901999999,8114.700195,8114.700195,162100.0,7987.088105832186
166,2015-06-08,8124.350098000001,8131.0,8030.549805,8044.149901999999,8044.149901999999,135900.0,7956.142562461109
167,2015-06-09,8026.5,8057.149901999999,8005.149901999999,8022.399901999999,8022.399901999999,136000.0,7959.910214609698
168,2015-06-10,8024.149901999999,8152.25,8023.799805,8124.450195,8124.450195,136800.0,7982.99929949621
169,2015-06-11,8157.299805,8163.049805,7958.25,7965.350098000001,7965.350098000001,166200.0,8018.4162399812985
170,2015-06-12,7959.850098000001,7995.600098000001,7940.299805,7982.899901999999,7982.899901999999,136600.0,8078.514471594641
171,2015-06-15,7986.600098000001,8057.700195,7944.850098000001,8013.899901999999,8013.899901999999,133000.0,8144.486836389779
172,2015-06-16,8004.200195,8061.850098000001,7952.350098000001,8047.299805,8047.299805,124000.0,8242.879649927221
173,2015-06-17,8084.200195,8136.850098000001,8048.950195,8091.549805,8091.549805,152500.0,8316.416596472869
174,2015-06-18,8113.700195,8186.899901999999,8101.799805,8174.600098000001,8174.600098000001,144800.0,8364.66885637795
175,2015-06-19,8201.150391,8250.799805,8195.650391,8224.950195,8224.950195,147100.0,8408.911909849758
176,2015-06-22,8259.299805,8369.450195,8257.400391,8353.099609,8353.099609,122700.0,8427.763676146084
177,2015-06-23,8377.450195,8398.450195,8334.950195,8381.549805,8381.549805,131700.0,8410.278232062406
178,2015-06-24,8399.400391,8421.349609,8338.900391,8360.849609,8360.849609,130100.0,8413.434658934575
179,2015-06-25,8336.25,8423.150391,8329.5,8398.0,8398.0,201200.0,8443.959609683814
180,2015-06-26,8393.950195,8408.549805,8339.700195,8381.099609,8381.099609,110600.0,8457.985721742645
181,2015-06-29,8247.049805,8329.450195,8195.650391,8318.400391,8318.400391,132000.0,8476.657312647667
182,2015-06-30,8316.349609,8378.0,8298.950195,8368.5,8368.5,158500.0,8502.895385487169
183,2015-07-01,8376.25,8481.599609,8370.150391,8453.049805,8453.049805,131800.0,8517.07160465951
184,2015-07-02,8471.950195,8479.25,8433.200195,8444.900391,8444.900391,112000.0,8463.963622647654
185,2015-07-03,8440.099609,8497.75,8424.150391,8484.900391,8484.900391,88400.0,8413.048389546839
186,2015-07-06,8386.150391,8533.150391,8386.150391,8522.150391,8522.150391,101500.0,8393.520622385186
187,2015-07-07,8525.5,8561.349609,8483.849609,8510.799805,8510.799805,122200.0,8417.989677842863
188,2015-07-08,8439.200195,8457.5,8341.400391,8363.049805,8363.049805,188100.0,8429.114982678027
189,2015-07-09,8364.849609,8400.299805,8323.0,8328.549805,8328.549805,131300.0,8466.324185173538
190,2015-07-10,8365.700195,8377.099609,8315.400391,8360.549805,8360.549805,154100.0,8524.970567430215
191,2015-07-13,8397.25,8471.650391,8355.400391,8459.650391,8459.650391,117800.0,8564.767594392297
192,2015-07-14,8470.599609,8480.25,8424.099609,8454.099609,8454.099609,101700.0,8590.037883363617
193,2015-07-15,8463.400391,8531.400391,8462.950195,8523.799805,8523.799805,105500.0,8583.572386322456
194,2015-07-16,8546.150391,8616.099609,8542.900391,8608.049805,8608.049805,116000.0,8621.257012980857
195,2015-07-17,8623.650391,8642.950195,8593.150391,8609.849609,8609.849609,105000.0,8626.19763155321
196,2015-07-20,8623.900391,8624.099609,8559.0,8603.450195,8603.450195,90600.0,8595.059916129665
197,2015-07-21,8601.5,8646.75,8517.900391,8529.450195,8529.450195,164100.0,8506.79476869304
198,2015-07-22,8512.25,8643.900391,8498.650391,8633.5,8633.5,136800.0,8431.440428786485
199,2015-07-23,8643.950195,8654.75,8573.799805,8589.799805,8589.799805,132900.0,8391.184436643609
200,2015-07-24,8588.150391,8589.150391,8513.5,8521.549805,8521.549805,127400.0,8384.100182559336
201,2015-07-27,8492.099609,8492.200195,8351.549805,8361.0,8361.0,136600.0,8427.035522170825
202,2015-07-28,8371.099609,8397.400391,8321.75,8337.0,8337.0,174600.0,8466.742660180222
203,2015-07-29,8365.599609,8381.5,8338.450195,8375.049805,8375.049805,141000.0,8479.740049555792
204,2015-07-30,8417.0,8458.900391,8408.299805,8421.799805,8421.799805,215200.0,8512.86445786131
205,2015-07-31,8456.099609,8548.950195,8448.0,8532.849609,8532.849609,203300.0,8548.127215072485
206,2015-08-03,8510.650391,8563.950195,8508.099609,8543.049805,8543.049805,156700.0,8570.144241010163
207,2015-08-04,8564.099609,8565.150391,8448.25,8516.900391,8516.900391,187400.0,8568.868358952464
208,2015-08-05,8547.450195,8591.849609,8545.849609,8567.950195,8567.950195,132800.0,8538.217863389471
209,2015-08-06,8585.799805,8606.299805,8551.5,8588.650391,8588.650391,134900.0,8466.891925362692
210,2015-08-07,8580.799805,8595.950195,8552.700195,8564.599609,8564.599609,143700.0,8413.760237396009
211,2015-08-10,8577.0,8621.549805,8497.799805,8525.599609,8525.599609,123400.0,8443.613438456696
212,2015-08-11,8548.450195,8556.25,8441.299805,8462.349609,8462.349609,154400.0,8450.043813122013
213,2015-08-12,8445.700195,8446.950195,8337.950195,8349.450195,8349.450195,190000.0,8448.390204529924
214,2015-08-13,8384.450195,8429.5,8339.75,8355.849609,8355.849609,189200.0,8458.900798629453
215,2015-08-14,8402.349609,8530.099609,8381.200195,8518.549805,8518.549805,155900.0,8418.514648859615
216,2015-08-17,8530.5,8530.599609,8428.049805,8477.299805,8477.299805,174700.0,8363.350479371316
217,2015-08-18,8505.849609,8525.75,8433.599609,8466.549805,8466.549805,153300.0,8128.261996637102
218,2015-08-19,8468.049805,8520.450195,8425.950195,8495.150391,8495.150391,130500.0,8000.385626624331
219,2015-08-20,8471.049805,8501.349609,8359.75,8372.75,8372.75,184100.0,7877.418191403462
220,2015-08-21,8305.400391,8322.200195,8225.049805,8299.950195,8299.950195,201300.0,7852.098543086311
221,2015-08-24,8055.950195,8060.049805,7769.399901999999,7809.0,7809.0,312400.0,7863.942471214573
222,2015-08-25,7895.399901999999,7925.399901999999,7667.25,7880.700195,7880.700195,299100.0,7865.400147088508
223,2015-08-26,7865.25,7930.049805,7777.100098000001,7791.850098000001,7791.850098000001,216600.0,7793.78053136391
224,2015-08-27,7921.600098000001,7963.600098000001,7862.299805,7948.950195,7948.950195,305000.0,7725.9431952567265
225,2015-08-28,8053.700195,8091.799805,7961.649901999999,8001.950195,8001.950195,195600.0,7729.441039267227
226,2015-08-31,8009.25,8043.600098000001,7947.950195,7971.299805,7971.299805,198200.0,7690.5032350650745
227,2015-09-01,7907.950195,7929.100098000001,7746.5,7785.850098000001,7785.850098000001,184900.0,7621.042072725394
228,2015-09-02,7856.649901999999,7862.549805,7699.25,7717.0,7717.0,215300.0,7631.086150132992
229,2015-09-03,7774.450195,7845.600098000001,7754.049805,7823.0,7823.0,155800.0,7684.977682767508
230,2015-09-04,7803.399901999999,7804.899901999999,7626.850098000001,7655.049805,7655.049805,193600.0,7709.439515998489
231,2015-09-07,7685.850098000001,7705.049805,7545.899901999999,7558.799805,7558.799805,141400.0,7729.952295083944
232,2015-09-08,7587.700195,7720.899901999999,7539.5,7688.25,7688.25,172200.0,7787.866297245226
233,2015-09-09,7805.850098000001,7846.049805,7764.549805,7818.600098000001,7818.600098000001,208400.0,7813.309435598003
234,2015-09-10,7729.049805,7819.850098000001,7678.5,7788.100098000001,7788.100098000001,160300.0,7853.1274856671735
235,2015-09-11,7833.799805,7864.850098000001,7759.899901999999,7789.299805,7789.299805,136400.0,7922.2164570261575
236,2015-09-14,7811.100098000001,7879.950195,7761.850098000001,7872.25,7872.25,122800.0,7970.917902127124
237,2015-09-15,7867.350098000001,7880.0,7799.75,7829.100098000001,7829.100098000001,136500.0,7928.067493600458
238,2015-09-16,7886.850098000001,7913.899901999999,7853.299805,7899.149901999999,7899.149901999999,140000.0,7903.288803826456
239,2015-09-18,7967.450195,8055.0,7955.850098000001,7981.899901999999,7981.899901999999,241800.0,7895.603654473583
240,2015-09-21,7911.5,7987.899901999999,7908.350098000001,7977.100098000001,7977.100098000001,121800.0,7859.5410090037585
241,2015-09-22,8014.799805,8021.600098000001,7787.75,7812.0,7812.0,168400.0,7849.400360252519
242,2015-09-23,7737.350098000001,7882.899901999999,7723.25,7845.950195,7845.950195,146700.0,7888.054136650144
243,2015-09-24,7838.399901999999,7894.5,7804.100098000001,7868.5,7868.5,202500.0,7912.594029536747
244,2015-09-28,7892.799805,7893.950195,7787.950195,7795.700195,7795.700195,136300.0,7994.886795922538
245,2015-09-29,7725.700195,7926.549805,7691.200195,7843.299805,7843.299805,240700.0,8066.764779151843
246,2015-09-30,7924.25,7957.700195,7874.5,7948.899901999999,7948.899901999999,210700.0,8134.205463281504
247,2015-10-01,7992.049805,8008.25,7930.649901999999,7950.899901999999,7950.899901999999,156900.0,8157.483355769698
248,2015-10-05,8005.100098000001,8128.899901999999,8005.100098000001,8119.299805,8119.299805,183100.0,8194.62562294598
249,2015-10-06,8180.450195,8180.950195,8096.5,8152.899901999999,8152.899901999999,178500.0,8202.599853270414
250,2015-10-07,8146.200195,8188.899901999999,8132.899901999999,8177.399901999999,8177.399901999999,193900.0,8197.802685724837
251,2015-10-08,8196.75,8196.75,8105.850098000001,8129.350098000001,8129.350098000001,171700.0,8177.063323462191
252,2015-10-09,8186.350098000001,8232.200195,8139.649901999999,8189.700195,8189.700195,199700.0,8190.082340012268
253,2015-10-12,8231.5,8244.5,8128.200195,8143.600098000001,8143.600098000001,199100.0,8213.678742415977
254,2015-10-13,8121.950195,8150.25,8088.600098000001,8131.700195,8131.700195,145900.0,8243.258341307712
255,2015-10-14,8102.399901999999,8139.299805,8096.350098000001,8107.899901999999,8107.899901999999,138900.0,8257.02731340953
256,2015-10-15,8134.350098000001,8190.549805,8129.799805,8179.5,8179.5,167200.0,8264.487169479931
257,2015-10-16,8193.650391,8246.400391,8147.649901999999,8238.150391,8238.150391,156400.0,8283.883615720619
258,2015-10-19,8262.549805,8283.049805,8239.200195,8275.049805,8275.049805,124500.0,8284.973472632817
259,2015-10-20,8280.299805,8294.049805,8229.200195,8261.650391,8261.650391,155100.0,8274.138901522496
260,2015-10-21,8258.349609,8294.400391,8217.150391,8251.700195,8251.700195,144800.0,8241.55502586281
261,2015-10-23,8308.25,8328.099609,8280.75,8295.450195,8295.450195,152000.0,8190.268830847026
262,2015-10-26,8333.650391,8336.299805,8252.049805,8260.549805,8260.549805,133900.0,8132.853757157711
263,2015-10-27,8230.349609,8241.950195,8217.049805,8232.900391,8232.900391,156700.0,8085.784325879162
264,2015-10-28,8188.899901999999,8209.099609,8131.799805,8171.200195,8171.200195,188900.0,8059.254670237954
265,2015-10-29,8175.450195,8179.600098000001,8098.0,8111.75,8111.75,217500.0,8034.751090237354
266,2015-10-30,8123.549805,8146.100098000001,8044.399901999999,8065.799805,8065.799805,199500.0,7982.830646106968
267,2015-11-02,8054.549805,8060.700195,7995.600098000001,8050.799805,8050.799805,136100.0,7950.173296412746
268,2015-11-03,8086.350098000001,8100.350098000001,8031.75,8060.700195,8060.700195,132500.0,7915.1964648767025
269,2015-11-04,8104.899901999999,8116.100098000001,8027.299805,8040.200195,8040.200195,122100.0,7842.299109366588
270,2015-11-05,8030.350098000001,8031.200195,7944.100098000001,7955.450195,7955.450195,132100.0,7787.864123744557
271,2015-11-06,7956.549805,8002.649901999999,7926.149901999999,7954.299805,7954.299805,219500.0,7772.530303301559
272,2015-11-09,7788.25,7937.75,7771.700195,7915.200195,7915.200195,211800.0,7777.490240341769
273,2015-11-10,7877.600098000001,7885.100098000001,7772.850098000001,7783.350098000001,7783.350098000001,165200.0,7739.382804793521
274,2015-11-13,7762.450195,7775.100098000001,7730.899901999999,7762.25,7762.25,160900.0,7761.140263142913
275,2015-11-16,7732.950195,7838.850098000001,7714.149901999999,7806.600098000001,7806.600098000001,149500.0,7787.954437452344
276,2015-11-17,7848.75,7860.450195,7793.0,7837.549805,7837.549805,145000.0,7804.732918838214
277,2015-11-18,7823.149901999999,7843.399901999999,7725.049805,7731.799805,7731.799805,143600.0,7811.736899022275
278,2015-11-19,7788.5,7854.899901999999,7765.450195,7842.75,7842.75,132600.0,7844.466793702172
279,2015-11-20,7841.899901999999,7906.950195,7817.799805,7856.549805,7856.549805,151900.0,7891.65060121475
280,2015-11-23,7869.5,7877.5,7825.200195,7849.25,7849.25,127000.0,7918.265603089312
281,2015-11-24,7837.0,7870.350098000001,7812.649901999999,7831.600098000001,7831.600098000001,130600.0,7942.174176475154
282,2015-11-26,7837.149901999999,7897.100098000001,7832.0,7883.799805,7883.799805,219800.0,7953.0765415581955
283,2015-11-27,7910.600098000001,7959.299805,7879.450195,7942.700195,7942.700195,150300.0,7925.944871158282
284,2015-11-30,7936.25,7966.0,7922.799805,7935.25,7935.25,216300.0,7871.710658421484
285,2015-12-01,7958.149901999999,7972.149901999999,7934.149901999999,7954.899901999999,7954.899901999999,138600.0,7826.991549873601
286,2015-12-02,7976.700195,7979.299805,7910.799805,7931.350098000001,7931.350098000001,126300.0,7770.7358324689585
287,2015-12-03,7902.299805,7912.299805,7853.299805,7864.149901999999,7864.149901999999,125700.0,7693.201485744609
288,2015-12-04,7817.600098000001,7821.399901999999,7775.700195,7781.899901999999,7781.899901999999,152500.0,7666.852511362353
289,2015-12-07,7816.549805,7825.399901999999,7746.049805,7765.399901999999,7765.399901999999,137600.0,7621.612774455422
290,2015-12-08,7738.5,7771.25,7685.450195,7701.700195,7701.700195,135100.0,7607.864227385861
291,2015-12-09,7695.5,7702.850098000001,7606.899901999999,7612.5,7612.5,140000.0,7623.162803676813
292,2015-12-10,7643.299805,7691.950195,7610.0,7683.299805,7683.299805,140800.0,7660.006876425853
293,2015-12-11,7699.600098000001,7703.049805,7575.299805,7610.450195,7610.450195,167800.0,7729.449203566621
294,2015-12-14,7558.200195,7663.950195,7551.049805,7650.049805,7650.049805,148900.0,7745.477915847913
295,2015-12-15,7659.149901999999,7705.0,7625.100098000001,7700.899901999999,7700.899901999999,134300.0,7788.999282095543
296,2015-12-16,7725.25,7776.600098000001,7715.75,7750.899901999999,7750.899901999999,154300.0,7802.863761542773
297,2015-12-17,7783.049805,7852.899901999999,7737.549805,7844.350098000001,7844.350098000001,175900.0,7839.836536310434
298,2015-12-18,7828.899901999999,7836.149901999999,7753.350098000001,7761.950195,7761.950195,191400.0,7865.597202942438
299,2015-12-21,7745.649901999999,7840.75,7733.450195,7834.450195,7834.450195,126300.0,7905.636076686627
300,2015-12-22,7829.399901999999,7846.299805,7776.850098000001,7786.100098000001,7786.100098000001,125700.0,7930.634810624152
301,2015-12-23,7830.450195,7871.450195,7826.100098000001,7865.950195,7865.950195,117900.0,7930.443365161062
302,2015-12-24,7888.75,7888.75,7835.5,7861.049805,7861.049805,93500.0,7944.800612252438
303,2015-12-28,7863.200195,7937.200195,7863.0,7925.149901999999,7925.149901999999,122900.0,7894.597558091138
304,2015-12-29,7929.200195,7942.149901999999,7902.75,7928.950195,7928.950195,113000.0,7852.190751757494
305,2015-12-30,7938.600098000001,7944.75,7889.850098000001,7896.25,7896.25,106800.0,7807.078202136447
306,2015-12-31,7897.799805,7955.549805,7891.149901999999,7946.350098000001,7946.350098000001,150900.0,7701.324189750821
307,,,,,,,,7642.591961645575
308,2016-01-04,7924.549805,7937.549805,7781.100098000001,7791.299805,7791.299805,134700.0,7585.42526590279
309,2016-01-05,7828.399901999999,7831.200195,7763.25,7784.649901999999,7784.649901999999,145200.0,7526.474102424134
310,2016-01-06,7788.049805,7800.950195,7721.200195,7741.0,7741.0,147100.0,7511.521847212566
311,2016-01-07,7673.350098000001,7674.950195,7556.600098000001,7568.299805,7568.299805,188900.0,7491.507917784325
312,2016-01-08,7611.649901999999,7634.100098000001,7581.049805,7601.350098000001,7601.350098000001,157400.0,7448.019254121668
313,2016-01-11,7527.450195,7605.100098000001,7494.350098000001,7563.850098000001,7563.850098000001,189000.0,7384.922727821895
314,2016-01-12,7587.200195,7588.299805,7487.799805,7510.299805,7510.299805,163900.0,7380.048200026593
315,2016-01-13,7557.899901999999,7590.950195,7425.799805,7562.399901999999,7562.399901999999,215200.0,7336.131925176358
316,2016-01-14,7467.399901999999,7604.799805,7443.799805,7536.799805,7536.799805,200800.0,7292.062750979372
317,2016-01-15,7561.649901999999,7566.5,7427.299805,7437.799805,7437.799805,197500.0,7324.5564237322915
318,2016-01-18,7420.350098000001,7463.649901999999,7336.399901999999,7351.0,7351.0,233600.0,7357.204982532038
319,2016-01-19,7381.799805,7462.75,7364.149901999999,7435.100098000001,7435.100098000001,188300.0,7379.127585681283
320,2016-01-20,7357.0,7470.899901999999,7241.5,7309.299805,7309.299805,225600.0,7391.121118902869
321,2016-01-21,7376.649901999999,7398.700195,7250.0,7276.799805,7276.799805,240700.0,7461.483113450139
322,2016-01-22,7355.700195,7433.399901999999,7327.600098000001,7422.450195,7422.450195,229200.0,7511.176665225259
323,2016-01-25,7468.75,7487.149901999999,7421.200195,7436.149901999999,7436.149901999999,163200.0,7499.160928086838
324,2016-01-27,7469.600098000001,7477.899901999999,7419.700195,7437.75,7437.75,187600.0,7457.266913011335
325,2016-01-28,7426.5,7468.850098000001,7409.600098000001,7424.649901999999,7424.649901999999,274500.0,7445.099580676766
326,2016-01-29,7413.350098000001,7575.649901999999,7402.799805,7563.549805,7563.549805,298700.0,7463.100765064504
327,2016-02-01,7589.5,7600.450195,7541.25,7555.950195,7555.950195,200400.0,7433.239000571144
328,2016-02-02,7566.649901999999,7576.299805,7428.049805,7455.549805,7455.549805,230200.0,7375.747350127484
329,2016-02-03,7392.450195,7419.399901999999,7350.299805,7361.799805,7361.799805,192000.0,7302.801076015795
330,2016-02-04,7411.450195,7457.049805,7365.950195,7404.0,7404.0,222700.0,7148.386551988604
331,2016-02-05,7418.25,7503.149901999999,7406.649901999999,7489.100098000001,7489.100098000001,249800.0,7045.69080773222
332,2016-02-08,7489.700195,7512.549805,7363.200195,7387.25,7387.25,171500.0,7057.206144525912
333,2016-02-09,7303.950195,7323.450195,7275.149901999999,7298.200195,7298.200195,212100.0,7026.826242388238
334,2016-02-10,7264.299805,7271.850098000001,7177.75,7215.700195,7215.700195,246900.0,7031.211461193504
335,2016-02-11,7203.600098000001,7208.649901999999,6959.950195,6976.350098000001,6976.350098000001,292300.0,7067.356087528596
336,2016-02-12,7023.649901999999,7034.799805,6869.0,6980.950195,6980.950195,333900.0,7108.422191952411
337,2016-02-15,7057.350098000001,7182.799805,7056.799805,7162.950195,7162.950195,354200.0,7152.890814636143
338,2016-02-16,7201.25,7204.649901999999,7037.700195,7048.25,7048.25,253800.0,7137.409933652994
339,2016-02-17,7058.850098000001,7123.700195,6960.649901999999,7108.450195,7108.450195,260000.0,7100.443516960083
340,2016-02-18,7177.399901999999,7215.100098000001,7127.850098000001,7191.75,7191.75,246700.0,7053.042092292871
341,2016-02-19,7170.549805,7226.850098000001,7145.950195,7210.75,7210.75,192300.0,7034.453893582995
342,2016-02-22,7208.850098000001,7252.399901999999,7200.700195,7234.549805,7234.549805,154400.0,7010.326406375486
343,2016-02-23,7240.299805,7241.700195,7090.700195,7109.549805,7109.549805,194400.0,7086.934051545723
344,2016-02-24,7075.0,7090.799805,7009.75,7018.700195,7018.700195,199700.0,7196.817313754184
345,2016-02-25,7029.850098000001,7034.200195,6961.399901999999,6970.600098000001,6970.600098000001,283100.0,7316.382736258337
346,2016-02-26,7039.299805,7052.899901999999,6985.100098000001,7029.75,7029.75,206700.0,7401.784035446384
347,2016-02-29,7050.450195,7094.600098000001,6825.799805,6987.049805,6987.049805,473400.0,7465.500646710684
348,2016-03-01,7038.25,7235.5,7035.100098000001,7222.299805,7222.299805,275100.0,7530.172340050895
349,2016-03-02,7321.700195,7380.350098000001,7308.149901999999,7368.850098000001,7368.850098000001,338500.0,7554.809354801771
350,2016-03-03,7429.549805,7483.950195,7406.049805,7475.600098000001,7475.600098000001,278600.0,7574.15764560709
351,2016-03-04,7505.399901999999,7505.899901999999,7444.100098000001,7485.350098000001,7485.350098000001,281700.0,7597.20556324715
352,2016-03-08,7486.399901999999,7527.149901999999,7442.149901999999,7485.299805,7485.299805,257000.0,7565.817285103399
353,2016-03-09,7436.100098000001,7539.0,7424.299805,7531.799805,7531.799805,245100.0,7549.921918397807
354,2016-03-10,7545.350098000001,7547.100098000001,7447.399901999999,7486.149901999999,7486.149901999999,224700.0,7538.277951672822
355,2016-03-11,7484.850098000001,7543.950195,7460.600098000001,7510.200195,7510.200195,198700.0,7567.041839024907
356,2016-03-14,7542.600098000001,7583.700195,7515.049805,7538.75,7538.75,166900.0,7628.0160778955105
357,2016-03-15,7535.850098000001,7545.200195,7452.799805,7460.600098000001,7460.600098000001,193700.0,7672.461693993424
358,2016-03-16,7457.049805,7508.0,7405.149901999999,7498.75,7498.75,195400.0,7705.798591646727
359,2016-03-17,7557.399901999999,7585.299805,7479.399901999999,7512.549805,7512.549805,239600.0,7685.195991661326
360,2016-03-18,7534.649901999999,7613.600098000001,7517.899901999999,7604.350098000001,7604.350098000001,237400.0,7660.8506085919635
361,2016-03-21,7619.200195,7713.549805,7617.700195,7704.25,7704.25,196800.0,7703.16539612671
362,2016-03-22,7695.549805,7728.200195,7643.799805,7714.899901999999,7714.899901999999,208900.0,7730.840836019786
363,2016-03-23,7717.450195,7726.850098000001,7670.600098000001,7716.5,7716.5,199600.0,7737.63007723251
364,2016-03-28,7741.0,7749.399901999999,7587.700195,7615.100098000001,7615.100098000001,242400.0,7755.143442582821
365,2016-03-29,7606.549805,7652.899901999999,7582.25,7597.0,7597.0,216800.0,7698.115205879744
366,2016-03-30,7651.100098000001,7741.950195,7643.450195,7735.200195,7735.200195,232600.0,7662.131977860908
367,2016-03-31,7727.649901999999,7777.600098000001,7702.0,7738.399901999999,7738.399901999999,380100.0,7609.684627411842
368,2016-04-01,7718.049805,7740.149901999999,7666.100098000001,7713.049805,7713.049805,183900.0,7582.36167860487
369,2016-04-04,7733.149901999999,7764.450195,7704.399901999999,7758.799805,7758.799805,155500.0,7612.267237872181
370,2016-04-05,7736.299805,7736.299805,7588.649901999999,7603.200195,7603.200195,203800.0,7642.586383273563
371,2016-04-06,7636.049805,7638.649901999999,7591.75,7614.350098000001,7614.350098000001,165600.0,7722.568643585306
372,2016-04-07,7630.399901999999,7630.75,7535.850098000001,7546.450195,7546.450195,234400.0,7806.446322387347
373,2016-04-08,7542.350098000001,7569.350098000001,7526.700195,7555.200195,7555.200195,143400.0,7862.207586670891
374,2016-04-11,7577.799805,7678.799805,7516.850098000001,7671.399901999999,7671.399901999999,179800.0,7906.215407363943
375,2016-04-12,7669.25,7717.399901999999,7663.350098000001,7708.950195,7708.950195,163400.0,7928.467580002411
376,2016-04-13,7777.149901999999,7864.799805,7772.200195,7850.450195,7850.450195,220400.0,7926.32535307987
377,2016-04-18,7908.149901999999,7920.600098000001,7842.75,7914.700195,7914.700195,184600.0,7965.293823558246
378,2016-04-20,7950.049805,7950.399901999999,7877.549805,7914.75,7914.75,205300.0,7991.204154702342
379,2016-04-21,7953.649901999999,7978.450195,7884.100098000001,7912.049805,7912.049805,223700.0,7950.979168166965
380,2016-04-22,7891.799805,7923.350098000001,7873.350098000001,7899.299805,7899.299805,183300.0,7915.2192472729075
381,2016-04-25,7894.799805,7911.0,7827.0,7855.049805,7855.049805,146300.0,7868.8455000894355
382,2016-04-26,7828.149901999999,7974.5,7822.549805,7962.649901999999,7962.649901999999,202400.0,7812.8313153198515
383,2016-04-27,7942.0,7991.0,7940.549805,7979.899901999999,7979.899901999999,206800.0,7758.408662801952
384,2016-04-28,7967.399901999999,7992.0,7834.450195,7847.25,7847.25,292500.0,7734.425928071651
385,2016-04-29,7844.25,7889.049805,7788.700195,7849.799805,7849.799805,243700.0,7720.889029346614
386,2016-05-02,7822.700195,7829.799805,7777.299805,7805.899901999999,7805.899901999999,146300.0,7762.188441582179
387,2016-05-03,7824.799805,7890.25,7735.149901999999,7747.0,7747.0,186500.0,7801.212855590129
388,2016-05-04,7724.149901999999,7749.0,7697.25,7706.549805,7706.549805,199700.0,7820.409747910495
389,2016-05-05,7731.0,7777.549805,7706.850098000001,7735.5,7735.5,185100.0,7854.772823850826
390,2016-05-06,7717.649901999999,7738.899901999999,7678.350098000001,7733.450195,7733.450195,163600.0,7845.633338242864
391,2016-05-09,7755.25,7873.649901999999,7753.549805,7866.049805,7866.049805,160600.0,7859.986588660233
392,2016-05-10,7873.549805,7896.899901999999,7837.700195,7887.799805,7887.799805,162000.0,7883.123472498924
393,2016-05-11,7804.649901999999,7893.100098000001,7780.899901999999,7848.850098000001,7848.850098000001,214100.0,7888.0751141564915
394,2016-05-12,7871.450195,7916.049805,7849.649901999999,7900.399901999999,7900.399901999999,152700.0,7854.930442675728
395,2016-05-13,7881.0,7881.0,7784.200195,7814.899901999999,7814.899901999999,179500.0,7810.493955990649
396,2016-05-16,7831.200195,7873.899901999999,7772.149901999999,7860.75,7860.75,205200.0,7770.966682088407
397,2016-05-17,7896.850098000001,7940.100098000001,7879.700195,7890.75,7890.75,183400.0,7753.39357659576
398,2016-05-18,7846.75,7882.049805,7810.75,7870.149901999999,7870.149901999999,156400.0,7815.630724135077
399,2016-05-19,7875.5,7876.200195,7766.799805,7783.399901999999,7783.399901999999,170400.0,7919.43317259554
400,2016-05-20,7792.200195,7812.399901999999,7735.75,7749.700195,7749.700195,157000.0,8025.061668472133
401,2016-05-23,7813.950195,7820.600098000001,7722.200195,7731.049805,7731.049805,172000.0,8105.289627408698
402,2016-05-24,7738.049805,7761.549805,7715.799805,7748.850098000001,7748.850098000001,147000.0,8152.899827143545
403,2016-05-25,7811.799805,7941.200195,7809.299805,7934.899901999999,7934.899901999999,176200.0,8195.759421912266
404,2016-05-26,7974.450195,8083.0,7948.5,8069.649901999999,8069.649901999999,264300.0,8239.640734658677
405,2016-05-27,8081.950195,8164.200195,8077.049805,8156.649901999999,8156.649901999999,260900.0,8267.958490182975
406,2016-05-30,8166.5,8200.0,8150.799805,8178.5,8178.5,247400.0,8274.691879938076
407,2016-05-31,8209.849609,8213.599609,8134.299805,8160.100098000001,8160.100098000001,471000.0,8293.328981471015
408,2016-06-01,8179.200195,8215.349609,8171.049805,8179.950195,8179.950195,194400.0,8300.249521276404
409,2016-06-02,8156.899901999999,8229.5,8154.75,8218.950195,8218.950195,181700.0,8271.066753690227
410,2016-06-03,8246.200195,8262.0,8209.849609,8220.799805,8220.799805,379000.0,8235.149631824741
411,2016-06-06,8228.75,8234.700195,8186.049805,8201.049805,8201.049805,171600.0,8186.446706127252
412,2016-06-07,8235.549805,8294.950195,8216.400391,8266.450195,8266.450195,241900.0,8150.990988968628
413,2016-06-08,8285.5,8288.900391,8252.049805,8273.049805,8273.049805,174300.0,8165.180926693931
414,2016-06-09,8273.349609,8273.349609,8184.600098000001,8203.599609,8203.599609,174900.0,8149.402709143567
415,2016-06-10,8180.25,8265.599609,8162.850098000001,8170.049805,8170.049805,182200.0,8152.465690934643
416,2016-06-13,8102.25,8125.25,8063.899901999999,8110.600098000001,8110.600098000001,169700.0,8180.212733796325
417,2016-06-14,8134.399901999999,8134.950195,8069.5,8108.850098000001,8108.850098000001,145500.0,8192.603014161505
418,2016-06-15,8139.399901999999,8213.200195,8123.149901999999,8206.599609,8206.599609,169800.0,8198.479277204595
419,2016-06-16,8180.649901999999,8180.649901999999,8074.450195,8140.75,8140.75,189200.0,8231.3499497907
420,2016-06-17,8176.649901999999,8195.25,8135.799805,8170.200195,8170.200195,166600.0,8182.386688260611
421,2016-06-20,8115.75,8244.150391,8107.350098000001,8238.5,8238.5,168600.0,8149.8294526586
422,2016-06-21,8255.400391,8257.25,8202.150391,8219.900391,8219.900391,137000.0,8135.580793113453
423,2016-06-22,8213.650391,8238.349609,8153.25,8203.700195,8203.700195,136100.0,8160.472935613951
424,2016-06-23,8201.150391,8285.599609,8188.299805,8270.450195,8270.450195,154100.0,8210.846033243375
425,2016-06-24,8029.100098000001,8100.700195,7927.049805,8088.600098000001,8088.600098000001,297600.0,8259.289442192832
426,2016-06-27,8039.350098000001,8120.649901999999,8039.350098000001,8094.700195,8094.700195,162500.0,8311.129397090592
427,2016-06-28,8096.049805,8146.350098000001,8086.850098000001,8127.850098000001,8127.850098000001,170400.0,8333.132546384344
428,2016-06-29,8173.100098000001,8212.400391,8157.649901999999,8204.0,8204.0,147000.0,8344.846429073186
429,2016-06-30,8260.25,8308.150391,8242.099609,8287.75,8287.75,279400.0,8354.818692151097
430,2016-07-01,8313.049805,8356.75,8308.650391,8328.349609,8328.349609,165500.0,8418.531573665934
431,2016-07-04,8376.75,8398.450195,8364.700195,8370.700195,8370.700195,154200.0,8480.954805689385
432,2016-07-05,8379.299805,8381.450195,8319.950195,8335.950195,8335.950195,139000.0,8517.85453229307
433,2016-07-07,8342.0,8361.950195,8317.700195,8337.900391,8337.900391,155500.0,8555.86515140046
434,2016-07-08,8350.0,8353.299805,8287.549805,8323.200195,8323.200195,137900.0,8568.758257305084
435,2016-07-11,8413.349609,8475.25,8407.049805,8467.900391,8467.900391,149800.0,8560.432649907454
436,2016-07-12,8502.599609,8526.599609,8479.200195,8521.049805,8521.049805,183600.0,8562.831382085522
437,2016-07-13,8540.450195,8550.25,8493.549805,8519.5,8519.5,195500.0,8578.022569254405
438,2016-07-14,8515.75,8571.400391,8500.700195,8565.0,8565.0,153900.0,8565.197469544793
439,2016-07-15,8565.450195,8594.799805,8510.049805,8541.400391,8541.400391,221700.0,8560.634556428467
440,2016-07-18,8564.049805,8587.099609,8494.349609,8508.700195,8508.700195,164300.0,8593.255654209514
441,2016-07-19,8514.299805,8540.049805,8476.700195,8528.549805,8528.549805,167900.0,8597.708366835144
442,2016-07-20,8515.450195,8569.900391,8512.549805,8565.849609,8565.849609,160300.0,8608.537710616232
443,2016-07-21,8582.700195,8585.25,8503.450195,8510.099609,8510.099609,150000.0,8637.699643774702
444,2016-07-22,8519.650391,8548.950195,8489.799805,8541.200195,8541.200195,143200.0,8647.750338846115
445,2016-07-25,8519.950195,8641.150391,8517.200195,8635.650391,8635.650391,150000.0,8652.1105828197
446,2016-07-26,8633.75,8644.900391,8577.150391,8590.650391,8590.650391,154800.0,8647.001719147356
447,2016-07-27,8599.400391,8665.0,8572.049805,8615.799805,8615.799805,184100.0,8613.709678337633
448,2016-07-28,8636.950195,8674.700195,8625.25,8666.299805,8666.299805,233500.0,8590.726530402542
449,2016-07-29,8668.299805,8670.349609,8631.150391,8638.5,8638.5,157000.0,8623.900312217369
450,2016-08-01,8654.299805,8711.299805,8590.5,8636.549805,8636.549805,188400.0,8661.236884787699
451,2016-08-02,8647.450195,8687.200195,8611.400391,8622.900391,8622.900391,169400.0,8672.320127452029
452,2016-08-03,8635.200195,8635.450195,8529.599609,8544.849609,8544.849609,163000.0,8635.183725503852
453,2016-08-04,8599.950195,8601.400391,8518.150391,8551.099609,8551.099609,164700.0,8617.471629981095
454,2016-08-05,8600.200195,8689.400391,8590.150391,8683.150391,8683.150391,157900.0,8625.96183784212
455,2016-08-08,8712.849609,8723.5,8697.599609,8711.349609,8711.349609,172600.0,8625.212200402053
456,2016-08-09,8727.799805,8728.349609,8638.200195,8678.25,8678.25,200100.0,8648.620638522705
457,2016-08-10,8686.700195,8690.099609,8564.599609,8575.299805,8575.299805,173600.0,8661.574509730674
458,2016-08-11,8572.799805,8601.150391,8540.049805,8592.150391,8592.150391,189200.0,8648.162128671933
459,,,,,,,,8639.023389361564
460,2016-08-16,8670.25,8682.349609,8600.450195,8642.549805,8642.549805,224800.0,8641.89669168977
461,2016-08-17,8639.799805,8667.099609,8603.599609,8624.049805,8624.049805,174100.0,8625.277089670235
462,2016-08-18,8648.849609,8690.700195,8645.049805,8673.25,8673.25,164300.0,8604.40687601036
463,2016-08-19,8694.299805,8696.599609,8647.099609,8666.900391,8666.900391,191900.0,8601.610431579329
464,2016-08-22,8667.0,8684.849609,8614.0,8629.150391,8629.150391,152300.0,8656.932590983015
465,2016-08-23,8628.349609,8642.150391,8580.0,8632.599609,8632.599609,187500.0,8710.551918128054
466,2016-08-24,8648.5,8661.049805,8620.900391,8650.299805,8650.299805,149600.0,8743.486057464472
467,2016-08-25,8668.849609,8683.049805,8583.650391,8592.200195,8592.200195,213100.0,8781.794030810455
468,2016-08-26,8614.349609,8622.950195,8547.549805,8572.549805,8572.549805,147500.0,8861.501244664118
469,2016-08-29,8583.75,8622.0,8543.75,8607.450195,8607.450195,129700.0,8904.350979468798
470,2016-08-30,8646.75,8750.599609,8642.25,8744.349609,8744.349609,150200.0,8949.022742096544
471,2016-08-31,8754.049805,8819.200195,8754.049805,8786.200195,8786.200195,362200.0,8943.280683439818
472,2016-09-01,8793.599609,8813.25,8759.950195,8774.650391,8774.650391,238900.0,8872.781504206727
473,2016-09-02,8796.349609,8824.099609,8768.200195,8809.650391,8809.650391,191500.0,8819.221851737437
474,2016-09-06,8852.700195,8950.849609,8848.450195,8943.0,8943.0,195600.0,8785.846531409403
475,2016-09-07,8968.700195,8968.700195,8913.349609,8917.950195,8917.950195,290100.0,8778.704297937496
476,2016-09-08,8915.5,8960.349609,8896.0,8952.5,8952.5,217200.0,8784.312147731393
477,2016-09-09,8934.299805,8939.150391,8858.700195,8866.700195,8866.700195,175900.0,8769.396268652097
478,2016-09-12,8732.950195,8746.950195,8699.400391,8715.599609,8715.599609,184500.0,8762.257596300731
479,2016-09-14,8710.650391,8739.849609,8688.900391,8726.599609,8726.599609,184300.0,8793.986247666107
480,2016-09-15,8743.849609,8751.950195,8704.349609,8742.549805,8742.549805,145400.0,8807.09896844614
481,2016-09-16,8780.849609,8847.650391,8750.5,8779.849609,8779.849609,265800.0,8779.619273345677
482,2016-09-19,8788.450195,8824.299805,8774.200195,8808.400391,8808.400391,131700.0,8752.406424753928
483,2016-09-20,8816.099609,8816.450195,8759.299805,8775.900391,8775.900391,136500.0,8748.186550144994
484,2016-09-21,8790.299805,8826.849609,8757.299805,8777.150391,8777.150391,148800.0,8680.661496205834
485,2016-09-22,8873.349609,8893.349609,8837.799805,8867.450195,8867.450195,172800.0,8640.792430830452
486,2016-09-23,8880.75,8885.200195,8820.299805,8831.549805,8831.549805,185900.0,8667.577916794304
487,2016-09-26,8807.900391,8809.549805,8715.099609,8723.049805,8723.049805,164000.0,8700.07047089255
488,2016-09-27,8748.900391,8768.5,8690.5,8706.400391,8706.400391,151400.0,8708.864077427183
489,2016-09-28,8711.200195,8767.049805,8703.150391,8745.150391,8745.150391,165500.0,8703.669191009589
490,2016-09-29,8792.700195,8800.650391,8558.25,8591.25,8591.25,372900.0,8701.098881755162
491,2016-09-30,8581.5,8637.150391,8555.200195,8611.150391,8611.150391,181700.0,8704.705820961453
492,2016-10-03,8666.150391,8745.200195,8635.0,8738.099609,8738.099609,137300.0,8649.941891756751
493,2016-10-04,8770.0,8783.650391,8736.099609,8769.150391,8769.150391,184300.0,8623.407090491632
494,2016-10-05,8806.349609,8806.950195,8731.400391,8743.950195,8743.950195,157200.0,8577.92965301488
495,2016-10-06,8768.700195,8781.150391,8684.650391,8709.549805,8709.549805,163600.0,8604.760015624437
496,2016-10-07,8721.700195,8723.700195,8663.799805,8697.599609,8697.599609,150400.0,8615.713850104528
497,2016-10-10,8735.349609,8745.799805,8703.950195,8708.799805,8708.799805,108400.0,8642.14148905556
498,2016-10-13,8671.5,8681.549805,8541.349609,8573.349609,8573.349609,212300.0,8660.349398077005
499,2016-10-14,8594.0,8604.450195,8549.799805,8583.400391,8583.400391,162800.0,8680.380849789479
500,2016-10-17,8612.950195,8615.400391,8506.150391,8520.400391,8520.400391,197400.0,8686.577523680768
501,2016-10-18,8556.049805,8685.099609,8555.900391,8677.900391,8677.900391,216600.0,8666.095654753048
502,2016-10-19,8697.5,8698.75,8636.700195,8659.099609,8659.099609,172100.0,8650.416670722187
503,2016-10-20,8693.349609,8727.0,8678.299805,8699.400391,8699.400391,161000.0,8651.21904670196
504,2016-10-21,8708.599609,8709.099609,8652.049805,8693.049805,8693.049805,157300.0,8638.569443962775
505,2016-10-24,8709.849609,8736.950195,8684.150391,8708.950195,8708.950195,157100.0,8584.9687901761
506,2016-10-25,8721.700195,8722.650391,8663.450195,8691.299805,8691.299805,189800.0,8534.090677289787
507,2016-10-26,8657.299805,8657.299805,8596.599609,8615.25,8615.25,219300.0,8479.139504244282
508,2016-10-27,8607.099609,8624.849609,8550.25,8615.25,8615.25,242800.0,8467.509103210696
509,2016-10-28,8625.0,8653.75,8581.75,8638.0,8638.0,175500.0,8481.294853483494
510,2016-11-01,8653.150391,8669.599609,8614.5,8626.25,8626.25,165000.0,8450.905358916356
511,2016-11-02,8542.799805,8549.5,8504.849609,8514.0,8514.0,155300.0,8469.217266492946
512,2016-11-03,8499.849609,8537.650391,8476.150391,8484.950195,8484.950195,170500.0,8388.526523331691
513,2016-11-04,8503.599609,8504.0,8400.25,8433.75,8433.75,224800.0,8257.28169388198
514,2016-11-07,8535.75,8535.849609,8481.450195,8497.049805,8497.049805,172800.0,8174.437804079931
515,2016-11-08,8540.0,8559.400391,8480.099609,8543.549805,8543.549805,195700.0,8107.564432760306
516,2016-11-09,8067.5,8476.200195,8002.25,8432.0,8432.0,314300.0,8063.901062830655
517,2016-11-10,8555.599609,8598.450195,8510.700195,8525.75,8525.75,263100.0,7974.173416662723
518,2016-11-11,8456.650391,8460.599609,8284.950195,8296.299805,8296.299805,266900.0,7942.9994768324505
519,2016-11-15,8284.849609,8288.549805,8093.200195,8108.450195,8108.450195,359200.0,7943.858884216585
520,2016-11-16,8205.650391,8210.049805,8089.399901999999,8111.600098000001,8111.600098000001,269500.0,7916.016994877984
521,2016-11-17,8105.100098000001,8151.25,8060.299805,8079.950195,8079.950195,191300.0,7972.356117106356
522,2016-11-18,8097.549805,8128.950195,8048.299805,8074.100098000001,8074.100098000001,161200.0,8028.055333597477
523,2016-11-21,8102.100098000001,8102.450195,7916.399901999999,7929.100098000001,7929.100098000001,218800.0,8073.330677898979
524,2016-11-22,7989.149901999999,8019.049805,7938.149901999999,8002.299805,8002.299805,210200.0,8139.8327210280295
525,2016-11-23,8051.200195,8055.200195,7973.100098000001,8033.299805,8033.299805,181000.0,8172.667542551315
526,2016-11-24,8011.799805,8024.850098000001,7952.549805,7965.5,7965.5,260500.0,8157.52707870559
527,2016-11-25,8007.950195,8122.25,7976.75,8114.299805,8114.299805,177900.0,8157.918071976046
528,2016-11-28,8080.649901999999,8146.5,8066.5,8126.899901999999,8126.899901999999,189700.0,8160.873179618826
529,2016-11-29,8131.549805,8197.349609,8128.700195,8142.149901999999,8142.149901999999,189700.0,8147.914160981011
530,2016-11-30,8172.149901999999,8234.25,8139.25,8224.5,8224.5,248000.0,8189.41293333366
531,2016-12-01,8244.0,8250.799805,8185.049805,8192.900391,8192.900391,157700.0,8223.635971685844
532,2016-12-02,8153.549805,8159.299805,8070.049805,8086.799805,8086.799805,171500.0,8209.054660902082
533,2016-12-05,8088.75,8141.899901999999,8056.850098000001,8128.75,8128.75,126500.0,8215.138766603077
534,2016-12-06,8153.149901999999,8178.700195,8130.850098000001,8143.149901999999,8143.149901999999,115300.0,8204.872964099706
535,2016-12-07,8168.399901999999,8190.450195,8077.5,8102.049805,8102.049805,169800.0,8190.939524552862
536,2016-12-08,8152.100098000001,8256.25,8151.75,8246.849609,8246.849609,142500.0,8172.762842293181
537,2016-12-09,8271.700195,8274.950195,8241.950195,8261.75,8261.75,149700.0,8144.8485302524305
538,2016-12-12,8230.650391,8230.650391,8154.450195,8170.799805,8170.799805,108100.0,8118.561505758589
539,2016-12-13,8196.150391,8228.849609,8155.799805,8221.799805,8221.799805,184000.0,8084.771150642077
540,2016-12-14,8229.349609,8229.400391,8165.100098000001,8182.450195,8182.450195,144600.0,8028.198985341735
541,2016-12-15,8128.399901999999,8225.900391,8121.950195,8153.600098000001,8153.600098000001,181800.0,7997.469979456741
542,2016-12-16,8178.200195,8178.700195,8127.450195,8139.450195,8139.450195,203000.0,7943.358818620317
543,2016-12-19,8126.0,8132.5,8094.850098000001,8104.350098000001,8104.350098000001,107400.0,7960.4463309694165
544,2016-12-20,8110.600098000001,8124.100098000001,8062.75,8082.399901999999,8082.399901999999,128000.0,7976.707270150619
545,2016-12-21,8105.850098000001,8112.549805,8053.25,8061.299805,8061.299805,123700.0,8018.347226708894
546,2016-12-22,8043.850098000001,8046.450195,7964.950195,7979.100098000001,7979.100098000001,122600.0,8083.702212870151
547,2016-12-23,7972.5,8022.600098000001,7942.049805,7985.75,7985.75,124100.0,8128.009528855118
548,2016-12-26,7965.100098000001,7970.049805,7893.799805,7908.25,7908.25,106900.0,8164.3908095753695
549,2016-12-27,7915.049805,8044.649901999999,7903.700195,8032.850098000001,8032.850098000001,118800.0,8191.675207065994
550,2016-12-28,8047.549805,8100.549805,8028.399901999999,8034.850098000001,8034.850098000001,126700.0,8242.425792331029
551,2016-12-29,8030.600098000001,8111.100098000001,8020.799805,8103.600098000001,8103.600098000001,178500.0,8267.093520051785
552,2016-12-30,8119.649901999999,8197.0,8114.75,8185.799805,8185.799805,127600.0,8272.254352646883
553,2017-01-02,8210.099609,8212.0,8133.799805,8179.5,8179.5,118300.0,8295.176617952493
554,2017-01-03,8196.049805,8219.099609,8148.600098000001,8192.25,8192.25,127300.0,8343.577179124908
555,2017-01-04,8202.650391,8218.5,8180.899901999999,8190.5,8190.5,132400.0,8382.699183616167
556,2017-01-05,8226.650391,8282.650391,8223.700195,8273.799805,8273.799805,159100.0,8406.104811529995
557,2017-01-06,8281.849609,8306.849609,8233.25,8243.799805,8243.799805,139400.0,8425.235270408724
558,2017-01-09,8259.349609,8263.0,8227.75,8236.049805,8236.049805,99100.0,8431.009790767552
559,2017-01-10,8262.700195,8293.799805,8261.0,8288.599609,8288.599609,142900.0,8437.17455648188
560,2017-01-11,8327.799805,8389.0,8322.25,8380.650391,8380.650391,186500.0,8449.353674547045
561,2017-01-12,8391.049805,8417.200195,8382.299805,8407.200195,8407.200195,172600.0,8421.925149811595
562,2017-01-13,8457.650391,8461.049805,8373.150391,8400.349609,8400.349609,185300.0,8416.271132083597
563,2017-01-16,8390.950195,8426.700195,8374.400391,8412.799805,8412.799805,124100.0,8441.799997969578
564,2017-01-17,8415.049805,8440.900391,8378.299805,8398.0,8398.0,122000.0,8510.206041317706
565,2017-01-18,8403.849609,8460.299805,8397.400391,8417.0,8417.0,163800.0,8573.778141480787
566,2017-01-19,8418.400391,8445.150391,8404.049805,8435.099609,8435.099609,165900.0,8613.064440318847
567,2017-01-20,8404.349609,8423.650391,8340.950195,8349.349609,8349.349609,202600.0,8610.505204731737
568,2017-01-23,8329.599609,8404.150391,8327.200195,8391.5,8391.5,195000.0,8669.33680187308
569,2017-01-24,8407.049805,8480.950195,8398.150391,8475.799805,8475.799805,179200.0,8715.181347274376
570,2017-01-25,8499.450195,8612.599609,8493.950195,8602.75,8602.75,292500.0,8752.015403489575
571,2017-01-27,8610.5,8672.700195,8606.900391,8641.25,8641.25,275400.0,8797.378090049851
572,2017-01-30,8635.549805,8662.599609,8617.75,8632.75,8632.75,304700.0,8808.770763999302
573,2017-01-31,8629.450195,8631.75,8552.400391,8561.299805,8561.299805,521000.0,8808.480823810685
574,2017-02-01,8570.349609,8722.400391,8537.5,8716.400391,8716.400391,327700.0,8808.737925649919
575,2017-02-02,8724.75,8757.599609,8685.799805,8734.25,8734.25,283500.0,8814.37281885592
576,2017-02-03,8735.150391,8748.25,8707.75,8740.950195,8740.950195,191000.0,8825.323880669854
577,2017-02-06,8785.450195,8814.099609,8770.200195,8801.049805,8801.049805,194400.0,8818.819728990318
578,2017-02-07,8805.700195,8809.299805,8741.049805,8768.299805,8768.299805,226300.0,8785.318211675254
579,2017-02-08,8774.549805,8791.25,8715.0,8769.049805,8769.049805,218700.0,8783.292992636847
580,2017-02-09,8795.549805,8821.400391,8724.099609,8778.400391,8778.400391,187500.0,8797.077513756583
581,2017-02-10,8812.349609,8822.099609,8771.200195,8793.549805,8793.549805,225900.0,8832.236203981787
582,2017-02-13,8819.799805,8826.900391,8754.200195,8805.049805,8805.049805,204900.0,8868.340582756757
583,2017-02-14,8819.900391,8820.450195,8772.5,8792.299805,8792.299805,188300.0,8900.356323995267
584,2017-02-15,8778.950195,8807.900391,8712.849609,8724.700195,8724.700195,216100.0,8926.331804783735
585,2017-02-16,8739.0,8783.950195,8719.599609,8778.0,8778.0,184600.0,8925.527423668942
586,2017-02-17,8883.700195,8896.450195,8804.25,8821.700195,8821.700195,298300.0,8917.47653676809
587,2017-02-20,8818.549805,8886.25,8809.799805,8879.200195,8879.200195,167800.0,8941.05676999577
588,2017-02-21,8890.75,8920.799805,8860.950195,8907.849609,8907.849609,175700.0,8934.749958662253
589,2017-02-22,8931.599609,8960.75,8905.25,8926.900391,8926.900391,247100.0,8926.191443747348
590,2017-02-23,8956.400391,8982.150391,8927.549805,8939.5,8939.5,377200.0,8943.73481429786
591,2017-02-27,8943.700195,8951.799805,8888.650391,8896.700195,8896.700195,189900.0,8947.646906744074
592,2017-02-28,8898.950195,8914.75,8867.599609,8879.599609,8879.599609,293600.0,8940.063589996409
593,2017-03-01,8904.400391,8960.799805,8898.599609,8945.799805,8945.799805,205900.0,8935.213015943624
594,2017-03-02,8982.849609,8992.5,8879.799805,8899.75,8899.75,218800.0,8937.047517124363
595,2017-03-03,8883.5,8907.099609,8860.099609,8897.549805,8897.549805,202600.0,9001.299370557852
596,2017-03-06,8915.099609,8967.799805,8914.0,8963.450195,8963.450195,174800.0,9041.742232381344
597,2017-03-07,8977.75,8977.849609,8932.799805,8946.900391,8946.900391,173400.0,9099.727464305242
598,2017-03-08,8950.700195,8957.049805,8891.950195,8924.299805,8924.299805,177800.0,9141.527491317633
599,2017-03-09,8914.5,8945.799805,8899.5,8927.0,8927.0,171500.0,9152.076067968523
600,2017-03-10,8953.700195,8975.700195,8903.950195,8934.549805,8934.549805,152700.0,9156.317553882805
601,2017-03-14,9091.650391,9122.75,9060.5,9087.0,9087.0,270300.0,9121.361305184279
602,2017-03-15,9086.849609,9106.549805,9075.5,9084.799805,9084.799805,240600.0,9117.930201615192
603,2017-03-16,9129.650391,9158.450195,9128.549805,9153.700195,9153.700195,208600.0,9122.852767457047
604,2017-03-17,9207.799805,9218.400391,9147.599609,9160.049805,9160.049805,286700.0,9092.36261856472
605,2017-03-20,9166.950195,9167.599609,9116.299805,9126.849609,9126.849609,332100.0,9093.963855888951
606,2017-03-21,9133.950195,9147.75,9087.200195,9121.5,9121.5,247700.0,9109.710862383685
607,2017-03-22,9047.200195,9072.900391,9019.299805,9030.450195,9030.450195,232300.0,9133.34452393941
608,2017-03-23,9048.75,9099.049805,9048.599609,9086.299805,9086.299805,191800.0,9151.845271027489
609,2017-03-24,9104.0,9133.549805,9089.400391,9108.0,9108.0,203700.0,9191.139026206693
610,2017-03-27,9093.450195,9094.849609,9024.650391,9045.200195,9045.200195,202700.0,9233.73128698623
611,2017-03-28,9081.5,9110.400391,9079.799805,9100.799805,9100.799805,183300.0,9258.149970450178
612,2017-03-29,9128.700195,9153.150391,9109.099609,9143.799805,9143.799805,243400.0,9246.861663053332
613,2017-03-30,9142.599609,9183.150391,9136.349609,9173.75,9173.75,323400.0,9233.737146173178
614,2017-03-31,9158.900391,9191.700195,9152.099609,9173.75,9173.75,190900.0,9243.125887037659
615,2017-04-03,9220.599609,9245.349609,9192.400391,9237.849609,9237.849609,139100.0,9232.947378262583
616,2017-04-05,9264.400391,9273.900391,9215.400391,9265.150391,9265.150391,184800.0,9202.236692544997
617,2017-04-06,9245.799805,9267.950195,9218.849609,9261.950195,9261.950195,186100.0,9161.937046889636
618,2017-04-07,9223.700195,9250.5,9188.099609,9198.299805,9198.299805,190000.0,9130.258943840356
619,2017-04-10,9225.599609,9225.650391,9174.849609,9181.450195,9181.450195,135800.0,9121.385913387903
620,2017-04-11,9184.549805,9242.700195,9172.849609,9237.0,9237.0,200100.0,9109.809061453954
621,2017-04-12,9242.5,9246.400391,9161.799805,9203.450195,9203.450195,161800.0,9146.375791767518
622,2017-04-13,9202.5,9202.650391,9144.950195,9150.799805,9150.799805,166500.0,9209.799524419053
623,,,,,,,,9270.062289095878
624,2017-04-18,9163.0,9217.900391,9095.450195,9105.150391,9105.150391,174200.0,9309.51742005787
625,2017-04-19,9112.200195,9120.5,9075.150391,9103.5,9103.5,173700.0,9322.910214932732
626,2017-04-20,9108.099609,9143.900391,9102.650391,9136.400391,9136.400391,170300.0,9336.718916335218
627,2017-04-21,9179.099609,9183.650391,9088.75,9119.400391,9119.400391,155200.0,9343.634442275996
628,2017-04-24,9135.349609,9225.400391,9130.549805,9217.950195,9217.950195,167700.0,9364.463048730013
629,2017-04-25,9273.049805,9309.200195,9250.349609,9306.599609,9306.599609,168700.0,9347.60067873301
630,2017-04-26,9336.200195,9367.0,9301.349609,9351.849609,9351.849609,185700.0,9341.1306114446
631,2017-04-27,9359.150391,9367.150391,9322.650391,9342.150391,9342.150391,209400.0,9332.766097143705
632,2017-04-28,9340.950195,9342.650391,9282.25,9304.049805,9304.049805,162200.0,9361.637608637553
633,2017-05-02,9339.849609,9352.549805,9269.900391,9313.799805,9313.799805,161600.0,9388.664530556573
634,2017-05-03,9344.700195,9346.299805,9298.400391,9311.950195,9311.950195,151600.0,9400.448933023346
635,2017-05-04,9360.950195,9365.650391,9323.25,9359.900391,9359.900391,269600.0,9425.826952378731
636,2017-05-05,9374.549805,9377.099609,9272.0,9285.299805,9285.299805,231900.0,9470.333543155073
637,2017-05-08,9311.450195,9338.700195,9297.950195,9314.049805,9314.049805,174300.0,9503.700836110329
638,2017-05-09,9337.349609,9338.950195,9307.700195,9316.849609,9316.849609,132300.0,9490.214394356506
639,2017-05-10,9339.650391,9414.75,9336.0,9407.299805,9407.299805,152700.0,9477.074399284164
640,2017-05-11,9448.599609,9450.650391,9411.299805,9422.400391,9422.400391,171100.0,9470.691381885608
641,2017-05-12,9436.650391,9437.75,9372.549805,9400.900391,9400.900391,154300.0,9439.554770185829
642,2017-05-15,9433.549805,9449.25,9423.099609,9445.400391,9445.400391,140800.0,9406.392453742492
643,2017-05-16,9461.0,9517.200195,9456.349609,9512.25,9512.25,166500.0,9445.503485345816
644,2017-05-17,9517.599609,9532.599609,9486.099609,9525.75,9525.75,205500.0,9505.8393319014
645,2017-05-18,9453.200195,9489.099609,9418.099609,9429.450195,9429.450195,193300.0,9548.826375849303
646,2017-05-19,9469.900391,9505.75,9390.75,9427.900391,9427.900391,252100.0,9586.024348854946
647,2017-05-22,9480.25,9498.650391,9427.900391,9438.25,9438.25,196800.0,9614.751872479797
648,2017-05-23,9445.049805,9448.049805,9370.0,9386.150391,9386.150391,224400.0,9631.293182339548
649,2017-05-24,9410.900391,9431.900391,9341.650391,9360.549805,9360.549805,211800.0,9655.987733639642
650,2017-05-25,9384.049805,9523.299805,9379.200195,9509.75,9509.75,289200.0,9682.82656240261
651,2017-05-26,9507.75,9604.900391,9495.400391,9595.099609,9595.099609,218800.0,9685.094670341954
652,2017-05-29,9560.049805,9637.75,9547.700195,9604.900391,9604.900391,235000.0,9688.140438625378
653,2017-05-30,9590.650391,9635.299805,9581.200195,9624.549805,9624.549805,193900.0,9678.159752451946
654,2017-05-31,9636.549805,9649.599609,9609.25,9621.25,9621.25,414300.0,9678.679460375712
655,2017-06-01,9603.549805,9634.650391,9589.900391,9616.099609,9616.099609,176100.0,9656.484927815432
656,2017-06-02,9657.150391,9673.5,9637.450195,9653.5,9653.5,162200.0,9637.147639617418
657,2017-06-05,9656.299805,9687.200195,9640.700195,9675.099609,9675.099609,127700.0,9628.604420707788
658,2017-06-06,9704.25,9709.299805,9630.200195,9637.150391,9637.150391,145900.0,9604.717177132346
659,2017-06-07,9663.950195,9678.549805,9630.549805,9663.900391,9663.900391,160700.0,9591.748664399363
660,2017-06-08,9682.400391,9688.700195,9641.5,9647.25,9647.25,155400.0,9613.897484116258
661,2017-06-09,9638.549805,9676.25,9608.150391,9668.25,9668.25,159000.0,9626.991160883303
662,2017-06-12,9646.700195,9647.049805,9598.5,9616.400391,9616.400391,141400.0,9629.169355813909
663,2017-06-13,9615.549805,9654.150391,9595.400391,9606.900391,9606.900391,129700.0,9628.322084064797
664,2017-06-14,9621.549805,9627.400391,9580.450195,9618.150391,9618.150391,181800.0,9607.902274154261
665,2017-06-15,9617.900391,9621.400391,9560.799805,9578.049805,9578.049805,171100.0,9568.03429438729
666,2017-06-16,9595.450195,9615.849609,9565.5,9588.049805,9588.049805,213200.0,9531.565543546
667,2017-06-19,9626.400391,9673.299805,9614.900391,9657.549805,9657.549805,141700.0,9513.864088516913
668,2017-06-20,9670.5,9676.5,9643.75,9653.5,9653.5,159500.0,9508.511102010678
669,2017-06-21,9648.099609,9650.450195,9608.599609,9633.599609,9633.599609,144000.0,9540.737470878676
670,2017-06-22,9642.650391,9698.849609,9617.75,9630.0,9630.0,198800.0,9563.86598400372
671,2017-06-23,9643.25,9647.650391,9565.299805,9574.950195,9574.950195,175200.0,9591.56922774572
672,2017-06-27,9594.049805,9615.400391,9473.450195,9511.400391,9511.400391,203300.0,9626.37458566606
673,2017-06-28,9520.200195,9522.5,9474.349609,9491.25,9491.25,172400.0,9649.59668053759
674,2017-06-29,9522.950195,9575.799805,9493.799805,9504.099609,9504.099609,259300.0,9711.029348550774
675,2017-06-30,9478.5,9535.799805,9448.75,9520.900391,9520.900391,179600.0,9759.48542913517
676,2017-07-03,9587.950195,9624.0,9543.549805,9615.0,9615.0,183000.0,9802.860074524948
677,2017-07-04,9645.900391,9650.650391,9595.5,9613.299805,9613.299805,144800.0,9860.86157300827
678,2017-07-05,9619.75,9643.650391,9607.349609,9637.599609,9637.599609,130800.0,9892.054592990438
679,2017-07-06,9653.599609,9700.700195,9639.950195,9674.549805,9674.549805,147400.0,9923.66931969554
680,2017-07-07,9670.349609,9684.25,9642.650391,9665.799805,9665.799805,141800.0,9905.837040679655
681,2017-07-10,9719.299805,9782.150391,9646.450195,9771.049805,9771.049805,37500.0,9918.94615184968
682,2017-07-11,9797.450195,9830.049805,9778.849609,9786.049805,9786.049805,179700.0,9916.111445354658
683,2017-07-12,9807.299805,9824.950195,9787.700195,9816.099609,9816.099609,145500.0,9924.657647217116
684,2017-07-13,9855.799805,9897.25,9853.450195,9891.700195,9891.700195,181300.0,9949.312182795318
685,2017-07-14,9913.299805,9913.299805,9845.450195,9886.349609,9886.349609,159600.0,9987.292418733274
686,2017-07-17,9908.150391,9928.200195,9894.700195,9915.950195,9915.950195,163500.0,10009.375087206605
687,2017-07-18,9832.700195,9885.349609,9792.049805,9827.150391,9827.150391,293900.0,10021.880025626475
688,2017-07-19,9855.950195,9905.049805,9851.650391,9899.599609,9899.599609,200200.0,10053.896883870128
689,2017-07-20,9920.200195,9922.549805,9863.450195,9873.299805,9873.299805,161100.0,10095.007896333964
690,2017-07-21,9899.599609,9924.700195,9838.0,9915.25,9915.25,187500.0,10104.973404378285
691,,,,,,,,10083.989885218649
692,2017-07-25,10010.549805,10011.299805,9949.099609,9964.549805,9964.549805,185500.0,10087.265927964416
693,2017-07-26,9983.650391,10025.950195,9965.950195,10020.650391,10020.650391,197600.0,10082.478176185532
694,2017-07-27,10063.25,10114.849609,10005.5,10020.549805,10020.549805,287900.0,10043.567151191111
695,2017-07-28,9996.549805,10026.049805,9944.5,10014.5,10014.5,191600.0,9987.423042823693
696,2017-07-31,10034.700195,10085.900391,10016.950195,10077.099609,10077.099609,237700.0,9912.962431202202
697,2017-08-01,10101.049805,10128.599609,10065.75,10114.650391,10114.650391,184300.0,9814.1690773146
698,2017-08-02,10136.299805,10137.849609,10054.200195,10081.5,10081.5,161500.0,9779.669279740534
699,2017-08-03,10081.150391,10081.150391,9998.25,10013.650391,10013.650391,192700.0,9802.415930289106
700,2017-08-04,10008.599609,10075.25,9988.349609,10066.400391,10066.400391,178600.0,9827.181258473185
701,2017-08-07,10074.799805,10088.099609,10046.349609,10057.400391,10057.400391,137400.0,9816.51712672711
702,2017-08-08,10068.349609,10083.799805,9947.0,9978.549805,9978.549805,203300.0,9777.336207881972
703,2017-08-09,9961.150391,9969.799805,9893.049805,9908.049805,9908.049805,169200.0,9760.004546910697
704,2017-08-10,9872.849609,9892.650391,9776.200195,9820.25,9820.25,235500.0,9788.192197212014
705,2017-08-11,9712.150391,9771.650391,9685.549805,9710.799805,9710.799805,285900.0,9814.801699075015
706,2017-08-14,9755.75,9818.299805,9752.099609,9794.150391,9794.150391,195600.0,9861.240634550828
707,2017-08-16,9825.849609,9903.950195,9773.849609,9897.299805,9897.299805,219500.0,9840.757417671564
708,2017-08-17,9945.549805,9947.799805,9883.75,9904.150391,9904.150391,197600.0,9856.767253241323
709,2017-08-18,9865.950195,9865.950195,9783.650391,9837.400391,9837.400391,246300.0,9881.382414821479
710,2017-08-21,9864.25,9884.349609,9740.099609,9754.349609,9754.349609,205300.0,9924.699177009574
711,2017-08-22,9815.75,9828.450195,9752.599609,9765.549805,9765.549805,183600.0,9932.874550230541
712,2017-08-23,9803.049805,9857.900391,9786.75,9852.5,9852.5,168600.0,9952.4842982339
713,2017-08-24,9881.200195,9881.5,9848.849609,9857.049805,9857.049805,184700.0,9945.849231287917
714,2017-08-28,9907.150391,9925.75,9882.0,9912.799805,9912.799805,159600.0,9945.768173687027
715,2017-08-29,9886.400391,9887.349609,9783.75,9796.049805,9796.049805,173300.0,9944.49581722516
716,2017-08-30,9859.5,9909.450195,9850.799805,9884.400391,9884.400391,157800.0,9978.06991220047
717,2017-08-31,9905.700195,9925.099609,9856.950195,9917.900391,9917.900391,327700.0,10031.716552336637
718,2017-09-01,9937.650391,9983.450195,9909.849609,9974.400391,9974.400391,157800.0,10061.067820571758
719,2017-09-04,9984.150391,9988.400391,9861.0,9912.849609,9912.849609,148800.0,10080.792961984704
720,2017-09-05,9933.25,9963.099609,9901.049805,9952.200195,9952.200195,139200.0,10096.198009389404
721,2017-09-06,9899.25,9931.549805,9882.549805,9916.200195,9916.200195,149200.0,10131.389672946116
722,2017-09-07,9945.849609,9964.849609,9917.200195,9929.900391,9929.900391,188800.0,10154.132214390747
723,2017-09-08,9958.650391,9963.599609,9913.299805,9934.799805,9934.799805,163600.0,10164.990210890537
724,2017-09-11,9971.75,10028.650391,9968.799805,10006.049805,10006.049805,173000.0,10162.699020781565
725,2017-09-12,10056.849609,10097.549805,10028.049805,10093.049805,10093.049805,182600.0,10091.794810681482
726,2017-09-13,10099.25,10131.950195,10063.150391,10079.299805,10079.299805,215000.0,9999.814616586324
727,2017-09-14,10107.400391,10126.5,10070.349609,10086.599609,10086.599609,225600.0,9936.445306648
728,2017-09-15,10062.349609,10115.150391,10043.650391,10085.400391,10085.400391,266600.0,9837.769862625535
729,2017-09-18,10133.099609,10171.700195,10131.299805,10153.099609,10153.099609,156100.0,9784.665418441695
730,2017-09-19,10175.599609,10178.950195,10129.950195,10147.549805,10147.549805,187500.0,9755.283625344216
731,2017-09-20,10160.950195,10171.049805,10134.200195,10141.150391,10141.150391,199400.0,9767.627896983604
732,2017-09-21,10139.599609,10158.900391,10058.599609,10121.900391,10121.900391,191800.0,9802.63358866471
733,2017-09-22,10094.349609,10095.049805,9952.799805,9964.400391,9964.400391,226600.0,9820.15508632374
734,2017-09-25,9960.099609,9960.5,9816.049805,9872.599609,9872.599609,221400.0,9879.143475959794
735,2017-09-26,9875.25,9891.349609,9813.0,9871.5,9871.5,190900.0,9928.855656814218
736,2017-09-27,9920.599609,9921.049805,9714.400391,9735.75,9735.75,200100.0,9974.333217425605
737,2017-09-28,9736.400391,9789.200195,9687.549805,9768.950195,9768.950195,385000.0,9998.132070041547
738,2017-09-29,9814.299805,9854.0,9775.349609,9788.599609,9788.599609,196300.0,10056.27655143609
739,2017-10-03,9893.299805,9895.400391,9831.049805,9859.5,9859.5,162800.0,10122.507181319108
740,2017-10-04,9884.349609,9938.299805,9850.650391,9914.900391,9914.900391,156200.0,10188.510300358701
741,2017-10-05,9927.0,9945.950195,9881.849609,9888.700195,9888.700195,147800.0,10230.647716849297
742,2017-10-06,9908.150391,9989.349609,9906.599609,9979.700195,9979.700195,195800.0,10248.866651054776
743,2017-10-09,9988.200195,10015.75,9959.450195,9988.75,9988.75,143900.0,10228.008368850076
744,2017-10-10,10013.700195,10034.0,10002.299805,10016.950195,10016.950195,148600.0,10226.562831459933
745,2017-10-11,10042.599609,10067.25,9955.799805,9984.799805,9984.799805,189700.0,10231.886439474962
746,2017-10-12,10011.200195,10104.450195,9977.099609,10096.400391,10096.400391,200900.0,10271.763788654876
747,2017-10-13,10123.700195,10191.900391,10120.099609,10167.450195,10167.450195,230100.0,10312.614988320476
748,2017-10-16,10207.400391,10242.950195,10175.099609,10230.849609,10230.849609,203000.0,10328.19776268313
749,2017-10-17,10227.650391,10251.849609,10212.599609,10234.450195,10234.450195,195700.0,10351.67934689252
750,2017-10-18,10209.400391,10236.450195,10175.75,10210.849609,10210.849609,254200.0,10355.60539800309
751,2017-10-19,10210.349609,10211.950195,10123.349609,10146.549805,10146.549805,30200.0,10401.656378320255
752,2017-10-23,10176.650391,10224.150391,10124.5,10184.849609,10184.849609,218100.0,10428.925870090576
753,2017-10-24,10218.549805,10237.75,10182.400391,10207.700195,10207.700195,217200.0,10455.9603733042
754,2017-10-25,10321.150391,10340.549805,10240.900391,10295.349609,10295.349609,594200.0,10471.652379167523
755,2017-10-26,10291.799805,10355.650391,10271.849609,10343.799805,10343.799805,429700.0,10435.162499939062
756,2017-10-27,10362.299805,10366.150391,10311.299805,10323.049805,10323.049805,312700.0,10387.030309034193
757,2017-10-30,10353.849609,10384.5,10344.299805,10363.650391,10363.650391,236900.0,10356.438653746201
758,2017-10-31,10364.900391,10367.700195,10323.950195,10335.299805,10335.299805,232600.0,10338.35718796859
759,2017-11-01,10390.349609,10451.650391,10383.049805,10440.5,10440.5,260300.0,10288.080235381489
760,2017-11-02,10440.5,10453.0,10412.549805,10423.799805,10423.799805,201500.0,10232.915156004014
761,2017-11-03,10461.549805,10461.700195,10403.599609,10452.5,10452.5,199900.0,10169.06724404787
762,2017-11-06,10431.75,10490.450195,10413.75,10451.799805,10451.799805,193600.0,10164.835138034661
763,2017-11-07,10477.150391,10485.75,10340.799805,10350.150391,10350.150391,286900.0,10192.755613184961
764,2017-11-08,10361.950195,10384.25,10285.5,10303.150391,10303.150391,274500.0,10225.608907312266
765,2017-11-09,10358.650391,10368.450195,10266.950195,10308.950195,10308.950195,240200.0,10263.360948285035
766,2017-11-10,10304.349609,10344.950195,10254.099609,10321.75,10321.75,279400.0,10296.038224814269
767,2017-11-13,10322.0,10334.150391,10216.25,10224.950195,10224.950195,210300.0,10320.74298967341
768,2017-11-14,10223.400391,10248.0,10175.549805,10186.599609,10186.599609,305000.0,10358.98542785825
769,2017-11-15,10171.950195,10175.450195,10094.0,10118.049805,10118.049805,207400.0,10390.177363878502
770,2017-11-16,10152.900391,10232.25,10139.200195,10214.75,10214.75,182600.0,10401.377920511668
771,2017-11-17,10324.549805,10343.599609,10268.049805,10283.599609,10283.599609,203300.0,10398.46856145119
772,2017-11-20,10287.200195,10309.849609,10261.5,10298.75,10298.75,147200.0,10336.402814969966
773,2017-11-21,10329.25,10358.700195,10315.049805,10326.900391,10326.900391,186100.0,10248.749297685128
774,2017-11-22,10350.799805,10368.700195,10309.549805,10342.299805,10342.299805,157600.0,10188.828107018378
775,2017-11-23,10358.450195,10374.299805,10307.299805,10348.75,10348.75,153000.0,10143.627652149898
776,2017-11-24,10366.799805,10404.5,10362.25,10389.700195,10389.700195,129200.0,10083.310503388093
777,2017-11-27,10361.049805,10407.150391,10340.200195,10399.549805,10399.549805,141900.0,10091.698557895186
778,2017-11-28,10387.900391,10409.549805,10355.200195,10370.25,10370.25,196000.0,10140.442574306962
779,2017-11-29,10376.650391,10392.950195,10345.900391,10361.299805,10361.299805,152500.0,10201.572794222762
780,2017-11-30,10332.700195,10332.700195,10211.25,10226.549805,10226.549805,342500.0,10212.595913687717
781,2017-12-01,10263.700195,10272.700195,10108.549805,10121.799805,10121.799805,143400.0,10208.081441045182
782,2017-12-04,10175.049805,10179.200195,10095.700195,10127.75,10127.75,148600.0,10233.716067899592
783,2017-12-05,10118.25,10147.950195,10069.099609,10118.25,10118.25,155500.0,10283.413244624657
784,2017-12-06,10088.799805,10104.200195,10033.349609,10044.099609,10044.099609,166100.0,10339.942009400189
785,2017-12-07,10063.450195,10182.650391,10061.900391,10166.700195,10166.700195,166200.0,10411.55082996359
786,2017-12-08,10198.450195,10270.849609,10195.25,10265.650391,10265.650391,200000.0,10445.10080222751
787,2017-12-11,10310.5,10329.200195,10282.049805,10322.25,10322.25,147400.0,10459.73380399484
788,2017-12-12,10324.900391,10326.099609,10230.200195,10240.150391,10240.150391,175100.0,10486.8899074403
789,2017-12-13,10236.599609,10296.549805,10169.849609,10192.950195,10192.950195,181600.0,10523.960376781384
790,2017-12-14,10229.299805,10276.099609,10141.549805,10252.099609,10252.099609,154300.0,10533.318466230376
791,2017-12-15,10345.650391,10373.099609,10319.650391,10333.25,10333.25,255100.0,10529.315516728582
792,2017-12-18,10263.099609,10443.549805,10074.799805,10388.75,10388.75,230400.0,10542.306277645099
793,2017-12-19,10414.799805,10472.200195,10406.0,10463.200195,10463.200195,169100.0,10511.361229934471
794,2017-12-20,10494.400391,10494.450195,10437.150391,10444.200195,10444.200195,175200.0,10485.928356043112
795,2017-12-21,10473.950195,10473.950195,10426.900391,10440.299805,10440.299805,151900.0,10494.324938332804
796,2017-12-22,10457.299805,10501.099609,10448.25,10493.0,10493.0,138800.0,10522.504393697038
797,2017-12-26,10512.299805,10545.450195,10477.950195,10531.5,10531.5,155600.0,10565.939416593636
798,2017-12-27,10531.049805,10552.400391,10469.25,10490.75,10490.75,165200.0,10599.801898508735
799,2017-12-28,10498.200195,10534.549805,10460.450195,10477.900391,10477.900391,272900.0,10623.167596295423
800,2017-12-29,10492.349609,10538.700195,10488.650391,10530.700195,10530.700195,152000.0,10646.953409833834
801,,,,,,,,10672.080636875073
802,2018-01-02,10477.549805,10495.200195,10404.650391,10442.200195,10442.200195,153400.0,10717.382032975398
803,2018-01-03,10482.650391,10503.599609,10429.549805,10443.200195,10443.200195,167300.0,10730.190780398629
804,2018-01-04,10469.400391,10513.0,10441.450195,10504.799805,10504.799805,174900.0,10770.014709113362
805,2018-01-05,10534.25,10566.099609,10520.099609,10558.849609,10558.849609,180900.0,10805.081354612952
806,2018-01-08,10591.700195,10631.200195,10588.549805,10623.599609,10623.599609,169000.0,10856.480191556024
807,2018-01-09,10645.099609,10659.150391,10603.599609,10637.0,10637.0,205000.0,10919.311404418175
808,2018-01-10,10652.049805,10655.5,10592.700195,10632.200195,10632.200195,176400.0,11009.467920136696
809,2018-01-11,10637.049805,10664.599609,10612.349609,10651.200195,10651.200195,153800.0,11069.885466818429
810,2018-01-12,10682.549805,10690.400391,10597.099609,10681.25,10681.25,175200.0,11100.780991967773
811,2018-01-15,10718.5,10782.650391,10713.799805,10741.549805,10741.549805,175900.0,11141.115199300957
812,2018-01-16,10761.5,10762.349609,10687.849609,10700.450195,10700.450195,211000.0,11135.375133164609
813,2018-01-17,10702.450195,10803.0,10666.75,10788.549805,10788.549805,252700.0,11114.953960621731
814,2018-01-18,10873.400391,10887.5,10782.400391,10817.0,10817.0,312000.0,11092.615214794803
815,2018-01-19,10829.200195,10906.849609,10793.900391,10894.700195,10894.700195,207600.0,10966.841966324242
816,2018-01-22,10883.200195,10975.099609,10881.400391,10966.200195,10966.200195,231600.0,10836.631398068595
817,2018-01-23,10997.400391,11092.900391,10994.549805,11083.700195,11083.700195,284600.0,10672.724330069776
818,2018-01-24,11069.349609,11110.099609,11046.150391,11086.0,11086.0,283400.0,10552.907474480922
819,2018-01-25,11095.599609,11095.599609,11009.200195,11069.650391,11069.650391,330300.0,10515.856566424985
820,2018-01-29,11079.349609,11171.549805,11075.950195,11130.400391,11130.400391,241700.0,10442.662177631464
821,2018-01-30,11120.849609,11121.099609,11033.900391,11049.650391,11049.650391,228000.0,10435.875663631754
822,2018-01-31,11018.799805,11058.5,10979.299805,11027.700195,11027.700195,245900.0,10421.599377609393
823,2018-02-01,11044.549805,11117.349609,10878.799805,11016.900391,11016.900391,306200.0,10435.084031505276
824,2018-02-02,10938.200195,10954.950195,10736.099609,10760.599609,10760.599609,282700.0,10422.837321321133
825,2018-02-05,10604.299805,10702.75,10586.799805,10666.549805,10666.549805,240100.0,10390.562700425266
826,2018-02-06,10295.150391,10594.150391,10276.299805,10498.25,10498.25,266500.0,10369.966232180024
827,2018-02-07,10607.200195,10614.0,10446.400391,10476.700195,10476.700195,250400.0,10372.137253134659
828,2018-02-08,10518.5,10637.799805,10479.549805,10576.849609,10576.849609,232200.0,10363.242205423281
829,2018-02-09,10416.5,10480.200195,10398.200195,10454.950195,10454.950195,191600.0,10408.071715053435
830,2018-02-12,10518.200195,10555.5,10485.400391,10539.75,10539.75,217400.0,10472.84314500363
831,2018-02-14,10585.75,10590.549805,10456.650391,10500.900391,10500.900391,229200.0,10508.464793437637
832,2018-02-15,10537.900391,10618.099609,10511.049805,10545.5,10545.5,210600.0,10505.310518663697
833,2018-02-16,10596.200195,10612.900391,10434.049805,10452.299805,10452.299805,184300.0,10492.983155365087
834,2018-02-19,10488.900391,10489.349609,10302.75,10378.400391,10378.400391,187300.0,10446.360102817032
835,2018-02-20,10391.0,10429.349609,10347.650391,10360.400391,10360.400391,187700.0,10368.99533634098
836,2018-02-21,10426.0,10426.099609,10349.599609,10397.450195,10397.450195,234100.0,10274.078607824755
837,2018-02-22,10354.349609,10397.549805,10340.650391,10382.700195,10382.700195,313600.0,10245.44637814239
838,2018-02-23,10408.099609,10499.099609,10396.650391,10491.049805,10491.049805,210600.0,10215.45146572379
839,2018-02-26,10526.549805,10592.950195,10520.200195,10582.599609,10582.599609,171900.0,10272.054748810348
840,2018-02-27,10615.200195,10631.650391,10537.25,10554.299805,10554.299805,187500.0,10318.064465638196
841,2018-02-28,10488.950195,10535.5,10461.549805,10492.849609,10492.849609,286000.0,10348.405746527013
842,2018-03-01,10479.950195,10525.5,10447.150391,10458.349609,10458.349609,176000.0,10351.348038466105
843,2018-03-05,10428.299805,10428.700195,10323.900391,10358.849609,10358.849609,194000.0,10291.072450481242
844,2018-03-06,10420.5,10441.349609,10215.900391,10249.25,10249.25,222900.0,10212.808754258494
845,2018-03-07,10232.950195,10243.349609,10141.549805,10154.200195,10154.200195,249500.0,10174.816759590845
846,2018-03-08,10216.25,10270.349609,10146.400391,10242.650391,10242.650391,226400.0,10156.70179832094
847,2018-03-09,10271.299805,10296.700195,10211.900391,10226.849609,10226.849609,186500.0,10129.09865845755
848,2018-03-12,10301.599609,10433.650391,10295.450195,10421.400391,10421.400391,216400.0,10053.658121453533
849,2018-03-13,10389.5,10478.599609,10377.849609,10426.849609,10426.849609,266700.0,10057.357992926256
850,2018-03-14,10393.049805,10420.349609,10336.299805,10410.900391,10410.900391,181400.0,10085.502037160906
851,2018-03-15,10405.450195,10420.0,10346.200195,10360.150391,10360.150391,173900.0,10081.263317763045
852,2018-03-16,10345.150391,10346.299805,10180.25,10195.150391,10195.150391,328500.0,10128.042330572052
853,2018-03-19,10215.349609,10224.549805,10075.299805,10094.25,10094.25,210200.0,10179.641801653634
854,2018-03-20,10051.549805,10155.650391,10049.099609,10124.349609,10124.349609,203000.0,10165.993896538188
855,2018-03-21,10181.950195,10227.299805,10132.950195,10155.25,10155.25,204800.0,10234.565608904497
856,2018-03-22,10167.5,10207.849609,10105.400391,10114.75,10114.75,230500.0,10286.409447075614
857,2018-03-23,9968.799805,10027.700195,9951.900391,9998.049805,9998.049805,285700.0,10345.971628458848
858,2018-03-26,9989.150391,10143.5,9958.549805,10130.650391,10130.650391,262600.0,10387.682854760691
859,2018-03-27,10188.0,10207.900391,10139.650391,10184.150391,10184.150391,225700.0,10417.968057994338
860,2018-03-28,10143.599609,10158.349609,10096.900391,10113.700195,10113.700195,344400.0,10457.242982029835
861,2018-04-02,10151.650391,10220.099609,10127.75,10211.799805,10211.799805,225400.0,10486.316890265376
862,2018-04-03,10186.849609,10255.349609,10171.049805,10245.0,10245.0,205300.0,10522.479817091658
863,2018-04-04,10274.599609,10279.849609,10111.299805,10128.400391,10128.400391,231100.0,10559.578766278537
864,2018-04-05,10228.450195,10331.799805,10227.450195,10325.150391,10325.150391,236800.0,10563.880466411505
865,2018-04-06,10322.75,10350.450195,10290.849609,10331.599609,10331.599609,200200.0,10580.805723252957
866,2018-04-09,10333.700195,10397.700195,10328.5,10379.349609,10379.349609,221600.0,10588.325854655894
867,2018-04-10,10412.900391,10424.849609,10381.5,10402.25,10402.25,251700.0,10599.575919268187
868,2018-04-11,10428.150391,10428.150391,10355.599609,10417.150391,10417.150391,250400.0,10617.620804866689
869,2018-04-12,10410.650391,10469.900391,10395.25,10458.650391,10458.650391,238600.0,10609.263240507282
870,2018-04-13,10495.299805,10519.900391,10451.450195,10480.599609,10480.599609,213100.0,10620.7574892171
871,2018-04-16,10398.299805,10540.150391,10396.349609,10528.349609,10528.349609,195000.0,10675.484036767026
872,2018-04-17,10557.299805,10560.450195,10495.650391,10548.700195,10548.700195,206100.0,10703.570771029226
873,2018-04-18,10578.900391,10594.200195,10509.700195,10526.200195,10526.200195,205400.0,10707.558674002943
874,2018-04-19,10563.650391,10572.200195,10546.200195,10565.299805,10565.299805,262600.0,10682.07861839463
875,2018-04-20,10560.349609,10582.349609,10527.450195,10564.049805,10564.049805,244600.0,10703.146583406084
876,2018-04-23,10592.799805,10638.349609,10514.950195,10584.700195,10584.700195,194200.0,10717.089253893648
877,2018-04-24,10578.099609,10636.799805,10569.0,10614.349609,10614.349609,219200.0,10734.427074247218
878,2018-04-25,10612.400391,10612.599609,10536.450195,10570.549805,10570.549805,189200.0,10737.652441517608
879,2018-04-26,10586.5,10628.400391,10559.650391,10617.799805,10617.799805,335100.0,10773.3234025799
880,,,,,,,,10791.629035065213
881,2018-04-30,10705.75,10759.0,10704.599609,10739.349609,10739.349609,173800.0,10803.136704137396
882,2018-05-02,10783.849609,10784.650391,10689.799805,10718.049805,10718.049805,229700.0,10787.559803301683
883,2018-05-03,10720.150391,10720.599609,10647.450195,10679.650391,10679.650391,185200.0,10754.84620719714
884,2018-05-04,10700.450195,10700.450195,10601.599609,10618.25,10618.25,186500.0,10691.110290116494
885,2018-05-07,10653.150391,10725.650391,10635.650391,10715.5,10715.5,168400.0,10622.265186577546
886,2018-05-08,10757.900391,10758.549805,10689.400391,10717.799805,10717.799805,269800.0,10530.455754168812
887,2018-05-09,10693.349609,10766.25,10689.849609,10741.700195,10741.700195,215400.0,10503.478601543648
888,2018-05-10,10779.650391,10785.549805,10705.0,10716.549805,10716.549805,192100.0,10519.938303361629
889,2018-05-11,10741.950195,10812.049805,10724.450195,10806.5,10806.5,203100.0,10568.25635084393
890,2018-05-14,10815.150391,10834.849609,10774.75,10806.599609,10806.599609,171400.0,10581.801846762059
891,2018-05-15,10812.599609,10929.200195,10781.400391,10801.849609,10801.849609,254300.0,10587.963331329533
892,2018-05-16,10751.950195,10790.450195,10699.700195,10741.099609,10741.099609,231100.0,10645.760348548316
893,2018-05-17,10775.599609,10777.25,10664.5,10682.700195,10682.700195,214100.0,10674.072849498601
894,2018-05-18,10671.849609,10674.950195,10589.099609,10596.400391,10596.400391,223000.0,10668.046669991409
895,,,,,,,,10652.948595789112
896,2018-05-22,10518.450195,10558.599609,10490.549805,10536.700195,10536.700195,241700.0,10673.87171427739
897,2018-05-23,10521.099609,10533.549805,10417.799805,10430.349609,10430.349609,290900.0,10717.097834184946
898,2018-05-24,10464.849609,10535.150391,10419.799805,10513.849609,10513.849609,297600.0,10742.19462510074
899,2018-05-25,10533.049805,10628.049805,10524.0,10605.150391,10605.150391,260800.0,10769.616249756948
900,2018-05-28,10648.349609,10709.799805,10640.549805,10688.650391,10688.650391,232600.0,10811.35486664416
901,2018-05-29,10689.400391,10717.25,10616.099609,10633.299805,10633.299805,225800.0,10838.893892151043
902,2018-05-30,10579.0,10648.700195,10558.450195,10614.349609,10614.349609,238700.0,10839.273797937798
903,2018-05-31,10670.099609,10763.799805,10620.400391,10736.150391,10736.150391,610300.0,10845.485689585039
904,2018-06-01,10738.450195,10764.75,10681.5,10696.200195,10696.200195,220600.0,10842.749560037113
905,2018-06-04,10765.950195,10770.299805,10618.349609,10628.5,10628.5,203800.0,10798.26399373931
906,2018-06-05,10630.700195,10633.150391,10550.900391,10593.150391,10593.150391,167700.0,10787.513550606942
907,2018-06-06,10603.450195,10698.349609,10587.5,10684.650391,10684.650391,189900.0,10767.473424757536
908,2018-06-07,10722.599609,10818.0,10722.599609,10768.349609,10768.349609,220900.0,10785.825365291506
909,2018-06-08,10736.400391,10779.450195,10709.049805,10767.650391,10767.650391,209400.0,10772.204998228946
910,2018-06-11,10781.849609,10850.549805,10777.049805,10786.950195,10786.950195,211400.0,10765.355173374955
911,2018-06-12,10816.150391,10856.549805,10789.400391,10842.849609,10842.849609,198300.0,10723.73624778472
912,2018-06-13,10887.5,10893.25,10842.650391,10856.700195,10856.700195,213400.0,10661.21854667849
913,2018-06-14,10832.900391,10833.700195,10773.549805,10808.049805,10808.049805,184300.0,10670.77192650464
914,2018-06-15,10808.650391,10834.0,10755.400391,10817.700195,10817.700195,305400.0,10659.790368264668
915,2018-06-18,10830.200195,10830.200195,10787.349609,10799.849609,10799.849609,196600.0,10667.129171829836
916,2018-06-19,10789.450195,10789.450195,10701.200195,10710.450195,10710.450195,224500.0,10703.291576026759
917,2018-06-20,10734.650391,10781.799805,10724.049805,10772.049805,10772.049805,193500.0,10716.943125221927
918,2018-06-21,10808.450195,10809.599609,10725.900391,10741.099609,10741.099609,223600.0,10772.026054017993
919,2018-06-22,10742.700195,10837.0,10710.450195,10821.849609,10821.849609,229800.0,10848.572696979292
920,2018-06-25,10822.900391,10831.049805,10753.049805,10762.450195,10762.450195,229600.0,10906.391277326009
921,2018-06-26,10742.700195,10805.25,10732.549805,10769.150391,10769.150391,220000.0,10979.197016513928
922,2018-06-27,10785.5,10785.5,10652.400391,10671.400391,10671.400391,246000.0,10985.675829275031
923,2018-06-28,10660.799805,10674.200195,10557.700195,10589.099609,10589.099609,352300.0,11019.472766002002
924,2018-06-29,10612.849609,10723.049805,10612.349609,10714.299805,10714.299805,242800.0,11026.888488079961
925,2018-07-02,10732.349609,10736.150391,10604.650391,10657.299805,10657.299805,295400.0,11016.587607855974
926,2018-07-03,10668.599609,10713.299805,10630.25,10699.900391,10699.900391,202100.0,11030.045882760847
927,2018-07-04,10715.0,10777.150391,10677.75,10769.900391,10769.900391,173900.0,11063.148536571236
928,2018-07-05,10786.049805,10786.049805,10726.25,10749.75,10749.75,220500.0,11100.80519357237
929,,,,,,,,11125.340734584503
930,2018-07-09,10838.299805,10860.349609,10807.150391,10852.900391,10852.900391,183600.0,11152.332058042271
931,2018-07-10,10902.75,10956.900391,10876.650391,10947.25,10947.25,197000.0,11219.861422882566
932,2018-07-11,10956.400391,10976.650391,10923.0,10948.299805,10948.299805,222300.0,11278.801307579435
933,2018-07-12,11006.950195,11078.299805,10999.650391,11023.200195,11023.200195,248300.0,11334.565221705892
934,,,,,,,,11367.876921087436
935,2018-07-16,11018.950195,11019.5,10926.25,10936.849609,10936.849609,210500.0,11344.144869538475
936,2018-07-17,10939.650391,11018.5,10925.599609,11008.049805,11008.049805,210600.0,11368.793139316333
937,2018-07-18,11060.200195,11076.200195,10956.299805,10980.450195,10980.450195,225500.0,11392.499637467474
938,2018-07-19,10999.5,11006.5,10935.450195,10957.099609,10957.099609,215400.0,11408.461805976132
939,2018-07-20,10963.5,11030.25,10946.200195,11010.200195,11010.200195,187300.0,11440.834421811207
940,2018-07-23,11019.849609,11093.400391,11010.950195,11084.75,11084.75,229100.0,11465.03290997048
941,2018-07-24,11109.0,11143.400391,11092.5,11134.299805,11134.299805,205800.0,11431.882912531348
942,2018-07-25,11148.400391,11157.150391,11113.25,11132.0,11132.0,205900.0,11438.576745531245
943,2018-07-26,11132.950195,11185.849609,11125.700195,11167.299805,11167.299805,365400.0,11423.068567206315
944,2018-07-27,11232.75,11283.400391,11210.25,11278.349609,11278.349609,314600.0,11451.76939162679
945,2018-07-30,11296.650391,11328.099609,11261.450195,11319.549805,11319.549805,278800.0,11498.397731229268
946,2018-07-31,11311.049805,11366.0,11267.75,11356.5,11356.5,256500.0,11536.979761736207
947,2018-08-01,11359.799805,11390.549805,11313.549805,11346.200195,11346.200195,269700.0,11567.827840869817
948,2018-08-02,11328.900391,11328.900391,11234.950195,11244.700195,11244.700195,210000.0,11574.825949352058
949,2018-08-03,11297.799805,11368.0,11294.549805,11360.799805,11360.799805,218300.0,11632.776880378471
950,2018-08-06,11401.5,11427.650391,11370.599609,11387.099609,11387.099609,203700.0,11696.668879585082
951,2018-08-07,11423.150391,11428.950195,11359.700195,11389.450195,11389.450195,226400.0,11716.037757558046
952,2018-08-08,11412.5,11459.950195,11379.299805,11450.0,11450.0,210500.0,11723.522777396547
953,2018-08-09,11493.25,11495.200195,11454.099609,11470.700195,11470.700195,302200.0,11723.724159637322
954,,,,,,,,11678.056801939148
955,2018-08-13,11369.599609,11406.299805,11340.299805,11355.75,11355.75,246900.0,11618.860633463193
956,2018-08-14,11381.700195,11452.450195,11370.799805,11435.099609,11435.099609,232600.0,11558.976000216779
957,2018-08-16,11397.150391,11449.849609,11366.25,11385.049805,11385.049805,290600.0,11543.319715203232
958,2018-08-17,11437.150391,11486.450195,11431.799805,11470.75,11470.75,234700.0,11548.046034755898
959,2018-08-20,11502.099609,11565.299805,11499.650391,11551.75,11551.75,232600.0,11489.209701500356
960,2018-08-21,11576.200195,11581.75,11539.599609,11570.900391,11570.900391,224200.0,11424.443219575824
961,2018-08-23,11620.700195,11620.700195,11546.700195,11582.75,11582.75,248500.0,11441.51182841506
962,2018-08-24,11566.599609,11604.599609,11532.0,11557.099609,11557.099609,218800.0,11399.391692939651
963,2018-08-27,11605.849609,11700.950195,11595.599609,11691.950195,11691.950195,199500.0,11336.269716193772
964,2018-08-28,11731.950195,11760.200195,11710.5,11738.5,11738.5,241900.0,11278.632930311494
965,2018-08-29,11744.950195,11753.200195,11678.849609,11691.900391,11691.900391,251600.0,11204.967041885107
966,2018-08-30,11694.75,11698.799805,11639.700195,11676.799805,11676.799805,313800.0,11121.81743832294
967,2018-08-31,11675.849609,11727.650391,11640.099609,11680.5,11680.5,346500.0,
968,2018-09-03,11751.799805,11751.799805,11567.400391,11582.349609,11582.349609,234400.0,
969,2018-09-04,11598.75,11602.549805,11496.849609,11520.299805,11520.299805,254800.0,
970,2018-09-05,11514.849609,11542.650391,11393.849609,11476.950195,11476.950195,246100.0,
971,2018-09-06,11514.150391,11562.25,11436.049805,11536.900391,11536.900391,247900.0,
972,2018-09-07,11558.25,11603.0,11484.400391,11589.099609,11589.099609,295900.0,
973,2018-09-10,11570.25,11573.0,11427.299805,11438.099609,11438.099609,286700.0,
975,2018-09-12,11340.099609,11380.75,11250.200195,11369.900391,11369.900391,268200.0,
976,2018-09-14,11443.5,11523.25,11430.549805,11515.200195,11515.200195,276600.0,
977,2018-09-17,11464.950195,11464.950195,11366.900391,11377.75,11377.75,201400.0,
978,2018-09-18,11381.549805,11411.450195,11268.950195,11278.900391,11278.900391,240900.0,
979,2018-09-19,11326.650391,11332.049805,11210.900391,11234.349609,11234.349609,250600.0,
980,2018-09-21,11271.299805,11346.799805,10866.450195,11143.099609,11143.099609,719000.0,
982,2018-09-25,10969.950195,11080.599609,10882.849609,11067.450195,11067.450195,405000.0,
