,Date,Close,UPRBB,MIDBB,LWRBB
0,2014-09-29,7958.899901999999,,,
1,2014-09-30,7964.799805,,,
2,2014-10-01,7945.549805,,,
3,2014-10-07,7852.399901999999,,,
4,2014-10-08,7842.700195,,,
5,2014-10-09,7960.549805,,,
6,2014-10-10,7859.950195,,,
7,2014-10-13,7884.25,,,
8,2014-10-14,7864.0,,,
10,2014-10-16,7748.200195,,,
11,2014-10-17,7779.700195,,,
12,2014-10-20,7879.399901999999,,,
13,2014-10-21,7927.75,,,
14,2014-10-22,7995.899901999999,,,
15,2014-10-27,7991.700195,,,
16,2014-10-28,8027.600098000001,,,
17,2014-10-29,8090.450195,,,
18,2014-10-30,8169.200195,,,
19,2014-10-31,8322.200195,,,
20,2014-11-03,8324.150391,8282.377588125326,7969.467553600001,7656.557519074677
21,2014-11-05,8338.299805,8342.00987923421,7988.43754875,7634.86521826579
22,2014-11-07,8337.0,8393.072920751889,8007.0475585,7621.022196248111
23,2014-11-10,8344.25,8439.87975872277,8026.982568250001,7614.085377777234
24,2014-11-11,8362.650391,8482.666522132495,8052.495092700001,7622.323663267507
25,2014-11-12,8383.299805,8521.953988807634,8079.5250732,7637.096157592367
26,2014-11-13,8357.849609,8554.813051646126,8099.3900634,7643.967075153874
27,2014-11-14,8389.900391,8584.310592257892,8125.8875732,7667.464554142107
28,2014-11-17,8430.75,8616.11865118141,8153.2125732,7690.30649521859
29,2014-11-18,8425.900391,8638.476870833683,8181.30759275,7724.1383146663175
30,2014-11-19,8382.299805,8629.888054480029,8213.012573249998,7796.137092019969
31,2014-11-20,8401.900391,8615.192693859182,8244.122583049999,7873.0524722408145
32,2014-11-21,8477.349609,8616.62215394741,8274.020068399997,7931.417982852584
33,2014-11-24,8530.150391,8623.709656418658,8304.140087949998,7984.570519481338
34,2014-11-25,8463.099609,8619.29477653475,8327.500073299998,8035.705370065244
35,2014-11-26,8475.75,8603.824496784298,8351.702563549998,8099.580630315697
36,2014-11-27,8494.200195,8583.441762586417,8375.032568399998,8166.623374213578
37,2014-11-28,8588.25,8582.533837858351,8399.922558649998,8217.311279441645
38,2014-12-01,8555.900391,8579.53174121527,8419.257568449997,8258.983395684723
39,2014-12-02,8524.700195,8589.425194953928,8429.382568449997,8269.339941946066
40,2014-12-03,8537.650391,8599.023833421805,8440.057568449996,8281.091303478188
41,2014-12-04,8564.400391,8612.0088059504,8451.362597749998,8290.716389549596
42,2014-12-05,8538.299805,8617.050217702812,8461.427587999997,8305.804958297182
43,2014-12-08,8438.25,8612.236579124463,8466.127587999998,8320.018596875532
44,2014-12-09,8340.700195,8614.69822843544,8465.030078199998,8315.361927964555
45,2014-12-10,8355.650391,8616.960834234418,8463.6476075,8310.33438076558
46,2014-12-11,8292.900391,8625.451313464362,8460.400146599999,8295.348979735636
47,2014-12-12,8224.099609,8646.175858734452,8452.110107499999,8258.044356265546
48,2014-12-15,8219.599609,8661.728524012504,8441.552587949998,8221.376651887493
49,2014-12-16,8067.600098000001,8700.250307288568,8423.637573299999,8147.024839311429
50,2014-12-17,8029.799805,8733.88640526766,8406.012573299999,8078.138741332337
51,2014-12-18,8159.299805,8739.848305556983,8393.882543999996,8047.916782443009
52,2014-12-19,8225.200195,8732.767075569278,8381.275073299998,8029.783071030717
53,2014-12-22,8324.0,8716.110744781226,8370.967553749997,8025.824362718768
54,2014-12-23,8267.0,8706.427182669,8361.162573299998,8015.897963930996
55,2014-12-24,8174.100098000001,8696.583114580499,8346.080078199997,7995.577041819495
56,2014-12-26,8200.700195,8680.369690150435,8331.405078199998,7982.44046624956
57,2014-12-29,8246.299805,8643.217898175011,8314.307568449996,7985.3972387249805
58,2014-12-30,8248.25,8608.46752826927,8298.925048899997,7989.382569530723
59,2014-12-31,8282.700195,8577.5552458812,8286.825048899997,7996.094851918792
61,2015-01-02,8395.450195,8550.916751042665,8279.715039099998,8008.51332715733
62,2015-01-05,8378.400391,8511.608344303502,8270.415039099997,8029.221733896491
63,2015-01-06,8127.350098000001,8463.403620587818,8249.867553749998,8036.331486912179
64,2015-01-07,8102.100098000001,8436.858867249195,8233.060058649997,8029.2612500507985
65,2015-01-08,8234.599609,8425.180238575913,8227.755029349997,8030.329820124082
66,2015-01-09,8284.5,8414.349270319142,8224.197509799997,8034.045749280851
67,2015-01-12,8323.0,8418.600381972377,8225.702490249996,8032.804598527615
68,2015-01-13,8299.400391,8425.153036951582,8229.467529349997,8033.782021748411
69,2015-01-14,8277.549805,8429.148384120232,8232.365039149996,8035.58169417976
70,2015-01-15,8494.150391,8467.048855773997,8253.692553799996,8040.336251825995
71,2015-01-16,8513.799805,8494.098765903993,8277.892553799997,8061.686341696
72,2015-01-19,8550.700195,8537.961793120709,8297.462573299998,8056.9633534792865
73,2015-01-20,8695.599609,8617.263659596973,8320.982543999997,8024.701428403022
74,2015-01-21,8729.5,8689.372094641047,8341.257543999996,7993.142993358947
75,2015-01-22,8761.400391,8759.184890263714,8365.977563549997,7972.770236836282
76,2015-01-23,8835.599609,8833.431910543775,8399.052539099997,7964.6731676562185
77,2015-01-27,8910.5,8914.301217988068,8434.542529349997,7954.783840711926
78,2015-01-28,8914.299805,8984.14738812443,8467.942529349997,7951.737670575565
79,2015-01-29,8952.349609,9051.31537027019,8503.147509799997,7954.979649329806
80,2015-01-30,8808.900391,9083.554506910315,8529.457519599997,7975.360532289677
81,2015-02-02,8797.400391,9112.27749257713,8549.555029399995,7986.832566222861
82,2015-02-03,8756.549805,9132.381454354221,8568.462500099995,8004.543545845769
83,2015-02-04,8723.700195,9125.888054610456,8598.280004949997,8070.671955289537
84,2015-02-05,8711.700195,9103.456085943324,8628.760009799997,8154.063933656669
85,2015-02-06,8661.049805,9087.042099372171,8650.082519599997,8213.122939827823
86,2015-02-09,8526.349609,9068.874073087258,8662.175000049996,8255.475927012734
87,2015-02-10,8565.549805,9051.836001760272,8674.302490299995,8296.768978839718
88,2015-02-11,8627.400391,9025.773227896183,8690.702490299995,8355.631752703806
89,2015-02-12,8711.549805,8985.24930111922,8712.402490299995,8439.55567948077
90,2015-02-13,8805.5,8983.354841851102,8727.969970749995,8472.585099648888
91,2015-02-16,8809.349609,8979.474310040676,8742.747460949995,8506.020611859314
92,2015-02-18,8869.099609,8983.5425589859,8758.667431649996,8533.79230431409
93,2015-02-19,8895.299805,8999.394382303695,8768.652441449995,8537.910500596294
94,2015-02-20,8833.599609,9005.575099484278,8773.857421899995,8542.139744315711
95,2015-02-23,8754.950195,9005.34352887721,8773.534912099994,8541.726295322778
96,2015-02-24,8762.099609,8999.848924383758,8769.859912099995,8539.870899816233
97,2015-02-25,8767.25,8982.961436257196,8762.697412099995,8542.433387942794
98,2015-02-26,8683.849609,8961.953143204362,8751.174902299996,8540.396661395629
99,2015-02-27,8844.599609,8939.752606756963,8745.787402299995,8551.822197843027
101,2015-03-02,8956.75,8967.477202283677,8753.179882749995,8538.882563216313
102,2015-03-03,8996.25,9002.984797768706,8763.122363199995,8523.259928631283
103,2015-03-04,8922.650391,9021.61173026794,8771.427392499996,8521.243054732053
104,2015-03-05,8937.75,9041.849335455247,8782.129882749996,8522.410430044745
105,2015-03-09,8756.75,9042.305146152004,8784.382372999995,8526.459599847985
106,2015-03-10,8712.049805,9040.6959485823,8786.932372999994,8533.168797417688
107,2015-03-11,8699.950195,9022.275350592587,8795.612402299996,8568.949454007405
108,2015-03-12,8776.0,9005.75445598825,8806.134912049996,8606.515368111743
109,2015-03-13,8647.75,9003.109888992874,8807.152392499996,8611.194896007119
110,2015-03-16,8633.150391,9010.076571334643,8803.232421799996,8596.388272265349
111,2015-03-17,8723.299805,9009.02094550646,8799.122412049996,8589.223878593531
112,2015-03-18,8685.900391,9008.75945202423,8792.949951149996,8577.140450275763
113,2015-03-19,8634.650391,9004.945793730536,8781.227490249996,8557.509186769455
114,2015-03-20,8570.900391,9000.625485726434,8765.007519549998,8529.389553373561
115,2015-03-23,8550.900391,9002.537004750351,8750.872558649997,8499.208112549642
116,2015-03-24,8542.950195,9008.525817220421,8740.272558649998,8472.019300079575
117,2015-03-25,8530.799805,9012.49271156954,8728.707568449998,8444.922425330456
118,2015-03-26,8342.150391,9038.779103355208,8707.452587999996,8376.126072644785
119,2015-03-27,8341.400391,9059.971637900648,8690.330127099998,8320.688616299349
120,2015-03-30,8492.299805,9044.970481844439,8672.715136899997,8300.459791955554
121,2015-03-31,8491.0,9004.755545690545,8649.427636899996,8294.099728109448
122,2015-04-01,8586.25,8945.163989347424,8628.927636899996,8312.691284452569
123,2015-04-06,8659.900391,8900.953127223778,8615.790136899997,8330.627146576217
124,2015-04-07,8660.299805,8845.02652588562,8601.917627149996,8358.808728414373
125,2015-04-08,8714.400391,8837.91724883916,8599.800146699996,8361.683044560832
126,2015-04-09,8778.299805,8849.504086303827,8603.112646699996,8356.721207096165
127,2015-04-10,8780.349609,8862.631612733781,8607.132617399995,8351.633622066209
128,2015-04-13,8834.0,8874.752197058937,8610.032617399997,8345.313037741056
130,2015-04-16,8706.700195,8880.76300410136,8612.980127149996,8345.197250198633
131,2015-04-17,8606.0,8879.250178396405,8611.622607599997,8343.995036803588
132,2015-04-20,8448.099609,8869.581365471136,8597.862597799996,8326.143830128856
133,2015-04-21,8377.75,8867.761466044443,8582.455078249997,8297.148690455551
134,2015-04-22,8429.700195,8864.263156307452,8572.207568449998,8280.151980592544
135,2015-04-23,8398.299805,8865.81859622201,8563.577539149996,8261.33648207798
136,2015-04-24,8305.25,8874.91470230867,8551.295019599997,8227.675336891323
137,2015-04-27,8213.799805,8891.984810188565,8534.837500099995,8177.6901900114235
138,2015-04-28,8285.599609,8896.737467853634,8522.577490299995,8148.417512746355
139,2015-04-29,8239.75,8904.590707957932,8517.457470749996,8130.324233542061
140,2015-04-30,8181.5,8917.921841950487,8509.462451199995,8101.003060449505
141,2015-05-04,8331.950195,8917.54618454953,8501.444970699997,8085.343756850463
142,2015-05-05,8324.799805,8916.686197570938,8493.134960949996,8069.5837243290525
143,2015-05-06,8097.0,8924.838071774431,8468.672460949996,8012.506850125562
144,2015-05-07,8057.299805,8920.406470978236,8438.542431649996,7956.678392321755
145,2015-05-08,8191.5,8897.155395781185,8415.102441399995,7933.049487018805
146,2015-05-11,8325.25,8857.83736039555,8395.644921849995,7933.45248330444
147,2015-05-12,8126.950195,8802.99682860595,8363.077441349997,7923.158054094043
148,2015-05-13,8235.450195,8732.287805134032,8335.832470649997,7939.377136165963
149,2015-05-14,8224.200195,8627.273509529641,8305.342480399999,7983.411451270356
150,2015-05-15,8262.349609,8543.964099139183,8283.124951099997,8022.285803060811
151,2015-05-18,8373.650391,8488.871236326644,8271.507470649998,8054.143704973352
152,2015-05-19,8365.650391,8473.482326536297,8267.385009749998,8061.287692963698
153,2015-05-20,8423.25,8481.80268544811,8269.660009749998,8057.517334051885
154,2015-05-21,8421.0,8480.017286203138,8269.224999999997,8058.432713796855
155,2015-05-22,8458.950195,8492.405801334475,8272.257519499999,8052.109237665523
156,2015-05-25,8370.25,8499.590580199747,8275.507519499999,8051.424458800251
157,2015-05-26,8339.349609,8505.6235881154,8281.7850097,8057.946431284597
158,2015-05-27,8334.599609,8509.3185728352,8284.235009699998,8059.151446564795
159,2015-05-28,8319.0,8512.773395225224,8288.1975097,8063.621624174775
160,2015-05-29,8433.650391,8528.450298462547,8300.80502925,8073.159760037452
161,2015-06-01,8433.400391,8540.84815415354,8305.877539049998,8070.906923946456
162,2015-06-02,8236.450195,8538.247759863776,8301.46005855,8064.6723572362225
163,2015-06-03,8135.100098000001,8533.753346070765,8303.365063449999,8072.976780829233
164,2015-06-04,8130.649901999999,8522.799263644585,8307.032568300001,8091.265872955417
165,2015-06-05,8114.700195,8530.06447530224,8303.19257805,8076.32068079776
166,2015-06-08,8044.149901999999,8543.428036688194,8289.137573150001,8034.847109611807
167,2015-06-09,8022.399901999999,8555.92011661967,8283.910058500001,8011.900000380331
168,2015-06-10,8124.450195,8558.928290320904,8278.3600585,7997.791826679097
169,2015-06-11,7965.350098000001,8578.502309714819,8265.41755365,7952.3327975851835
170,2015-06-12,7982.899901999999,8589.086114243648,8251.4450683,7913.804022356351
171,2015-06-15,8013.899901999999,8581.846181942765,8233.45754385,7885.068905757235
172,2015-06-16,8047.299805,8569.569306120853,8217.540014549999,7865.510722979145
173,2015-06-17,8091.549805,8543.299134190565,8200.955004799998,7858.610875409431
174,2015-06-18,8174.600098000001,8514.998312114401,8188.635009699999,7862.271707285596
175,2015-06-19,8224.950195,8478.316903405106,8176.935009699999,7875.5531159948905
176,2015-06-22,8353.099609,8475.232806817423,8176.077490149999,7876.922173482576
177,2015-06-23,8381.549805,8482.738277369794,8178.187499949998,7873.636722530201
178,2015-06-24,8360.849609,8487.099990104123,8179.499999949998,7871.900009795872
179,2015-06-25,8398.0,8500.477072091791,8183.4499999499985,7866.422927808206
180,2015-06-26,8381.099609,8489.88942149731,8180.822460849998,7871.755500202687
181,2015-06-29,8318.400391,8468.223099454792,8175.072460849998,7881.921822245205
182,2015-06-30,8368.5,8486.367130346218,8181.674951099997,7876.982771853776
183,2015-07-01,8453.049805,8524.40662361513,8197.572436449997,7870.738249284863
184,2015-07-02,8444.900391,8556.383107366737,8213.284960899997,7870.1868144332575
185,2015-07-03,8484.900391,8592.016008854207,8231.794970699997,7871.573932545786
186,2015-07-06,8522.150391,8626.761043314842,8255.694995149996,7884.628946985149
187,2015-07-07,8510.799805,8650.819212795626,8280.114990299995,7909.410767804364
188,2015-07-08,8363.049805,8656.968283302009,8292.044970799994,7927.12165829798
189,2015-07-09,8328.549805,8641.251216451536,8310.204956149993,7979.15869584845
190,2015-07-10,8360.549805,8622.465331768915,8329.087451299993,8035.709570831071
191,2015-07-13,8459.650391,8609.548346149872,8351.374975749994,8093.201605350116
192,2015-07-14,8454.099609,8590.043742848862,8371.714965949994,8153.386189051125
193,2015-07-15,8523.799805,8577.841443819574,8393.327465949993,8208.813488080412
194,2015-07-16,8608.049805,8593.051260942568,8414.999951299993,8236.948641657418
195,2015-07-17,8609.849609,8608.978330008074,8434.244921999993,8259.51151399191
196,2015-07-20,8603.450195,8632.539890412767,8446.762451299994,8260.98501218722
197,2015-07-21,8529.450195,8640.777725608812,8454.157470799993,8267.537215991175
198,2015-07-22,8633.5,8665.231142978668,8467.789990349995,8270.348837721322
199,2015-07-23,8589.799805,8679.133183366894,8477.379980599993,8275.626777833093
200,2015-07-24,8521.549805,8681.774933408587,8484.402490399993,8287.030047391398
201,2015-07-27,8361.0,8677.16641452131,8486.532470849994,8295.898527178677
202,2015-07-28,8337.0,8680.16309007564,8484.957470849993,8289.751851624345
203,2015-07-29,8375.049805,8681.980213957428,8481.057470849993,8280.13472774256
204,2015-07-30,8421.799805,8681.962730103814,8479.902441549992,8277.842152996169
205,2015-07-31,8532.849609,8685.742990401073,8482.299902449991,8278.85681449891
206,2015-08-03,8543.049805,8687.861673444826,8483.344873149992,8278.828072855158
207,2015-08-04,8516.900391,8688.357224331381,8483.649902449992,8278.942580568602
208,2015-08-05,8567.950195,8693.637974568392,8493.894921949994,8294.151869331596
209,2015-08-06,8588.650391,8694.835600400696,8506.899951249994,8318.964302099292
210,2015-08-07,8564.599609,8693.378635098668,8517.102441449995,8340.826247801322
211,2015-08-10,8525.599609,8694.60616661118,8520.399902349995,8346.19363808881
212,2015-08-11,8462.349609,8694.395606392538,8520.812402349995,8347.229198307452
213,2015-08-12,8349.450195,8701.808863659273,8512.094921849995,8322.380980040718
214,2015-08-13,8355.849609,8695.757582158114,8499.484912049997,8303.21224194188
215,2015-08-14,8518.549805,8684.518048644437,8494.919921849996,8305.321795055555
216,2015-08-17,8477.299805,8671.27478189603,8488.612402349994,8305.950022803958
217,2015-08-18,8466.549805,8667.33346905048,8485.467382849993,8303.601296649505
218,2015-08-19,8495.150391,8646.716876072918,8478.549902399993,8310.382928727067
219,2015-08-20,8372.75,8633.634730715125,8467.697412149993,8301.760093584862
220,2015-08-21,8299.950195,8636.427799203131,8456.617431649995,8276.807064096858
221,2015-08-24,7809.0,8768.864562568608,8429.017431649994,8089.170300731381
222,2015-08-25,7880.700195,8824.313595733898,8406.202441399995,7988.091287066093
223,2015-08-26,7791.850098000001,8877.533304112214,8377.042456049996,7876.551607987778
224,2015-08-27,7948.950195,8888.467723099917,8353.399975549997,7818.332228000078
225,2015-08-28,8001.950195,8876.904795254219,8326.855004849998,7776.805214445778
226,2015-08-31,7971.299805,8860.306943818507,8298.267504849999,7736.228065881491
227,2015-09-01,7785.850098000001,8857.934502130749,8261.714990199998,7665.495478269247
228,2015-09-02,7717.0,8844.130252158777,8219.167480449996,7594.204708741216
229,2015-09-03,7823.0,8804.350274824777,8180.884960899997,7557.419646975216
230,2015-09-04,7655.049805,8773.541160147233,8135.407470699996,7497.273781252759
231,2015-09-07,7558.799805,8746.853854051149,8087.067480499996,7427.2811069488425
232,2015-09-08,7688.25,8706.272744366062,8048.362500049996,7390.452255733929
233,2015-09-09,7818.600098000001,8671.364750038636,8021.819995199995,7372.275240361354
234,2015-09-10,7788.100098000001,8631.026199478525,7993.432519649995,7355.838839821466
235,2015-09-11,7789.299805,8549.9693187246,7956.970019649995,7363.970720575391
236,2015-09-14,7872.25,8467.37189592842,7926.717529399995,7386.063162871571
237,2015-09-15,7829.100098000001,8373.054886759597,7894.845044049996,7416.635201340395
238,2015-09-16,7899.149901999999,8251.15743791374,7865.0450195999965,7478.932601286254
239,2015-09-18,7981.899901999999,8155.475628796866,7845.502514699996,7535.529400603126
240,2015-09-21,7977.100098000001,8064.207976345018,7829.360009849996,7594.512043354973
241,2015-09-22,7812.0,8064.307048714774,7829.510009849995,7594.712970985216
242,2015-09-23,7845.950195,8061.4863706377455,7827.772509849996,7594.058649062246
243,2015-09-24,7868.5,8065.352439429569,7831.605004949995,7597.857570470422
244,2015-09-28,7795.700195,8051.457609583161,7823.942504949996,7596.427400316831
245,2015-09-29,7843.299805,8027.920742986259,7816.009985449995,7604.099227913731
246,2015-09-30,7948.899901999999,8023.556946093264,7814.889990299996,7606.223034506727
247,2015-10-01,7950.899901999999,8039.872886127268,7823.142480499996,7606.412074872724
248,2015-10-05,8119.299805,8090.9703794798315,7843.257470749995,7595.544562020159
249,2015-10-06,8152.899901999999,8143.150782270126,7859.752465849995,7576.354149429864
250,2015-10-07,8177.399901999999,8185.641325833483,7885.869970699996,7586.098615566509
251,2015-10-08,8129.350098000001,8190.795332744345,7914.397485349997,7637.999637955649
252,2015-10-09,8189.700195,8220.429325221983,7939.4699950999975,7658.510664978011
253,2015-10-12,8143.600098000001,8244.723548712218,7955.7199950999975,7666.716441487777
254,2015-10-13,8131.700195,8260.797663062744,7972.899999949998,7685.002336837253
255,2015-10-14,8107.899901999999,8269.109826219075,7988.830004799999,7708.550183380922
256,2015-10-15,8179.5,8291.16901890425,8004.192504799999,7717.2159906957495
257,2015-10-16,8238.150391,8317.328269401843,8024.645019449999,7731.961769498156
258,2015-10-19,8275.049805,8350.133775139233,8043.440014599999,7736.746254060764
259,2015-10-20,8261.650391,8377.528054245524,8057.427539049999,7737.327023854475
260,2015-10-21,8251.700195,8400.183129398725,8071.157543899999,7742.131958401273
261,2015-10-23,8295.450195,8415.094136689726,8095.33005365,7775.565970610275
262,2015-10-26,8260.549805,8421.17284756269,8116.0600341499985,7810.947220737308
263,2015-10-27,8232.900391,8420.055822828,8134.2800536999985,7848.504284571996
264,2015-10-28,8171.200195,8390.408340091775,8153.055053699999,7915.701767308223
265,2015-10-29,8111.75,8355.521298389174,8166.477563449999,7977.433828510823
266,2015-10-30,8065.799805,8338.939660197282,8172.322558599999,8005.705457002717
267,2015-11-02,8050.799805,8320.298425008677,8177.317553749997,8034.336682491318
268,2015-11-03,8060.700195,8324.593480219264,8174.387573249999,8024.181666280735
269,2015-11-04,8040.200195,8330.374687801132,8168.7525878999995,8007.1304879988675
270,2015-11-05,7955.450195,8345.180899367393,8157.655102549999,7970.129305732606
271,2015-11-06,7954.299805,8357.18287210583,8148.902587899999,7940.622303694168
272,2015-11-09,7915.200195,8366.986522812122,8135.1775879,7903.368652987879
273,2015-11-10,7783.350098000001,8397.189788613921,8117.165087899999,7837.140387186077
274,2015-11-13,7762.25,8420.331304788084,8098.692578149999,7777.053851511914
275,2015-11-16,7806.600098000001,8430.671843675302,8083.627587949998,7736.583332224694
276,2015-11-17,7837.549805,8427.11583188943,8066.530078199998,7705.944324510565
277,2015-11-18,7731.799805,8421.621244802534,8041.212548899997,7660.80385299746
278,2015-11-19,7842.75,8393.126829120654,8019.597558649997,7646.068288179339
279,2015-11-20,7856.549805,8361.3629482565,7999.342529349997,7637.322110443493
280,2015-11-23,7849.25,8326.623710330161,7979.220019599996,7631.81632886983
281,2015-11-24,7831.600098000001,8275.33814139723,7956.027514749995,7636.716888102761
282,2015-11-26,7883.799805,8223.617208051926,7937.1900147499955,7650.762821448066
283,2015-11-27,7942.700195,8173.181598105953,7922.680004949996,7672.17841179404
284,2015-11-30,7935.25,8132.683531698916,7910.882495199995,7689.081458701074
285,2015-12-01,7954.899901999999,8105.154733097595,7903.039990299995,7700.925247502395
286,2015-12-02,7931.350098000001,8084.072172814234,7896.317504949996,7708.562837085758
287,2015-12-03,7864.149901999999,8060.417348819333,7886.985009799997,7713.552670780661
288,2015-12-04,7781.899901999999,8031.891906673458,7873.044995149996,7714.198083626534
289,2015-12-07,7765.399901999999,8004.20019953289,7859.3049804999955,7714.409761467101
290,2015-12-08,7701.700195,8000.240655413259,7846.6174804999955,7692.994305586732
291,2015-12-09,7612.5,8006.920622328281,7829.527490249997,7652.134358171713
292,2015-12-10,7683.299805,8001.9395471390135,7817.932470749995,7633.925394360977
293,2015-12-11,7610.450195,8015.090961422025,7809.2874755999965,7603.4839897779675
294,2015-12-14,7650.049805,8020.691301270085,7803.677465849995,7586.663630429905
295,2015-12-15,7700.899901999999,8020.201919997055,7798.392456049996,7576.582992102938
296,2015-12-16,7750.899901999999,8016.033959537195,7794.059960899996,7572.085962262798
297,2015-12-17,7844.350098000001,8020.720247014616,7799.6874755499975,7578.654704085379
298,2015-12-18,7761.950195,8016.319592472235,7795.647485299998,7574.975378127761
299,2015-12-21,7834.450195,8014.149324651597,7794.542504799999,7574.9356849484
300,2015-12-22,7786.100098000001,8009.490709082909,7791.385009699999,7573.279310317088
301,2015-12-23,7865.950195,8013.074605394255,7793.10251455,7573.130423705745
302,2015-12-24,7861.049805,8010.190697453535,7791.96501455,7573.739331646465
303,2015-12-28,7925.149901999999,8006.888748715686,7791.087499899999,7575.2862510843115
304,2015-12-29,7928.950195,8005.704401967665,7790.77250965,7575.840617332335
305,2015-12-30,7896.25,7994.795576316105,7787.84001455,7580.884452783895
306,2015-12-31,7946.350098000001,7997.831463647318,7788.59001455,7579.348565452682
308,2016-01-04,7791.299805,7991.165132938843,7784.947509699999,7578.729886461154
309,2016-01-05,7784.649901999999,7991.297744091845,7785.085009699998,7578.872275308152
310,2016-01-06,7741.0,7990.855354076927,7783.865014599998,7576.874675123069
311,2016-01-07,7568.299805,8003.069329902645,7777.194995099997,7551.320660297349
312,2016-01-08,7601.350098000001,8004.271574889569,7776.637499999997,7549.003425110425
313,2016-01-11,7563.850098000001,8014.314972261029,7770.665014649998,7527.015057038967
314,2016-01-12,7510.299805,8026.669667759091,7765.657495149996,7504.645322540901
315,2016-01-13,7562.399901999999,8033.176421209416,7761.274999999997,7489.373578790578
316,2016-01-14,7536.799805,8042.012472464695,7753.069995149996,7464.127517835298
317,2016-01-15,7437.799805,8058.942868158345,7737.414990299995,7415.8871124416455
318,2016-01-18,7351.0,8073.088712177978,7712.747485399996,7352.406258622013
319,2016-01-19,7435.100098000001,8076.45848494197,7696.404980549994,7316.351476158019
320,2016-01-20,7309.299805,8081.33264242135,7670.147461049994,7258.962279678637
321,2016-01-21,7276.799805,8087.497835909101,7644.682446399993,7201.867056890885
322,2016-01-22,7422.450195,8063.0810254453045,7622.507446399994,7181.933867354683
323,2016-01-25,7436.149901999999,8034.317402000599,7601.262451249994,7168.207500499389
324,2016-01-27,7437.75,7987.477177067703,7576.892456149993,7166.307735232283
325,2016-01-28,7424.649901999999,7932.057117897291,7551.677441499994,7171.297765102696
326,2016-01-29,7563.549805,7879.364053274103,7535.042431749993,7190.720810225883
327,2016-02-01,7555.950195,7800.880968060692,7515.522436599994,7230.163905139296
328,2016-02-02,7455.549805,7753.664128425187,7498.7349365999935,7243.8057447748
329,2016-02-03,7361.799805,7700.851070346124,7477.592431749993,7254.333793153862
330,2016-02-04,7404.0,7648.311278120447,7460.742431749993,7273.173585379538
331,2016-02-05,7489.100098000001,7638.027718789468,7456.782446399993,7275.537174010518
332,2016-02-08,7387.25,7616.3279035856685,7446.077441499993,7275.826979414318
333,2016-02-09,7298.200195,7605.786325573588,7432.7949463499945,7259.803567126401
334,2016-02-10,7215.700195,7612.152446693438,7418.064965849995,7223.977485006552
335,2016-02-11,6976.350098000001,7654.741895349937,7388.762475649995,7122.7830559500535
336,2016-02-12,6980.950195,7673.846752966909,7360.969995149996,7048.093237333083
337,2016-02-15,7162.950195,7669.886946535956,7347.227514649998,7024.56808276404
338,2016-02-16,7048.25,7681.317345881063,7332.090014649997,6982.862683418931
339,2016-02-17,7108.450195,7675.1070475961715,7315.757519499998,6956.407991403825
340,2016-02-18,7191.75,7673.494243801102,7309.880029249999,6946.265814698896
341,2016-02-19,7210.75,7672.6482809375375,7306.577539,6940.506797062462
342,2016-02-22,7234.549805,7660.365288543033,7297.182519499998,6933.999750456964
343,2016-02-23,7109.549805,7647.083361808654,7280.852514649998,6914.621667491341
344,2016-02-24,7018.700195,7636.147644300925,7259.900024399998,6883.652404499071
345,2016-02-25,6970.600098000001,7626.167741029716,7237.197534199998,6848.227327370279
346,2016-02-26,7029.75,7577.843964186818,7210.507543949998,6843.171123713178
347,2016-02-29,6987.049805,7523.997135003714,7182.062524449997,6840.12791389628
348,2016-03-01,7222.299805,7488.1122537252195,7170.400024449997,6852.687795174774
349,2016-03-02,7368.850098000001,7489.3732865538495,7170.752539099997,6852.131791646145
350,2016-03-03,7475.600098000001,7505.355658413972,7174.332543999997,6843.309429586022
351,2016-03-04,7485.350098000001,7504.420858093726,7174.145043999997,6843.869229906269
352,2016-03-08,7485.299805,7525.172827457602,7179.047534249997,6832.922241042392
353,2016-03-09,7531.799805,7568.13453568896,7190.727514749995,6813.32049381103
354,2016-03-10,7486.149901999999,7604.135479057585,7204.250000099995,6804.3645211424055
355,2016-03-11,7510.200195,7637.9811666115265,7230.942504949996,6823.903843288465
356,2016-03-14,7538.75,7670.165248260396,7258.832495199995,6847.499742139594
357,2016-03-15,7460.600098000001,7691.92206247334,7273.714990349994,6855.507918226648
358,2016-03-16,7498.75,7711.83601593027,7296.2399903499945,6880.643964769719
359,2016-03-17,7512.549805,7732.891181999145,7316.444970849993,6899.998759700841
360,2016-03-18,7604.350098000001,7768.134614229233,7337.0749757499925,6906.015337270752
361,2016-03-21,7704.25,7818.118096570886,7361.749975749993,6905.381854929099
362,2016-03-22,7714.899901999999,7863.9855588577875,7385.767480599994,6907.549402342201
363,2016-03-23,7716.5,7897.55097557578,7416.1149903499945,6934.679005124209
364,2016-03-28,7615.100098000001,7896.625636477389,7445.934985499994,6995.244334522598
365,2016-03-29,7597.0,7872.513281259866,7477.254980599993,7081.996679940121
366,2016-03-30,7735.200195,7863.00997500322,7512.527490349994,7162.045005696768
367,2016-03-31,7738.399901999999,7813.7317338593775,7550.0949951999955,7286.458256540614
368,2016-04-01,7713.049805,7798.101966825493,7574.632495199995,7351.163023574497
369,2016-04-04,7758.799805,7809.915710948845,7594.129980549995,7378.3442501511445
370,2016-04-05,7603.200195,7808.960602221505,7600.5099853999955,7392.059368578486
371,2016-04-06,7614.350098000001,7808.267857708648,7606.959985399995,7405.6521130913425
372,2016-04-07,7546.450195,7805.312881261178,7610.017504899997,7414.722128538817
373,2016-04-08,7555.200195,7804.782815288617,7611.187524399998,7417.59223351138
374,2016-04-11,7671.399901999999,7806.433127414895,7620.450024399998,7434.466921385101
375,2016-04-12,7708.950195,7812.771342687288,7630.387524399998,7448.003706112709
376,2016-04-13,7850.450195,7847.63698401258,7645.972534149999,7444.308084287418
377,2016-04-18,7914.700195,7884.238928387296,7668.677538999999,7453.116149612702
378,2016-04-20,7914.75,7916.002951714627,7689.4775389999995,7462.952126285372
379,2016-04-21,7912.049805,7940.694199064822,7709.452539,7478.210878935178
380,2016-04-22,7899.299805,7964.656189621385,7724.200024349999,7483.743859078612
381,2016-04-25,7855.049805,7978.925296820712,7731.740014599998,7484.554732379284
382,2016-04-26,7962.649901999999,8011.746435093003,7744.127514599999,7476.508594106995
383,2016-04-27,7979.899901999999,8044.40681404845,7757.297509699999,7470.188205351548
384,2016-04-28,7847.25,8050.527182763187,7768.905004799999,7487.282826836811
385,2016-04-29,7849.799805,8053.196762760903,7781.544995049999,7509.893227339095
386,2016-05-02,7805.899901999999,8056.031575358273,7785.079980399998,7514.128385441723
387,2016-05-03,7747.0,8056.176802994104,7785.509985299997,7514.843167605891
388,2016-05-04,7706.549805,8056.233483309219,7785.184985299998,7514.136487290776
389,2016-05-05,7735.5,8055.745435145291,7784.019995049998,7512.294554954706
390,2016-05-06,7733.450195,8049.976494377359,7790.532495049998,7531.088495722637
391,2016-05-09,7866.049805,8050.726313115826,7803.117480399998,7555.508647684171
392,2016-05-10,7887.799805,8038.643753631189,7820.184960899996,7601.726168168804
393,2016-05-11,7848.850098000001,8014.330638156935,7834.867456049996,7655.404273943057
394,2016-05-12,7900.399901999999,8010.431806730669,7846.317456049996,7682.203105369322
395,2016-05-13,7814.899901999999,8003.439113766586,7851.614941399996,7699.790769033405
396,2016-05-16,7860.75,8004.007333806505,7852.129931649995,7700.252529493486
397,2016-05-17,7890.75,8001.100630280668,7850.932421899995,7700.764213519321
398,2016-05-18,7870.149901999999,7996.180872995941,7848.702416999995,7701.223961004049
399,2016-05-19,7783.399901999999,7989.336672316583,7842.269921849996,7695.2031713834085
400,2016-05-20,7749.700195,7984.831151676518,7834.789941349996,7684.748731023475
401,2016-05-23,7731.049805,7985.209820841695,7828.5899413499965,7671.970061858298
402,2016-05-24,7748.850098000001,7964.881753357255,7817.899951149996,7670.918148942737
403,2016-05-25,7934.899901999999,7953.269635160483,7815.649951149996,7678.030267139509
404,2016-05-26,8069.649901999999,8005.069173690511,7826.769946249997,7648.470718809483
405,2016-05-27,8156.649901999999,8073.623724265594,7842.112451099997,7610.6011779344
406,2016-05-30,8178.5,8135.846904415026,7860.742455999997,7585.638007584968
407,2016-05-31,8160.100098000001,8181.445436110549,7881.397460899997,7581.349485689445
408,2016-06-01,8179.950195,8221.293041497749,7905.067480399998,7588.841919302247
409,2016-06-02,8218.950195,8264.242393801465,7929.239990149998,7594.237586498531
410,2016-06-03,8220.799805,8299.371125639442,7953.607470649998,7607.843815660553
411,2016-06-06,8201.049805,8330.423111827851,7970.357470649998,7610.291829472143
412,2016-06-07,8266.450195,8370.288910070549,7989.289990149999,7608.2910702294475
413,2016-06-08,8273.049805,8405.550895683218,8010.499975499998,7615.449055316777
414,2016-06-09,8203.599609,8426.154071316068,8025.659960849998,7625.165850383929
415,2016-06-10,8170.049805,8435.980111131288,8043.417455999997,7650.854800868707
416,2016-06-13,8110.600098000001,8439.802951965496,8055.909960899997,7672.016969834497
417,2016-06-14,8108.850098000001,8443.272735457345,8066.814965799997,7690.357196142649
418,2016-06-15,8206.599609,8453.096466035606,8083.637451149996,7714.1784362643875
419,2016-06-16,8140.75,8443.36030562922,8101.504956049996,7759.649606470772
420,2016-06-17,8170.200195,8422.431892172508,8122.529956049996,7822.628019927484
421,2016-06-20,8238.5,8388.313351373235,8147.902465799996,7907.491580226757
422,2016-06-21,8219.900391,8323.205545241859,8171.454980449997,8019.704415658135
423,2016-06-22,8203.700195,8288.364166648706,8184.894995099998,8081.42582355129
424,2016-06-23,8270.450195,8289.942048605573,8194.935009749997,8099.927970894421
425,2016-06-24,8088.600098000001,8296.648924191633,8191.532519549997,8086.41611490836
426,2016-06-27,8094.700195,8300.981347851775,8187.342529299998,8073.703710748222
427,2016-06-28,8127.850098000001,8301.883880388345,8185.730029299998,8069.576178211651
428,2016-06-29,8204.0,8303.332123475371,8186.932519549997,8070.5329156246235
429,2016-06-30,8287.75,8314.562079822339,8190.372509799997,8066.182939777655
430,2016-07-01,8328.349609,8334.004529404834,8195.749999999996,8057.495470595159
431,2016-07-04,8370.700195,8363.13229978912,8204.232519499998,8045.332739210875
432,2016-07-05,8335.950195,8375.14669006033,8207.707519499998,8040.268348939666
433,2016-07-07,8337.900391,8386.053446717076,8210.9500488,8035.846650882923
434,2016-07-08,8323.200195,8399.006725446861,8216.9300781,8034.853430753139
435,2016-07-11,8467.900391,8443.991428235662,8231.822607400001,8019.653786564341
436,2016-07-12,8521.049805,8492.677392302005,8252.34509275,8012.012793197995
437,2016-07-13,8519.5,8531.093096103177,8272.87758785,8014.662079596824
438,2016-07-14,8565.0,8577.788391232614,8290.7976074,8003.806823567386
439,2016-07-15,8541.400391,8609.419461688945,8310.83012695,8012.240792211056
440,2016-07-18,8508.700195,8631.117245101377,8327.75512695,8024.393008798623
441,2016-07-19,8528.549805,8655.233590900843,8342.2576172,8029.281643499159
442,2016-07-20,8565.849609,8682.149611111872,8359.5550781,8036.960545088127
443,2016-07-21,8510.099609,8695.40035336515,8374.875048799999,8054.349744234846
444,2016-07-22,8541.200195,8713.209639355604,8388.412548799999,8063.615458244395
445,2016-07-25,8635.650391,8726.068245063023,8415.765063449999,8105.4618818369745
446,2016-07-26,8590.650391,8720.62730436159,8440.56257325,8160.497842138409
447,2016-07-27,8615.799805,8713.571551769666,8464.960058599998,8216.34856543033
448,2016-07-28,8666.299805,8719.927061477387,8488.075048849998,8256.22303622261
449,2016-07-29,8638.5,8726.464584320162,8505.612548849998,8284.760513379835
450,2016-08-01,8636.549805,8732.611658770644,8521.022558649998,8309.433458529353
451,2016-08-02,8622.900391,8737.417430443822,8533.632568449997,8329.847706456172
452,2016-08-03,8544.849609,8725.37394394621,8544.077539149996,8362.781134353781
453,2016-08-04,8551.099609,8707.874819287255,8554.737500049996,8401.600180812737
454,2016-08-05,8683.150391,8692.20275298145,8572.735009849996,8453.267266718542
455,2016-08-08,8711.349609,8708.923519400108,8584.907470749995,8460.891422099881
456,2016-08-09,8678.25,8719.636113560538,8592.767480499995,8465.898847439452
457,2016-08-10,8575.299805,8718.019626310284,8595.557470749995,8473.095315189705
458,2016-08-11,8592.150391,8718.550030977953,8596.914990299996,8475.27994962204
460,2016-08-16,8642.549805,8722.292866762098,8601.972460999994,8481.65205523789
461,2016-08-17,8624.049805,8720.025448921277,8607.739941499993,8495.454434078709
462,2016-08-18,8673.25,8724.386535178417,8614.974951249995,8505.563367321573
463,2016-08-19,8666.900391,8729.219873763868,8620.027490349994,8510.83510693612
464,2016-08-22,8629.150391,8722.142800025444,8625.980029449995,8529.817258874546
465,2016-08-23,8632.599609,8718.045056819523,8630.550000149993,8543.054943480463
466,2016-08-24,8650.299805,8719.201559264027,8631.282470849994,8543.36338243596
467,2016-08-25,8592.200195,8719.130867737971,8631.359961049993,8543.589054362015
468,2016-08-26,8572.549805,8720.637076053861,8629.197461049993,8537.757846046125
469,2016-08-29,8607.450195,8716.446485560717,8626.254980549995,8536.063475539273
470,2016-08-30,8744.349609,8736.051406800709,8631.547460999995,8527.04351519928
471,2016-08-31,8786.200195,8764.39075460035,8639.029980499996,8513.669206399642
472,2016-09-01,8774.650391,8785.507150045887,8646.617480499996,8507.727810954104
473,2016-09-02,8809.650391,8808.07228126646,8659.857519599997,8511.642757933532
474,2016-09-06,8943.0,8865.83542703121,8679.452539149996,8493.069651268781
475,2016-09-07,8917.950195,8905.972303753404,8691.192529349997,8476.41275494659
476,2016-09-08,8952.5,8947.806265833626,8703.250048899998,8458.69383196637
477,2016-09-09,8866.700195,8967.479835423539,8712.672558649998,8457.865281876457
478,2016-09-12,8715.599609,8966.159559362051,8719.687548849997,8473.215538337943
479,2016-09-14,8726.599609,8965.457843399658,8726.410009749998,8487.362176100338
480,2016-09-15,8742.549805,8967.23390757022,8731.410009749998,8495.586111929775
481,2016-09-16,8779.849609,8970.338066907507,8739.199999949999,8508.06193299249
482,2016-09-19,8808.400391,8976.879624709685,8745.957519499998,8515.03541429031
483,2016-09-20,8775.900391,8979.602419895416,8751.407519499999,8523.21261910458
484,2016-09-21,8777.150391,8979.794313415863,8758.807519499998,8537.820725584133
485,2016-09-22,8867.450195,8988.23358492989,8770.5500488,8552.866512670109
486,2016-09-23,8831.549805,8991.224084667056,8779.6125488,8568.001012932944
487,2016-09-26,8723.049805,8980.778672932924,8786.155029299998,8591.531385667073
488,2016-09-27,8706.400391,8964.379378052974,8792.847558599999,8621.315739147023
489,2016-09-28,8745.150391,8949.62010822225,8799.732568399999,8649.845028577747
490,2016-09-29,8591.25,8967.361141051402,8792.077587949998,8616.794034848594
491,2016-09-30,8611.150391,8976.420942016419,8783.325097749997,8590.229253483576
492,2016-10-03,8738.099609,8975.628182286333,8781.497558649997,8587.36693501366
493,2016-10-04,8769.150391,8973.211220654935,8779.472558649997,8585.733896645059
494,2016-10-05,8743.950195,8947.715260898045,8769.520068399997,8591.32487590195
495,2016-10-06,8709.549805,8924.675692527017,8759.100048899996,8593.524405272976
496,2016-10-07,8697.599609,8886.544899040087,8746.355029349997,8606.165159659908
497,2016-10-10,8708.799805,8867.450835513344,8738.460009849996,8609.469184186648
498,2016-10-13,8573.349609,8879.856308573595,8731.347509849995,8582.838711126395
499,2016-10-14,8583.400391,8886.79855218927,8724.187548949996,8561.576545710723
500,2016-10-17,8520.400391,8899.07703491432,8713.080078249997,8527.083121585674
501,2016-10-18,8677.900391,8891.850636649735,8707.982617349997,8524.114598050259
502,2016-10-19,8659.099609,8879.271548270523,8700.517578249997,8521.763608229472
503,2016-10-20,8699.400391,8871.893353717049,8696.692578249997,8521.491802782944
504,2016-10-21,8693.049805,8863.545492611676,8692.487548949995,8521.429605288315
505,2016-10-24,8708.950195,8834.924830144464,8684.562548949996,8534.200267755528
506,2016-10-25,8691.299805,8811.201999282499,8677.550048949995,8543.898098617492
507,2016-10-26,8615.25,8806.7772833601,8672.160058699996,8537.542834039892
508,2016-10-27,8615.25,8803.50457144834,8667.602539149997,8531.700506851654
509,2016-10-28,8638.0,8793.648818312528,8662.245019599995,8530.841220887463
510,2016-11-01,8626.25,8792.313825400153,8663.995019599995,8535.676213799838
511,2016-11-02,8514.0,8802.368040632398,8659.137500049996,8515.906959467593
512,2016-11-03,8484.950195,8804.32616571741,8646.480029349997,8488.633892982585
513,2016-11-04,8433.75,8803.175941407284,8629.710009799997,8456.24407819271
514,2016-11-07,8497.049805,8791.738732697275,8617.364990299995,8442.991247902715
515,2016-11-08,8543.549805,8780.745416305224,8609.064990299996,8437.384564294767
516,2016-11-09,8432.0,8779.31115923584,8595.785009849995,8412.25886046415
517,2016-11-10,8525.75,8764.601158345993,8586.632519599996,8408.663880854
518,2016-11-11,8296.299805,8793.174313665075,8572.780029399995,8352.385745134916
519,2016-11-15,8108.450195,8851.630154526149,8549.032519599996,8246.434884673843
520,2016-11-16,8111.600098000001,8889.032806408788,8528.592504949997,8168.152203491205
521,2016-11-17,8079.950195,8903.460452237978,8498.694995149996,8093.929538062012
522,2016-11-18,8074.100098000001,8908.500602364262,8469.445019599996,8030.3894368357305
523,2016-11-21,7929.100098000001,8917.611919223982,8430.930004949996,7944.248090676011
524,2016-11-22,8002.299805,8902.407251477887,8396.392504949996,7890.377758422104
525,2016-11-23,8033.299805,8870.973865541851,8362.609985449995,7854.246105358139
526,2016-11-24,7965.5,8839.489873605124,8326.319995199996,7813.150116794868
527,2016-11-25,8114.299805,8803.856387420863,8301.272485449994,7798.688583479124
528,2016-11-28,8126.899901999999,8762.372582870923,8276.854980549995,7791.337378229068
529,2016-11-29,8142.149901999999,8709.775610911238,8252.062475649995,7794.3493403887505
530,2016-11-30,8224.5,8654.45000785289,8231.974975649995,7809.499943447099
531,2016-12-01,8192.900391,8617.138648496339,8215.919995199994,7814.701341903651
532,2016-12-02,8086.799805,8580.174318043724,8196.012475699994,7811.850633356265
533,2016-12-05,8128.75,8549.075953585741,8180.762475699994,7812.4489978142465
534,2016-12-06,8143.149901999999,8500.074480140222,8163.067480549995,7826.060480959769
535,2016-12-07,8102.049805,8427.049303919232,8140.992480549995,7854.935657180759
536,2016-12-08,8246.849609,8388.636222529882,8131.734960999995,7874.833699470108
537,2016-12-09,8261.75,8308.639079697488,8118.534960999995,7928.430842302501
538,2016-12-12,8170.799805,8285.165013982876,8112.259960999994,7939.354908017113
539,2016-12-13,8221.799805,8297.604815409031,8117.927441499994,7938.250067590957
540,2016-12-14,8182.450195,8303.40166716377,8121.469946349995,7939.538225536221
541,2016-12-15,8153.600098000001,8306.526268262658,8125.152441499993,7943.778614737328
542,2016-12-16,8139.450195,8308.269451351109,8128.4199463499945,7948.570441348879
543,2016-12-19,8104.350098000001,8291.39220688604,8137.182446349994,7982.97268581395
544,2016-12-20,8082.399901999999,8284.417180260994,8141.187451199995,7997.957722138996
545,2016-12-21,8061.299805,8281.869958074194,8142.5874511999955,8003.304944325798
546,2016-12-22,7979.100098000001,8278.99712595582,8143.267456099995,8007.53778624417
547,2016-12-23,7985.75,8289.468480895512,8136.839965849996,7984.21145080448
548,2016-12-26,7908.25,8309.679429414715,8125.907470749995,7942.135512085275
549,2016-12-27,8032.850098000001,8308.628372102368,8120.442480549995,7932.256588997622
550,2016-12-28,8034.850098000001,8296.157405451364,8110.959985449995,7925.762565448625
551,2016-12-29,8103.600098000001,8287.635864812368,8106.494970799994,7925.35407678762
552,2016-12-30,8185.799805,8295.703609799755,8111.444970799994,7927.1863318002315
553,2017-01-02,8179.5,8300.626891280004,8113.982470799994,7927.338050319984
554,2017-01-03,8192.25,8305.966637272672,8116.437475699994,7926.908314127316
555,2017-01-04,8190.5,8313.084235110504,8120.859985449994,7928.635735789484
556,2017-01-05,8273.799805,8318.485578192398,8122.207495249994,7925.929412307591
557,2017-01-06,8243.799805,8315.049162550642,8121.309985499994,7927.570808449345
558,2017-01-09,8236.049805,8323.93659685618,8124.5724854999935,7925.208374143806
559,2017-01-10,8288.599609,8336.174642037375,8127.912475699994,7919.650309362613
560,2017-01-11,8380.650391,8374.002743275963,8137.8224854999935,7901.6422277240235
561,2017-01-12,8407.200195,8415.697576092425,8150.502490349994,7885.3074046075635
562,2017-01-13,8400.349609,8451.172239789359,8163.547461049993,7875.922682310628
563,2017-01-16,8412.799805,8485.675155620153,8178.969946399993,7872.264737179834
564,2017-01-17,8398.0,8512.800468732265,8194.749951299993,7876.699433867721
565,2017-01-18,8417.0,8538.838544735483,8212.534961049994,7886.231377364506
566,2017-01-19,8435.099609,8556.647391836097,8235.334936599993,7914.022481363889
567,2017-01-20,8349.349609,8555.959176251385,8253.514917049994,7951.070657848602
568,2017-01-23,8391.5,8538.304195649347,8277.677417049994,8017.050638450642
569,2017-01-24,8475.799805,8547.828234929322,8299.824902399992,8051.821569870662
570,2017-01-25,8602.75,8578.515850469545,8328.219897499994,8077.923944530443
571,2017-01-27,8641.25,8618.943941634008,8355.102392599994,8091.26084356598
572,2017-01-30,8632.75,8656.20477603712,8377.449902349994,8098.695028662867
573,2017-01-31,8561.299805,8670.467811059423,8396.539892599994,8122.6119741405655
574,2017-02-01,8716.400391,8714.119156265966,8422.747412149994,8131.375668034024
575,2017-02-02,8734.25,8751.361307700954,8449.934912149994,8148.508516599034
576,2017-02-03,8740.950195,8789.297007309136,8473.292431649996,8157.287855990855
577,2017-02-06,8801.049805,8829.968232764546,8501.154931649995,8172.341630535444
578,2017-02-07,8768.299805,8852.366792890041,8527.767431649994,8203.168070409947
579,2017-02-08,8769.049805,8872.957829015078,8551.789941449995,8230.622053884912
580,2017-02-09,8778.400391,8897.451064499845,8571.677441449994,8245.903818400144
581,2017-02-10,8793.549805,8921.48783422578,8590.994921949994,8260.502009674208
582,2017-02-13,8805.049805,8942.131786886957,8611.229931749993,8280.328076613028
583,2017-02-14,8792.299805,8956.690830705236,8630.204931749993,8303.71903279475
584,2017-02-15,8724.700195,8956.37538988338,8646.539941499994,8336.704493116607
585,2017-02-16,8778.0,8959.839215786886,8664.589941499993,8369.3406672131
586,2017-02-17,8821.700195,8966.245820142114,8683.919970799994,8401.594121457874
587,2017-02-20,8879.200195,8957.829646902494,8710.412500099996,8462.995353297498
588,2017-02-21,8907.849609,8948.841707137279,8736.229980549995,8523.618253962712
589,2017-02-22,8926.900391,8949.669122938887,8758.785009849995,8567.900896761103
590,2017-02-23,8939.5,8967.957465608935,8775.622509849996,8583.287554091057
591,2017-02-27,8896.700195,8977.050420607338,8788.395019599997,8599.739618592655
592,2017-02-28,8879.599609,8978.503019820797,8800.737500049996,8622.971980279195
593,2017-03-01,8945.799805,8969.645255867712,8819.962500049996,8670.27974423228
594,2017-03-02,8899.75,8974.503174191996,8829.129980499996,8683.756786807997
595,2017-03-03,8897.549805,8978.514625136748,8837.294970749996,8696.075316363243
596,2017-03-06,8963.450195,8992.705301018328,8848.419970749996,8704.134640481663
597,2017-03-07,8946.900391,9004.58726862954,8855.712500049996,8706.837731470452
598,2017-03-08,8924.299805,9009.420905754661,8863.512500049996,8717.60409434533
599,2017-03-09,8927.0,9012.819491542195,8871.410009799996,8730.000528057797
600,2017-03-10,8934.549805,9016.177528324393,8879.217480499996,8742.257432675598
601,2017-03-14,9087.0,9053.250378752364,8893.889990249996,8734.529601747628
602,2017-03-15,9084.799805,9082.758327567934,8907.877490249997,8732.99665293206
603,2017-03-16,9153.700195,9123.730377529218,8925.947509749998,8728.164641970778
604,2017-03-17,9160.049805,9148.05036014075,8947.714990249997,8747.379620359243
605,2017-03-20,9126.849609,9164.016832944404,8965.157470699996,8766.298108455589
606,2017-03-21,9121.5,9178.672532221513,8980.147460949996,8781.62238967848
607,2017-03-22,9030.450195,9181.510811016622,8987.709960949996,8793.90911088337
608,2017-03-23,9086.299805,9191.381547080326,8996.632470749995,8801.883394419665
609,2017-03-24,9108.0,9203.59999072491,9005.687451199996,8807.774911675082
610,2017-03-27,9045.200195,9207.080044123275,9010.972460949995,8814.864877776716
611,2017-03-28,9100.799805,9213.451556783415,9021.177441449994,8828.903326116573
612,2017-03-29,9143.799805,9221.951457168798,9034.387451249993,8846.823445331189
613,2017-03-30,9173.75,9238.320563645286,9045.784960999994,8853.249358354702
614,2017-03-31,9173.75,9247.201064243523,9059.484960999995,8871.768857756466
615,2017-04-03,9237.849609,9264.10429314714,9076.499951199996,8888.895609252852
616,2017-04-05,9265.150391,9289.168088851111,9091.584960999995,8894.001833148879
617,2017-04-06,9261.950195,9306.579994830709,9107.337451199995,8908.094907569282
618,2017-04-07,9198.299805,9304.329641314996,9121.037451199994,8937.745261084992
619,2017-04-10,9181.450195,9294.24806518531,9133.759960949996,8973.271856714682
620,2017-04-11,9237.0,9285.567327992138,9148.882470699997,9012.197613407856
621,2017-04-12,9203.450195,9290.206565192093,9154.704980449997,9019.2033957079
622,2017-04-13,9150.799805,9289.49357856429,9158.004980449998,9026.516382335705
624,2017-04-18,9105.150391,9289.176392377953,9155.577490249996,9021.97858812204
625,2017-04-19,9103.5,9288.329330792178,9152.749999999996,9017.170669207815
626,2017-04-20,9136.400391,9288.489666327037,9153.227539099997,9017.965411872956
627,2017-04-21,9119.400391,9288.491585145226,9153.122558649997,9017.753532154768
628,2017-04-24,9217.950195,9287.682873468108,9162.497558649997,9037.312243831886
629,2017-04-25,9306.599609,9308.826357645215,9173.512548849998,9038.19874005478
630,2017-04-26,9351.849609,9338.923661474886,9185.705029299997,9032.486397125109
631,2017-04-27,9342.150391,9353.993994218294,9200.552539099997,9047.111083981701
632,2017-04-28,9304.049805,9363.258995609005,9210.715039099998,9058.17108259099
633,2017-05-02,9313.799805,9374.971055509104,9219.215039099998,9063.459022690891
634,2017-05-03,9311.950195,9385.606097874834,9226.125048849997,9066.64399982516
635,2017-05-04,9359.900391,9403.53815662399,9235.432568399998,9067.326980176005
636,2017-05-05,9285.299805,9407.387161978404,9237.805078199997,9068.22299442159
637,2017-05-08,9314.049805,9412.874880623947,9240.250048899998,9067.625217176048
638,2017-05-09,9316.849609,9418.7895937876,9242.995019599995,9067.20044541239
639,2017-05-10,9407.299805,9442.407326500084,9253.445019599996,9064.482712699908
640,2017-05-11,9422.400391,9465.527732457582,9265.492529399995,9065.457326342408
641,2017-05-12,9400.900391,9482.06331758817,9273.687548949996,9065.311780311822
642,2017-05-15,9445.400391,9504.812674844232,9285.785058749996,9066.75744265576
643,2017-05-16,9512.25,9535.285742019756,9303.857568499996,9072.429394980236
644,2017-05-17,9525.75,9556.727673006128,9324.887548949995,9093.047424893863
645,2017-05-18,9429.450195,9552.407305569122,9341.185058699997,9129.962811830872
646,2017-05-19,9427.900391,9546.74347197814,9355.760058699996,9164.776645421853
647,2017-05-22,9438.25,9530.055973920693,9371.702539149996,9213.349104379298
648,2017-05-23,9386.150391,9520.985385028058,9380.112548949995,9239.239712871933
649,2017-05-24,9360.549805,9519.767607428836,9382.810058749996,9245.852510071156
650,2017-05-25,9509.75,9537.965020848784,9390.705078299996,9243.445135751208
651,2017-05-26,9595.099609,9574.556622958738,9403.352539199996,9232.148455441253
652,2017-05-29,9604.900391,9605.033718355931,9418.395068499996,9231.756418644061
653,2017-05-30,9624.549805,9635.083341909283,9433.932568499997,9232.78179509071
654,2017-05-31,9621.25,9658.464439026395,9449.397558749995,9240.330678473596
655,2017-06-01,9616.099609,9679.422179711857,9462.207519649995,9244.992859588134
656,2017-06-02,9653.5,9697.112768170242,9480.617529399995,9264.122290629748
657,2017-06-05,9675.099609,9716.889618977235,9498.670019599997,9280.450420222758
658,2017-06-06,9637.150391,9723.532795418236,9514.685058699997,9305.837321981759
659,2017-06-07,9663.900391,9740.080357739851,9527.515087999996,9314.949818260142
660,2017-06-08,9647.25,9751.698604675063,9538.757568449997,9325.816532224932
661,2017-06-09,9668.25,9762.174341911003,9552.125048899998,9342.075755888993
662,2017-06-12,9616.400391,9766.307561226293,9560.675048899997,9355.042536573701
663,2017-06-13,9606.900391,9770.703929410485,9565.407568449997,9360.111207489508
664,2017-06-14,9618.150391,9775.724616683867,9570.027587999997,9364.330559316128
665,2017-06-15,9578.049805,9772.218842875542,9577.457568499996,9382.696294124451
666,2017-06-16,9588.049805,9767.059866320222,9585.465039199995,9403.870212079768
667,2017-06-19,9657.549805,9766.729185021692,9596.430029449995,9426.1308738783
668,2017-06-20,9653.5,9749.890881669537,9609.797509899994,9469.704138130452
669,2017-06-21,9633.599609,9700.142877166893,9623.450000099994,9546.757123033096
670,2017-06-22,9630.0,9684.389718866469,9629.462500099995,9574.535281333521
671,2017-06-23,9574.950195,9686.67644008475,9628.455029399996,9570.233618715243
672,2017-06-27,9511.400391,9701.66129533986,9623.780029399995,9545.89876346013
673,2017-06-28,9491.25,9714.972356616769,9617.115039149996,9519.257721683223
674,2017-06-29,9504.099609,9721.334466953533,9611.257519599996,9501.18057224646
675,2017-06-30,9520.900391,9723.69577892394,9606.497558699997,9489.299338476054
676,2017-07-03,9615.0,9719.767777837162,9604.572558699996,9489.37733956283
677,2017-07-04,9613.299805,9711.92983826923,9601.482568499996,9491.035298730761
678,2017-07-05,9637.599609,9711.9830187394,9601.505029399996,9491.027040060591
679,2017-07-06,9674.549805,9713.875984863658,9602.037500099996,9490.199015336333
680,2017-07-07,9665.799805,9716.67424870404,9602.964990349994,9489.255731995949
681,2017-07-10,9771.049805,9741.780558618924,9608.104980599994,9474.429402581063
682,2017-07-11,9786.049805,9772.208456016291,9616.587451299993,9460.966446583694
683,2017-07-12,9816.099609,9806.260932342919,9627.047412199992,9447.833892057066
684,2017-07-13,9891.700195,9855.337660765885,9640.724902399994,9426.112144034103
685,2017-07-14,9886.349609,9894.745231338804,9656.139892599993,9417.534553861182
686,2017-07-17,9915.950195,9935.280981776785,9672.534912099994,9409.788842423204
687,2017-07-18,9827.150391,9952.526029207884,9681.014941399995,9409.503853592107
688,2017-07-19,9899.599609,9981.382678296362,9693.319921849996,9405.25716540363
689,2017-07-20,9873.299805,10002.700345807181,9705.304931649995,9407.909517492808
690,2017-07-21,9915.25,10028.877997633144,9719.567431649995,9410.256865666846
692,2017-07-25,9964.549805,10058.902543797923,9739.047412149994,9419.192280502064
693,2017-07-26,10020.650391,10089.105204534357,9764.509912149993,9439.91461976563
694,2017-07-27,10020.549805,10107.983129487226,9790.974902399994,9473.966675312762
695,2017-07-28,10014.5,10118.065593961092,9816.494921949994,9514.924249938897
696,2017-07-31,10077.099609,10133.42657684625,9844.304882849992,9555.183188853734
697,2017-08-01,10114.650391,10161.315652665806,9869.287402399994,9577.259152134182
698,2017-08-02,10081.5,10173.15806159202,9892.697412149993,9612.236762707968
699,2017-08-03,10013.650391,10169.471944770488,9911.499951249994,9653.5279577295
700,2017-08-04,10066.400391,10172.265836058295,9931.092480549994,9689.919125041693
701,2017-08-07,10057.400391,10163.02163834901,9950.672509849996,9738.323381350981
702,2017-08-08,9978.549805,10156.009173431185,9961.047509849996,9766.085846268807
703,2017-08-09,9908.049805,10146.025944772617,9967.147509849996,9788.269074927375
704,2017-08-10,9820.25,10145.503783058815,9967.355029399996,9789.206275741177
705,2017-08-11,9710.799805,10168.177802462806,9958.310009899995,9748.442217337184
706,2017-08-14,9794.150391,10174.013880458595,9953.700048999995,9733.386217541396
707,2017-08-16,9897.299805,10173.9104553103,9952.767529499994,9731.624603689686
708,2017-08-17,9904.150391,10171.134087782115,9956.617529499994,9742.100971217873
709,2017-08-18,9837.400391,10173.244577034466,9953.507568599995,9733.770560165523
710,2017-08-21,9754.349609,10182.360680261389,9947.560058799994,9712.7594373386
711,2017-08-22,9765.549805,10188.369064664821,9940.075049049994,9691.781033435167
712,2017-08-23,9852.5,10185.483034152976,9934.472558799995,9683.462083447013
713,2017-08-24,9857.049805,10176.138433780263,9926.292529499993,9676.446625219724
714,2017-08-28,9912.799805,10166.808841230246,9920.905029499994,9675.001217769743
715,2017-08-29,9796.049805,10157.780840188945,9909.982519749992,9662.18419931104
716,2017-08-30,9884.400391,10135.44606475307,9900.347558849993,9665.249052946916
717,2017-08-31,9917.900391,10103.254323634488,9890.510058849994,9677.765794065499
718,2017-09-01,9974.400391,10082.491283277894,9885.155078399994,9687.818873522094
719,2017-09-04,9912.849609,10068.582764372512,9880.115039299993,9691.647314227475
720,2017-09-05,9952.200195,10045.200289694012,9874.405029499994,9703.609769305976
721,2017-09-06,9916.200195,10016.606364545138,9867.345019699995,9718.083674854852
722,2017-09-07,9929.900391,10008.001288480737,9864.912548999995,9721.823809519254
723,2017-09-08,9934.799805,10011.520010078193,9866.250048999995,9720.980087921796
724,2017-09-11,10006.049805,10031.773910133326,9875.540039249994,9719.306168366662
725,2017-09-12,10093.049805,10059.326543681736,9894.652539249993,9729.97853481825
726,2017-09-13,10079.299805,10085.864763771355,9908.910009949994,9731.955256128633
727,2017-09-14,10086.599609,10112.164769168272,9918.375000149994,9724.585231131716
728,2017-09-15,10085.400391,10134.896471512819,9927.437500149994,9719.97852878717
729,2017-09-18,10153.099609,10169.063450443735,9943.222461049994,9717.381471656254
730,2017-09-19,10147.549805,10187.95140245076,9962.882470849992,9737.813539249224
731,2017-09-20,10141.150391,10199.98220497687,9981.662500149994,9763.342795323118
732,2017-09-21,10121.900391,10213.1409600248,9995.132519699993,9777.124079375186
733,2017-09-22,9964.400391,10209.284954922889,10000.500048999995,9791.715143077101
734,2017-09-25,9872.599609,10211.5599745622,9998.490039199994,9785.420103837789
735,2017-09-26,9871.5,10202.52767452331,10002.262548949995,9801.99742337668
736,2017-09-27,9735.75,10222.651139280082,9994.830029399996,9767.00891951991
737,2017-09-28,9768.950195,10234.696893706277,9987.382519599996,9740.068145493715
738,2017-09-29,9788.599609,10240.931599451029,9978.092480499996,9715.253361548963
739,2017-10-03,9859.5,10242.106811934533,9975.425000049996,9708.74318816546
740,2017-10-04,9914.900391,10241.44467462973,9973.560009849996,9705.675345070262
741,2017-10-05,9888.700195,10241.58732962724,9972.185009849996,9702.782690072752
742,2017-10-06,9979.700195,10243.351340270987,9974.675000049996,9705.998659829005
743,2017-10-09,9988.75,10245.445821960517,9977.372509799996,9709.299197639475
744,2017-10-10,10016.950195,10246.280497672891,9977.917529299997,9709.554560927103
745,2017-10-11,9984.799805,10235.401753051692,9972.505029299999,9709.608305548305
746,2017-10-12,10096.400391,10237.82578814341,9973.3600586,9708.89432905659
747,2017-10-13,10167.450195,10251.454455598938,9977.4025879,9703.350720201062
748,2017-10-16,10230.849609,10277.846497714421,9984.6750488,9691.503599885578
749,2017-10-17,10234.450195,10293.770622700838,9988.7425781,9683.714533499162
750,2017-10-18,10210.849609,10305.078605331148,9991.907568300001,9678.736531268854
751,2017-10-19,10146.549805,10305.899108859769,9992.177539,9678.455969140232
752,2017-10-23,10184.849609,10315.718570093812,9995.3249999,9674.931429706188
753,2017-10-24,10207.700195,10341.141034244572,10007.489990099999,9673.838945955426
754,2017-10-25,10295.349609,10379.420939187872,10028.6274901,9677.834041012127
755,2017-10-26,10343.799805,10421.596794134486,10052.24248035,9682.888166565514
756,2017-10-27,10323.049805,10438.178997991981,10081.607470599998,9725.035943208015
757,2017-10-30,10363.650391,10457.15675303554,10111.342480399999,9765.528207764457
758,2017-10-31,10335.299805,10462.825131996235,10138.677490199998,9814.529848403761
759,2017-11-01,10440.5,10490.664424364973,10167.727490199997,9844.790556035021
760,2017-11-02,10423.799805,10512.405689950016,10193.172460899998,9873.93923184998
761,2017-11-03,10452.5,10526.658066248947,10221.362451149997,9916.066836051046
762,2017-11-06,10451.799805,10544.539946641591,10244.967431649995,9945.394916658399
763,2017-11-07,10350.150391,10540.305365065917,10263.037451199994,9985.769537334072
764,2017-11-08,10303.150391,10529.547335347284,10277.347460999994,10025.147586652703
765,2017-11-09,10308.950195,10504.95812091738,10293.554980499996,10082.151840082612
766,2017-11-10,10321.75,10494.930198601958,10304.822460949996,10114.714723298033
767,2017-11-13,10224.950195,10490.662886796808,10307.697460949996,10124.732035103183
768,2017-11-14,10186.599609,10493.367254889174,10305.484960949996,10117.602667010819
769,2017-11-15,10118.049805,10503.358410822144,10299.664941449995,10095.971472077847
770,2017-11-16,10214.75,10503.202561869019,10299.859960999995,10096.51736013097
771,2017-11-17,10283.599609,10497.12766287919,10306.712451199995,10116.297239520802
772,2017-11-20,10298.75,10494.089355460032,10312.407470749995,10130.725586039958
773,2017-11-21,10326.900391,10493.281267528531,10318.367480549994,10143.453693571457
774,2017-11-22,10342.299805,10495.588282135634,10320.714990349994,10145.841698564354
775,2017-11-23,10348.75,10495.987311412931,10320.962500099995,10145.937688787059
776,2017-11-24,10389.700195,10502.004659693888,10324.295019599997,10146.585379506105
777,2017-11-27,10399.549805,10506.182598603975,10326.089990299995,10145.997381996016
778,2017-11-28,10370.25,10508.981589774805,10327.837500049996,10146.693410325188
779,2017-11-29,10361.299805,10497.977198158977,10323.877490299996,10149.777782441015
780,2017-11-30,10226.549805,10486.622665642915,10314.014990299995,10141.407314957074
781,2017-12-01,10121.799805,10477.43269020875,10297.479980549995,10117.52727089124
782,2017-12-04,10127.75,10461.079948226203,10281.277490299995,10101.475032373788
783,2017-12-05,10118.25,10460.36434137988,10269.682470749995,10079.000600120109
784,2017-12-06,10044.099609,10471.51018431208,10256.729931649996,10041.949678987912
785,2017-12-07,10166.700195,10466.527206677341,10249.617431649995,10032.707656622648
786,2017-12-08,10265.650391,10461.231313267346,10246.812451199996,10032.393589132646
787,2017-12-11,10322.25,10468.410545748136,10251.677441449994,10034.944337151852
788,2017-12-12,10240.150391,10469.016156493028,10254.354980549995,10039.693804606963
789,2017-12-13,10192.950195,10465.229855356953,10258.100000049995,10050.970144743038
790,2017-12-14,10252.099609,10466.12287568647,10259.967480499996,10053.812085313522
791,2017-12-15,10333.25,10470.985654041466,10262.450000049996,10053.914346058526
792,2017-12-18,10388.75,10482.548464634334,10266.950000049996,10051.351535465657
793,2017-12-19,10463.200195,10505.365382480904,10273.764990249996,10042.164598019088
794,2017-12-20,10444.200195,10521.050007673954,10278.860009749998,10036.670011826043
795,2017-12-21,10440.299805,10534.487968866892,10283.437499999996,10032.387031133101
796,2017-12-22,10493.0,10552.766013642851,10288.602490249996,10024.43896685714
797,2017-12-26,10531.5,10577.030704904573,10295.199999999997,10013.369295095421
798,2017-12-27,10490.75,10594.721841937027,10301.224999999997,10007.728158062966
799,2017-12-28,10477.900391,10610.054876037753,10307.055029299998,10004.055182562242
800,2017-12-29,10530.700195,10638.491315043439,10322.2625488,10006.03378255656
802,2018-01-02,10442.200195,10644.041300732117,10338.282568300001,10032.523835867885
803,2018-01-03,10443.200195,10646.3340422998,10354.055078050002,10061.776113800202
804,2018-01-04,10504.799805,10650.74879656366,10373.3825683,10096.01634003634
805,2018-01-05,10558.849609,10641.107233917215,10399.1200683,10157.132902682786
806,2018-01-08,10623.599609,10657.75428811826,10421.965038999999,10186.175789881738
807,2018-01-09,10637.0,10682.886955920972,10440.53251945,10198.178082979028
808,2018-01-10,10632.200195,10706.056020876571,10456.0300292,10206.004037523428
809,2018-01-11,10651.200195,10719.362910440926,10476.5825194,10233.802128359075
810,2018-01-12,10681.25,10720.803959914005,10500.99750965,10281.191059385996
811,2018-01-15,10741.549805,10737.444608853573,10525.47001945,10313.495430046427
812,2018-01-16,10700.450195,10749.210576079571,10543.8300292,10338.44948232043
813,2018-01-17,10788.549805,10783.008240383353,10563.820019449999,10344.631798516644
814,2018-01-18,10817.0,10822.52695617067,10581.5100097,10340.493063229329
815,2018-01-19,10894.700195,10873.54143761437,10604.0350097,10334.528581785627
816,2018-01-22,10966.200195,10933.136546525111,10630.3300292,10327.52351187489
817,2018-01-23,11083.700195,11016.685684516835,10659.86503895,10303.044393383165
818,2018-01-24,11086.0,11086.14388040088,10687.59003895,10289.036197499121
819,2018-01-25,11069.650391,11138.306350997724,10716.535058500001,10294.76376600228
820,2018-01-29,11130.400391,11193.547882601219,10749.160058500001,10304.772234398784
821,2018-01-30,11049.650391,11226.336724497727,10775.1075683,10323.878412102273
822,2018-01-31,11027.700195,11240.386436590312,10804.3825683,10368.378700009687
823,2018-02-01,11016.900391,11243.773400587035,10833.067578099999,10422.361755612963
824,2018-02-02,10760.599609,11228.49295711392,10845.8575683,10463.22217948608
825,2018-02-05,10666.549805,11219.637241281496,10851.2425781,10482.847914918504
826,2018-02-06,10498.25,11233.397357006485,10844.97509765,10456.552838293515
827,2018-02-07,10476.700195,11249.329195075046,10836.9601074,10424.591019724954
828,2018-02-08,10576.849609,11253.039848723245,10834.192578099999,10415.345307476753
829,2018-02-09,10454.950195,11269.64044929806,10824.380078099999,10379.119706901938
830,2018-02-12,10539.75,11276.42247871709,10817.3050781,10358.18767748291
831,2018-02-14,10500.900391,11284.904966269094,10805.2726074,10325.640248530906
832,2018-02-15,10545.5,11289.14279030421,10797.52509765,10305.907404995789
833,2018-02-16,10452.299805,11296.04887690497,10780.71259765,10265.376318395029
834,2018-02-19,10378.400391,11304.075274230145,10758.7826172,10213.489960169856
835,2018-02-20,10360.400391,11301.156535930486,10732.067627,10162.978718069515
836,2018-02-21,10397.450195,11280.248640503562,10703.630127,10127.01161349644
837,2018-02-22,10382.700195,11233.016508704513,10668.580127,10104.143745295485
838,2018-02-23,10491.049805,11172.513857778667,10638.832617249998,10105.15137672133
839,2018-02-26,10582.599609,11108.352358606058,10614.480078149998,10120.607797693938
840,2018-02-27,10554.299805,11015.956472417438,10585.675048849998,10155.393625282559
841,2018-02-28,10492.849609,10929.818903031084,10557.835009749997,10185.85111646891
842,2018-03-01,10458.349609,10830.307456367933,10529.367480449997,10228.427504532061
843,2018-03-05,10358.849609,10701.619359330825,10496.464941349997,10291.31052336917
844,2018-03-06,10249.25,10664.584009476146,10470.897460899996,10277.210912323846
845,2018-03-07,10154.200195,10663.929417702444,10445.279980399999,10226.630543097554
846,2018-03-08,10242.650391,10667.389607872818,10432.499999949998,10197.610392027178
847,2018-03-09,10226.849609,10671.022051003345,10420.007470649998,10168.992890296651
848,2018-03-12,10421.400391,10652.1840301068,10412.235009749998,10172.285989393196
849,2018-03-13,10426.849609,10650.053855368347,10410.829980449997,10171.606105531646
850,2018-03-14,10410.900391,10635.805471599764,10404.387499999997,10172.96952840023
851,2018-03-15,10360.150391,10624.938952678152,10397.349999999997,10169.761047321841
852,2018-03-16,10195.150391,10613.266153086535,10379.832519549997,10146.398886013458
853,2018-03-19,10094.25,10625.000712570458,10361.930029299998,10098.859346029538
854,2018-03-20,10124.349609,10632.693061927941,10349.227490199997,10065.761918472053
855,2018-03-21,10155.25,10635.288990780282,10338.969970649998,10042.650950519714
856,2018-03-22,10114.75,10636.006687601614,10324.834960899996,10013.663234198379
857,2018-03-23,9998.049805,10647.7241843637,10305.602441399995,9963.48069843629
858,2018-03-26,10130.650391,10626.52749703997,10287.582470699996,9948.637444360022
859,2018-03-27,10184.150391,10579.335521202134,10267.660009799996,9955.984498397858
860,2018-03-28,10113.700195,10533.364397845678,10245.630029299999,9957.895660754319
861,2018-04-02,10211.799805,10494.890473347254,10231.577539099997,9968.26460485274
862,2018-04-03,10245.0,10461.879053974197,10220.910058649997,9979.941063325798
863,2018-04-04,10128.400391,10444.553450227726,10209.387597749997,9974.221745272269
864,2018-04-05,10325.150391,10453.45137735848,10213.182617299997,9972.913857241514
865,2018-04-06,10331.599609,10466.219591337218,10222.052587999997,9977.885584662776
866,2018-04-09,10379.349609,10482.935615520917,10228.887548899997,9974.839482279076
867,2018-04-10,10402.25,10503.256838076806,10237.657568449997,9972.058298823187
868,2018-04-11,10417.150391,10502.431448440893,10237.445068449997,9972.4586884591
869,2018-04-12,10458.650391,10509.139030148583,10239.035107549997,9968.93118495141
870,2018-04-13,10480.599609,10523.538684211295,10242.520068449998,9961.5014526887
871,2018-04-16,10528.349609,10555.823981937794,10250.930029349996,9946.036076762199
872,2018-04-17,10548.700195,10599.751425727629,10268.607519549998,9937.463613372367
873,2018-04-18,10526.200195,10629.706755399662,10290.205029299997,9950.703303200333
874,2018-04-19,10565.299805,10663.472672806549,10312.252539099998,9961.032405393447
875,2018-04-20,10564.049805,10692.907441173918,10332.692529349997,9972.477617526076
876,2018-04-23,10584.700195,10717.853295090361,10356.190039099998,9994.526783109635
877,2018-04-24,10614.349609,10724.391935049593,10387.005029299999,10049.618123550405
878,2018-04-25,10570.549805,10733.114193391793,10408.999999999996,10084.8858066082
879,2018-04-26,10617.799805,10749.4382658219,10430.682470699996,10111.926675578092
881,2018-04-30,10739.349609,10772.431737687028,10461.964941399996,10151.498145112964
882,2018-05-02,10718.049805,10794.39756494314,10487.277441399996,10180.157317856852
883,2018-05-03,10679.650391,10805.26593272588,10509.009960949996,10212.75398917411
884,2018-05-04,10618.25,10772.785675151134,10533.502441399996,10294.219207648859
885,2018-05-07,10715.5,10784.291968014619,10553.019921849995,10321.74787568537
886,2018-05-08,10717.799805,10789.842197356353,10572.329931649994,10354.817665943636
887,2018-05-09,10741.700195,10800.51512726571,10590.447460949996,10380.379794634282
888,2018-05-10,10716.549805,10803.595618863357,10606.162451199994,10408.729283536632
889,2018-05-11,10806.5,10821.365646703834,10625.629931649995,10429.894216596156
890,2018-05-14,10806.599609,10838.124484389673,10643.027392549995,10447.930300710317
891,2018-05-15,10801.849609,10850.74764170584,10659.089892549995,10467.43214339415
892,2018-05-16,10741.099609,10854.317826571987,10669.727392549994,10485.136958528
893,2018-05-17,10682.700195,10852.03020132482,10676.427392549995,10500.82458377517
894,2018-05-18,10596.400391,10845.411109819806,10679.937402349995,10514.463694880184
896,2018-05-22,10536.700195,10848.582683401872,10678.507421849996,10508.43216029812
897,2018-05-23,10430.349609,10869.165042872475,10671.822412049996,10474.479781227517
898,2018-05-24,10513.849609,10874.549342048998,10668.279882749996,10462.010423450993
899,2018-05-25,10605.150391,10874.636038375058,10667.819921849996,10461.003805324934
900,2018-05-28,10688.650391,10875.530667594634,10673.724951149996,10471.919234705358
901,2018-05-29,10633.299805,10875.5188856447,10674.499951149995,10473.48101665529
902,2018-05-30,10614.349609,10868.55090506321,10668.249951149995,10467.948997236781
903,2018-05-31,10736.150391,10870.563863014662,10669.154980449997,10467.746097885332
904,2018-06-01,10696.200195,10871.708653264252,10669.982470649997,10468.256288035742
905,2018-06-04,10628.5,10871.719220679264,10670.494970649997,10469.27072062073
906,2018-06-05,10593.150391,10867.273083933149,10664.377490199997,10461.481896466845
907,2018-06-06,10684.650391,10864.315527437831,10662.720019499999,10461.124511562166
908,2018-06-07,10768.349609,10868.182371140638,10664.052490199998,10459.922609259358
909,2018-06-08,10767.650391,10874.744004521102,10666.607519499998,10458.471034478893
910,2018-06-11,10786.950195,10871.16764347323,10665.630029249998,10460.092415026766
911,2018-06-12,10842.849609,10878.772045207086,10667.442529249998,10456.11301329291
912,2018-06-13,10856.700195,10890.107797190838,10670.18505855,10450.262319909161
913,2018-06-14,10808.049805,10899.942652988977,10673.53256835,10447.122483711022
914,2018-06-15,10817.700195,10915.713308962355,10680.28256835,10444.851827737644
915,2018-06-18,10799.849609,10928.195151868518,10690.455029249999,10452.71490663148
916,2018-06-19,10710.450195,10925.659191823257,10699.142529249999,10472.62586667674
917,2018-06-20,10772.049805,10905.936140078138,10716.227539049998,10526.518938021858
918,2018-06-21,10741.099609,10891.765230048124,10727.59003905,10563.414848051874
919,2018-06-22,10821.849609,10897.086881366857,10738.424999949999,10579.763118533141
920,2018-06-25,10762.450195,10899.328852313378,10742.11499015,10584.90112798662
921,2018-06-26,10769.150391,10897.847169511158,10748.90751945,10599.967869388842
922,2018-06-27,10671.400391,10891.766168244632,10751.76005855,10611.753948855368
923,2018-06-28,10589.099609,10902.182635607953,10744.40751945,10586.632403292047
924,2018-06-29,10714.299805,10902.128072564376,10745.312499949998,10588.49692733562
925,2018-07-02,10657.299805,10899.528515466896,10746.752490199997,10593.976464933097
926,2018-07-03,10699.900391,10888.895020273323,10752.089990199998,10615.284960126673
927,2018-07-04,10769.900391,10889.575619150426,10756.352490199997,10623.129361249568
928,2018-07-05,10749.75,10888.552659492327,10755.422509749998,10622.29236000767
930,2018-07-09,10852.900391,10899.742376032606,10759.685009749997,10619.62764346739
931,2018-07-10,10947.25,10930.781346607799,10767.699999999997,10604.618653392195
932,2018-07-11,10948.299805,10952.293794705392,10772.972509799996,10593.6512248946
933,2018-07-12,11023.200195,10990.032568246514,10781.297509799997,10572.56245135348
935,2018-07-16,10936.849609,11007.598864337055,10787.737499999997,10567.87613566294
936,2018-07-17,11008.049805,11038.05996501744,10797.254980499996,10556.449995982552
937,2018-07-18,10980.450195,11060.662006705892,10806.285009799996,10551.9080128941
938,2018-07-19,10957.099609,11077.310675563744,10818.617480499996,10559.924285436247
939,2018-07-20,11010.200195,11101.810404674326,10830.524999999998,10559.23959532567
940,2018-07-23,11084.75,11138.009932382229,10847.707519549997,10557.405106717764
941,2018-07-24,11134.299805,11180.18757065854,10863.330029349996,10546.472488041452
942,2018-07-25,11132.0,11216.49426749586,10881.807519599995,10547.12077170413
943,2018-07-26,11167.299805,11255.033203779118,10901.714990299995,10548.396776820873
944,2018-07-27,11278.349609,11305.763658492786,10932.062451199996,10558.361243907206
945,2018-07-30,11319.549805,11343.928979303102,10968.584960999995,10593.240942696888
946,2018-07-31,11356.5,11393.898001138858,11000.694970749995,10607.491940361133
947,2018-08-01,11346.200195,11422.333778943832,11035.139990249996,10647.94620155616
948,2018-08-02,11244.700195,11426.220588033599,11062.379980449998,10698.539372866397
949,2018-08-03,11360.799805,11451.707609890305,11091.924951149997,10732.142292409688
950,2018-08-06,11387.099609,11468.554919639582,11123.792431599995,10779.029943560408
951,2018-08-07,11389.450195,11490.089426667771,11150.619921799997,10811.150416932222
952,2018-08-08,11450.0,11526.10133268492,11175.757421799997,10825.413510915074
953,2018-08-09,11470.700195,11558.654897853035,11201.877441299997,10845.09998474696
955,2018-08-13,11355.75,11571.193840686175,11218.504931549996,10865.816022413817
956,2018-08-14,11435.099609,11582.462793189925,11243.417431549997,10904.372069910069
957,2018-08-16,11385.049805,11587.86848111402,11262.267431549997,10936.666381985975
958,2018-08-17,11470.75,11596.485348424292,11286.782421799997,10977.079495175702
959,2018-08-20,11551.75,11606.50120025276,11316.514941349997,11026.528682447233
960,2018-08-21,11570.900391,11617.77672869509,11344.549951149997,11071.323173604904
961,2018-08-23,11582.75,11633.604686704773,11369.449951149996,11105.295215595219
962,2018-08-24,11557.099609,11642.915132384278,11390.589941349997,11138.264750315717
963,2018-08-27,11691.950195,11674.340227825527,11418.587451099997,11162.834674374466
964,2018-08-28,11738.5,11712.151976416777,11447.147460849998,11182.142945283218
965,2018-08-29,11691.900391,11741.759370729966,11467.824999949999,11193.890629170031
966,2018-08-30,11676.799805,11765.440678825747,11485.687499949998,11205.934321074248
967,2018-08-31,11680.5,11787.602648937707,11501.887499949999,11216.17235096229
968,2018-09-03,11582.349609,11791.735002602472,11513.694970649998,11235.654938697524
969,2018-09-04,11520.299805,11775.0282029467,11527.474951149996,11279.921699353292
970,2018-09-05,11476.950195,11769.565089224436,11533.282470649998,11296.99985207556
971,2018-09-06,11536.900391,11766.819387438283,11540.772509749997,11314.72563206171
972,2018-09-07,11589.099609,11766.042170764928,11550.754980449998,11335.467790135068
973,2018-09-10,11438.099609,11766.681900304138,11550.159960899997,11333.638021495855
975,2018-09-12,11369.900391,11773.781956022458,11545.119970699996,11316.457985377534
976,2018-09-14,11515.200195,11764.415595839873,11553.092480449997,11341.769365060121
977,2018-09-17,11377.75,11769.689011949977,11550.224999999997,11330.760988050017
978,2018-09-18,11278.900391,11785.33469440734,11544.917529299997,11304.500364192654
979,2018-09-19,11234.349609,11809.430381690398,11533.097509749998,11256.764637809598
980,2018-09-21,11143.099609,11839.08416102474,11512.664990199997,11186.245819375254
982,2018-09-25,11067.450195,11868.14614357071,11487.492480399998,11106.838817229287
